CREATE SCHEMA IF NOT EXISTS cfg_5_2;
CREATE TABLE IF NOT EXISTS "cfg_5_2".experiment(
id bigint primary key, 
 primscreen varchar(256),
sample_name varchar(256),
species  varchar(256),
protein_family varchar(256) ,
investigator  varchar(256), 
request varchar(256), 
date Date, 
sample_data_id bigint, 
experiment_data_id bigint, 
request_data_id bigint, 
filename varchar(256) );
CREATE TABLE IF NOT EXISTS "cfg_5_2".experiment_link(
experiment_id bigint,
link_id bigint );
CREATE TABLE IF NOT EXISTS "cfg_5_2".sampledata(
id bigint primary key,
title text,
"Swiss_Prot" text,
"-546303161" text,
"-1790003555" text,
"Primary_Sequence" text,
"27291108" text,
"Condition_of_storage" text,
"-782475580" text,
"Name" text,
"Organism_Cells" text,
"-861196869" text,
"Status" text,
"-1051843856" text,
"790714772" text,
"-188920193" text,
"443812426" text,
"1943838091" text,
"Sub_Family" text,
"1281541380" text,
"-100409677" text,
"953343693" text,
"65299273" text,
"Complete_Name" text,
"Spec_Sci_Name" text,
"-227934913" text,
"Mutation_Chimera" text,
"-677687632" text,
"2102082671" text,
"-1020686480" text,
"-116683742" text,
"Gen_Bank" text,
"1799653750" text,
"69234834" text,
"Adjuvant" text,
"207605457" text,
"1001016772" text,
"-1801243311" text,
"Estimated_purity" text,
"987326654" text,
"75611650" text,
"Comments" text,
"-728300322" text,
"-1958838658" text,
"-436221455" text,
"2119431185" text,
"473641455" text,
"114605882" text,
"-1726439334" text,
"-1585180357" text,
"Family" text,
"Sample_Name" text,
"-1396494765" text
);
CREATE TABLE IF NOT EXISTS "cfg_5_2".experimentdata(
id bigint primary key,
title text,
"Status" text,
"Brief_Comments" text,
"1505767802" text,
"-491792363" text,
"Title" text,
"-1183338289" text,
"Glycan_Array_Version" text,
"1635439566" text,
"1137989877" text,
"Annotation" text,
"819836718" text,
"Protocol_Id" text,
"Result_Nature" text,
"-1100022276" text,
"Assay_Information" text,
"-1069682899" text,
"-786589929" text,
"Replicate_Number" text
);
CREATE TABLE IF NOT EXISTS "cfg_5_2".requestdata(
id bigint primary key,
title text,
"Amount_Requested" text,
"1339104825" text,
"Assigned_First_Name" text,
"CFG_Member?" text,
"Institution" text,
"-643239159" text,
"447911925" text,
"Project_Description" text,
"Material_Requested" text,
"Shipping_Address" text,
"Requester_Last_Name" text,
"Requester_Email" text,
"2039874986" text,
"Status" text,
"Request_ID" text,
"Comments" text,
"-1475790216" text,
"Requester_First_Name" text,
"GBP_being_Addressed" text,
"Assigned_Last_Name" text,
"-1235327866" text,
"Request_Date" text,
"5943919" text,
"Requester_Interest" text,
"CFG_Core" text,
"Resource_Type" text
);
CREATE TABLE IF NOT EXISTS "cfg_5_2".protocoldata(
id bigint primary key,
title text,
"Category" text,
"Keyword" text,
"Date__mm_dd_yyyy_" text,
"Title" text,
"Overview" text,
"Core" text
);
CREATE TABLE "cfg_5_2".link(
id bigint primary key, 
linkText varchar(256),
href varchar(256),
parentCell  INT);
insert into cfg_5_2.sampledata (id, title, "Name", "Complete_Name", "Family", "Sub_Family", "Spec_Sci_Name", "Estimated_purity", "Mutation_Chimera", "1001016772", "Status", "Primary_Sequence", "Comments", "-436221455", "Gen_Bank", "Swiss_Prot") values (1, E'Glycan Binding Protein : cbp_3285', E'Streptosporangium roseum F-type lectin a-L-fucosidase', E'S. roseum fucosidase, S. roseum FLD', E'Viral / Bacterial Lectin', E'F-type lectin/ CBM47', E'Streptosporangium roseum', E'>85% purity, contaminants are expected to be E. coli BL21-DE3 proteins', E'C-ter hexahistidine tagged wildtype full length or separate domains, mutations in FLD and/or fucosidase domain', E'04/11/2014', E'Not Finalized', E'MRRKLLLVPA VGLLVIGSIF ATQPVASADT PPVYEPTVES LNSHPVPQWF NDDKFGIFIH
WGAYSVPAWG PRGSYAEWYG NYMNAGGSAT NAHHKATYGQ DFNYDAFLQQ WKAEKFDPAD
WVKLFKDAGA KYFVLTSKHH EGMALWDSKS SGRDSVDLGP GRDLAKELFD AARKDEAKLK
AGFYYSLYEW YNPAYTGRPA TNPYTGAEIP YTGAPGGGDY VKDYMLPQMR ELIDGYDPDI
IWCDGQWEKP ASYWNTAGVI ADYYNKALNS GKEVAVANRC KIQSGNLDSP ELDFQTPEYT
VKPDIDPVKW ESSRGIAHSY GYNQNEPEED HLTSDQLVDS LVDIVSKNGN LLLDIGPKAD
GTIPEIQRQR LLDIGAWLKA NGEAIYGTTY WNRAEEKGGP DDVRYTAKDA TLYATALKWP
GEQLTLGADL PVDHSTRITM LGSGARLSWS RDEQGRVVVN TPQEAGKHAY VFKIETPGVR
SLLRTSSSLA KEIAPGRTIS GELTVTNPGK RHTPATKLSL TVPQGWTATL GAPRVRPLGP
GESVKVPISV SAPEGVAPAP YTLGLYQRTG RMGTTTALPL TVNRPNLSLG KPATQKSTGY
DAPASRAVDG NTGGDWSAGS TTHTAEPEKQ AWWQVDLGAS ARLDSVDVWN RLDCCADRLK
DFWVMASDQP FTTDDLDQAR TAPGVTAVHV GEQAGSPSKV KLPEGTRGRY VRIQLASPSN
PLSLAEVQVR GSrFLD(pro teinwithju stF-typele ctindomain )MARPNLSLG
KPATQKSTGY DAPASRAVDG NTGGDWSAGS TTHTAEPEKQ AWWQVDLGAS ARLDSVDVWN
RLDCCADRLK DFWVMASDQP FTTDDLDQAR TAPGVTAVHV GEQAGSPSKV KLPEGTRGRY
VRIQLASPSN PLSLAEVQVR LEHHHHHHSr NPCBM(prot einwithNPC BM-associa
teddomain) MAVRSLLRTS SSLAKEIAPG RTISGELTVT NPGKRHTPAT KLSLTVPQGW
TATLGAPRVR PLGPGESVKV PISVSAPEGV APAPYTLGLY QRTGRMGTTT ALPLTVNLEH
HHHHH', E'Hemagglutination for confirming lectin activity A 2% suspension of human type-O erythrocytes is made in 20 mM Tris HCl, 10 mM CaCl2 0.15 M NaCl, pH 7.5 25 microlitres of the erythrocyte suspension is mixed with 25 microlitres of the recombinant protein solution in a U-bottomed microtitre plate and incubated at 37 C Hemagglutination is observed after 1 hour', E'The gene encoding full length or separate F-type lectin domain or NPCBM associated domain of Streptosporangium roseum fucosidase without signal peptide and stop codon was cloned within NcoI and XhoI sites in pET28a(+) to enable expression of C-terminal His tagged protein. Cultures were grown till OD of 0.8, induced with 0.1 mM IPTG at 20 C for 10 hours, and then protein was purified from lysate by metal ion affinity chromatography. Lectin activity was confirmed by hemagglutination assay using type O erythrocytes.', E'GenBank:ACZ87343.1', E'Swiss Prot:D2B1P1_STRRD');
insert into cfg_5_2.experimentdata (id, title, "Status", "Title", "-1100022276", "Glycan_Array_Version", "Protocol_Id", "Replicate_Number", "Result_Nature", "1505767802", "-1183338289", "-491792363", "Assay_Information", "Annotation", "1635439566", "1137989877") values (1, E'Primary Screen : primscreen_6593', E'Public', E'The purpose of this request is to perform the analysis of Streptosporangium roseum fucosidase protein containing a fucosidase domain, an NPCBM domain and an F-type lectin domain, on the glycan array.', E'cfg_rRequest_3001', E'PA_v52', E'Protocol Tertiary step', E'1', E'Data', E'100 micrograms/ml', E'08/08/2014', E'Ramya TNC', E'Sample was diluted in binding buffer containing 10 mM CaCl2 and was detected with anti-His (Sigma, sent by PI, 1:1000) followed by detected with anti-rabbit IgG-488 (Invitrogen, 5 ug/ml).', E'WT FTP', E'Streptosporangium roseum F-type lectin a-L-fucosidase', E'Download');
insert into cfg_5_2.requestdata (id, title, "Request_ID", "Status", "Project_Description", "CFG_Member?", "Requester_First_Name", "Requester_Last_Name", "447911925", "1339104825", "Assigned_First_Name", "Assigned_Last_Name", "Requester_Email", "Request_Date", "Institution", "Shipping_Address", "CFG_Core", "Resource_Type", "Amount_Requested", "-1475790216", "-643239159", "2039874986", "-1235327866", "GBP_being_Addressed", "5943919") values (1, E'cfg_rRequest_3001', E'cfg_rRequest_3001', E'Approved', E'The purpose of this request is to perform the analysis of Streptosporangium roseum fucosidase protein containing a fucosidase domain, an NPCBM domain and an F-type lectin domain, on the glycan array.', E'Yes subgroups :1 :Glycans in host-microbe interactions', E'Ramya', E'TNC', E'Ramya', E'TNC', E'Ramya', E'TNC', E'ramya@imtech.res.in', E'01/30/2014', E'Institute of Microbial Technology', E'Sector 39 A Chandigarh 160036 Tel: 91-172-6665243', E'H', E'MicroArray', E'', E'02/20/2014', E'We are working on a Streptosporangium roseum fucosidase protein containing a fucosidase domain, an NPCBM domain and an F-type lectin domain. We have demonstrated fucose binding of the recombinantly expressed protein through hemagglutination assays. We would like to use glycan array screening in order to (1) establish the oligosaccharide specificity of binding, (2) determine oligosaccharide specificity of binding of wildtype sequence, polypeptide sequence truncated to contain only 1 or 2 of the 3 domains present, and mutants with residues in loops of the F-type lectin domain implicated in fucose binding altered.', E'Y', E'Ramya TNC', E'The GBP is his-tagged, and will be detected by mouse anti-His antibody and fluorophore labeled anti-mouse antibody.', E'* 1. Define the specificity and affinity for carbohydrate ligands * 3. Identify the ligand(s) that mediate GBP binding');
insert into "cfg_5_2".link (id, linkText, href, parentCell) values (1, E'Streptosporangium roseum F-type lectin a-L-fucosidase:WT FTP', E'http://www.functionalglycomics.org:80/glycomics/GBPServlet?pageType=view&view=view&operationType=view&cbpId=cbp_3285&sideMenu=no', 0);
insert into "cfg_5_2".experiment_link(experiment_id, link_id) values (1, 1);
insert into "cfg_5_2".link (id, linkText, href, parentCell) values (2, E'PROTEIN View:cbp_3285', E'http://www.functionalglycomics.org:80/glycomics/GBPServlet?pageType=view&view=view&operationType=view&cbpId=cbp_3285&sideMenu=no', 0);
insert into "cfg_5_2".experiment_link(experiment_id, link_id) values (1, 2);
insert into "cfg_5_2".link (id, linkText, href, parentCell) values (3, E' Glycan Array:3001', E'/glycomics/ResourceServlet?operation=viewById&resourceRequestId=cfg_rRequest_3001&View=View', 0);
insert into "cfg_5_2".experiment_link(experiment_id, link_id) values (1, 3);
insert into cfg_5_2.protocoldata (id, title, "Title", "Core", "Category", "Keyword", "Date__mm_dd_yyyy_", "Overview") values (1, E'Protocol : cfgPTC_247', E'Protocol Tertiary step', E'H', E'Lectin-Glycan Binding', E'Unlabeled Sample and Unlabeled Primary (3 step)', E'02/13/2009', E'Unlabeled sample is diluted to an appropriate concentration in standard binding buffer (TSM, 1% BSA and 0.05% Tween 20).  Seventy microliters is applied to the printed surface of the array, cover slip is applied, and incubated at room temperature in a humidified chamber away from light for one hour.  The cover slip was removed and the slide is rinsed 4 times in standard TSM washing buffer containing 0.05 percent Tween and 4 times in TSM buffer without Tween. A second step is performed with seventy microliters of antibody/reagent specific for the unlabeled sample diluted in TSM binding buffer is added to the slide for one hour at room temperature in a humidified chamber away from light as described.  Washes were performed as above. A tertiary step is performed with seventy microliters of fluorescently labeled antibody/reagent to the antibody/reagent in the second step, diluted in TSM buffer for one hour in a humidified chamber away from light as described. Washes are performed as above, followed by 4 washes in distilled water. 
');
insert into "cfg_5_2".link (id, linkText, href, parentCell) values (4, E'Protocol Description (PDF)', E'http://www.functionalglycomics.org/glycomics/DFileServlet?operation=display&objType=protocol&protocolId=cfgPTC_247', null);
insert into "cfg_5_2".experiment_link(experiment_id, link_id) values (1, 4);
insert into "cfg_5_2".link (id, linkText, href, parentCell) values (5, E'<img src="/glycomics/common/images/presentation/array_inactive.jpg" alt="View Primary Screen Information" name="data_button_h_4" width="40" height="40" border="0" id="data_button_h_4">', E'http://www.functionalglycomics.org:80/glycomics/HServlet?operation=view&sideMenu=no&psId=primscreen_6593', 0);
insert into "cfg_5_2".experiment_link(experiment_id, link_id) values (1, 5);
insert into "cfg_5_2".link (id, linkText, href, parentCell) values (6, E'<img src="/glycomics/common/images/presentation/data_inactive.jpg" alt="Raw Data" name="dat_button_h_4" width="40" height="40" border="0" id="dat_button_h_4">', E'http://www.functionalglycomics.org:80/glycomics/HFileServlet?operation=downloadRawFile&fileType=DAT&sideMenu=no&objId=1006592', 1);
insert into "cfg_5_2".experiment_link(experiment_id, link_id) values (1, 6);
insert into "cfg_5_2".experiment (id, primscreen, sample_name, species, protein_family, investigator, request, date, sample_data_id, experiment_data_id, request_data_id, filename) values (1, '6593', E'Streptosporangium roseum F-type lectin a-L-fucosidase:WT FTP', E'Bacteria', E'Viral / Bacterial Lectin', E'Ramya TNC', E'Glycan Array:3001', 'Mar 01, 18', 1, 1, 1, E'FTP_17008_GenePix_563_v5.2_RESULTS.xls');


insert into cfg_5_2.sampledata (id, title, "-782475580", "65299273", "2119431185", "27291108", "-546303161", "-1585180357", "Adjuvant", "953343693", "-1051843856", "-188920193", "Condition_of_storage", "-861196869", "207605457", "-728300322", "-677687632") values (2, E'Sample Information : 2367AD12.1_3525', E'2367AD12.1', E'monoclonal antibody, grown in cell culture', E'IgM', E'NA', E'Mouse, Mus musculus', E'PBS extract of adult filarial worms', E'FCA', E'200 micrograms in FCA, intraperitoneal', E'Day 1 and 35, boosted 4 days prior to fusion', E'PBS', E'-80', E'June 2007', E'ammonium sulfate precipitated', E'ELISA', E'Unknown');
insert into cfg_5_2.experimentdata (id, title, "Status", "Title", "-1100022276", "Glycan_Array_Version", "Protocol_Id", "Replicate_Number", "Result_Nature", "1505767802", "-1183338289", "-491792363", "Assay_Information", "Annotation", "-786589929", "1137989877") values (2, E'Primary Screen : primscreen_6588', E'Public', E'The purpose of this request is to perform the analysis of 3 antibodies that bind to presumed carbohydrate epitopes on parasite antigens on the glycan array.', E'cfg_rRequest_3040', E'PA_v52', E'Protocol Monoclonal Antibody', E'1', E'Data', E'25 micrograms/ml', E'08/29/2014', E'Gary Weil', E'Sample was diluted in standard binding buffer and was detected with anti-mouse IgM-488 (Invitrogen, 5 ug/ml).', E'2367 AD12.1', E'2367AD12.1_3525', E'Download');
insert into cfg_5_2.requestdata (id, title, "Request_ID", "Status", "Project_Description", "CFG_Member?", "Requester_First_Name", "Requester_Last_Name", "447911925", "1339104825", "Assigned_First_Name", "Assigned_Last_Name", "Requester_Email", "Request_Date", "Institution", "Shipping_Address", "CFG_Core", "Resource_Type", "Amount_Requested", "-1475790216", "-643239159", "2039874986", "-1235327866", "GBP_being_Addressed", "5943919") values (2, E'cfg_rRequest_3040', E'cfg_rRequest_3040', E'Approved', E'The purpose of this request is to perform the analysis of 3 antibodies that bind to presumed carbohydrate epitopes on parasite antigens on the glycan array.', E'No', E'Gary', E'Weil', E'Gary', E'Weil', E'Gary', E'Weil', E'gweil@dom.wustl..edu', E'04/08/2014', E'Washington University School of Medicine', E'660 S. kingshighway, St Louis MO 63108 Tel 314 747 5198', E'H', E'MicroArray', E'', E'05/01/2014', E'Screen 3 antibodies that bind to presumed CHO epitopes on parasite antigens. The antibodies bind to epitopes that are heat stable and not destroyed by pronase; binding is lost if the antigen is treated with sodium metaperiodate.', E'Y', E'I do not know what this means', E'antibodies can be labeled with FITC, biotin, or peroxidase.', E'* 1. Define the specificity and affinity for carbohydrate ligands');
insert into "cfg_5_2".link (id, linkText, href, parentCell) values (7, E'SAMPLE View : 2367AD12.1_3525', E'http://www.functionalglycomics.org/glycomics/SampleServlet?pageType=view&templateKey=18&key=3525&rrid=cfg_rRequest_3040&operationType=view', 0);
insert into "cfg_5_2".experiment_link(experiment_id, link_id) values (2, 7);
insert into "cfg_5_2".link (id, linkText, href, parentCell) values (8, E' Glycan Array:3040', E'/glycomics/ResourceServlet?operation=viewById&resourceRequestId=cfg_rRequest_3040&View=View', 0);
insert into "cfg_5_2".experiment_link(experiment_id, link_id) values (2, 8);
insert into cfg_5_2.protocoldata (id, title, "Title", "Core", "Category", "Keyword", "Date__mm_dd_yyyy_", "Overview") values (2, E'Protocol : cfgPTC_244', E'Protocol Monoclonal Antibody', E'H', E'Lectin-Glycan Binding', E'Monoclonal Antibodies', E'02/13/2009', E'Antibody is diluted to an appropriate concentration in standard binding buffer (TSM, 1% BSA and 0.05% Tween 20).  Seventy microliters is applied to the printed surface of the array, cover slip is applied, and incubated at room temperature in a humidified chamber away from light for one hour.  The cover slip is removed and the slide is rinsed 4 times in standard TSM washing buffer containing 0.05% Tween and 4 times in TSM buffer without Tween. Seventy microliters of the appropriate fluorescently labeled secondary antibody diluted in TSM buffer is added to the slide for one hour in a humidified chamber away from light as described. Washes are performed as above, followed by 4 washes in distilled water. ');
insert into "cfg_5_2".link (id, linkText, href, parentCell) values (9, E'Protocol Description (PDF)', E'http://www.functionalglycomics.org/glycomics/DFileServlet?operation=display&objType=protocol&protocolId=cfgPTC_244', null);
insert into "cfg_5_2".experiment_link(experiment_id, link_id) values (2, 9);
insert into "cfg_5_2".link (id, linkText, href, parentCell) values (10, E'<img src="/glycomics/common/images/presentation/array_inactive.jpg" alt="View Primary Screen Information" name="data_button_h_9" width="40" height="40" border="0" id="data_button_h_9">', E'http://www.functionalglycomics.org:80/glycomics/HServlet?operation=view&sideMenu=no&psId=primscreen_6588', 0);
insert into "cfg_5_2".experiment_link(experiment_id, link_id) values (2, 10);
insert into "cfg_5_2".link (id, linkText, href, parentCell) values (11, E'<img src="/glycomics/common/images/presentation/data_inactive.jpg" alt="Raw Data" name="dat_button_h_9" width="40" height="40" border="0" id="dat_button_h_9">', E'http://www.functionalglycomics.org:80/glycomics/HFileServlet?operation=downloadRawFile&fileType=DAT&sideMenu=no&objId=1006587', 1);
insert into "cfg_5_2".experiment_link(experiment_id, link_id) values (2, 11);
insert into "cfg_5_2".experiment (id, primscreen, sample_name, species, protein_family, investigator, request, date, sample_data_id, experiment_data_id, request_data_id, filename) values (2, '6588', E'2367 AD12.1:2367 AD12.1', E'Not Applicable', E'Not Applicable', E'Gary Weil', E'Glycan Array:3040', 'Feb 15, 18', 2, 2, 2, E'2367AD12.1_17046_GenePix_v5.2_RESULTS.xls');


insert into cfg_5_2.sampledata (id, title, "Name", "Family", "Sub_Family", "Estimated_purity", "1001016772", "Status", "Primary_Sequence", "-436221455") values (3, E'Glycan Binding Protein : cbp_3374', E'Di-AAL2', E'Plant/Fungal Lectin', E'This protein was expressed in E. coli system and it\'s a fungal protein.', E'There is no other protein contaminants in our protein sample', E'07/26/2014', E'Not Finalized', E'>Di-AAL2MT SNVITQDLPI PVASRGFADI VGFGLDGVVI GRNAVNLQPF LAVKNFAQNA
GGWLTTKHVR LIADTTGTGK GDIVGFGNAG VYVSVNNGKN TFADPPKMVI ANFGYDAGGW
RVEKHLRYLA DIRKIGRADI IGFGEKGVLV SRNNGGLNFG PATLVLKDFG YDAGGWRLDR
HLRFLADVTG NGHLDIVGFG DKHVFISRNN GDGTFAPAKS VIDNFCIDAG GWKIGDHPRF
VADLTGDGTA DIIGCGKAGC WVALNNGGGV FGQVKLVIND FGTDKGWQAA KHPRFIADLT
GNGRGDVVGF GNAGVYVALN NGDGTFQSAK LVLKDFGVQQ GWTVSKHRRF VVDLTGDGCA
DIIGFGEKET LVSYNDGKGN FGPVKALTND FSFSGGKWAP ETTVCWMANL DSSRHPAPAP
MTSNVITQDL PIPVASRGFA DIVGFGLDGV VIGRNAVNLQ PFLAVKNFAQ NAGGWLTTKH
VRLIADTTGT GKGDIVGFGN AGVYVSVNNG KNTFADPPKM VIANFGYDAG GWRVEKHLRY
LADIRKIGRA DIIGFGEKGV LVSRNNGGLN FGPATLVLKD FGYDAGGWRL DRHLRFLADV
TGNGHLDIVG FGDKHVFISR NNGDGTFAPA KSVIDNFCID AGGWKIGDHP RFVADLTGDG
TADIIGCGKA GCWVALNNGG GVFGQVKLVI NDFGTDKGWQ AAKHPRFIAD LTGNGRGDVV
GFGNAGVYVA LNNGDGTFQS AKLVLKDFGV QQGWTVSKHR RFVVDLTGDG CADIIGFGEK
ETLVSYNDGK GNFGPVKALT NDFSFSGGKW APETTVCWMA NLDSSRH', E'It\'s a dimer of Agrocybe aegerita lectin AAL-2. There is a linker between the two AAL-2 sequence. The amino acid sequence of linker is:PAPAP.');
insert into cfg_5_2.experimentdata (id, title, "Status", "Title", "-1100022276", "Glycan_Array_Version", "Protocol_Id", "Replicate_Number", "Result_Nature", "1505767802", "-1183338289", "-491792363", "Assay_Information", "Annotation", "1635439566", "1137989877") values (3, E'Primary Screen : primscreen_6586', E'Public', E'The purpose of this request is to perform the analysis of the dimer of AAL-2 along with a positive control on the glycan array.', E'cfg_rRequest_3085', E'PA_v52', E'Protocol Tertiary step', E'1', E'Data', E'0.2 micrograms/ml', E'09/23/2014', E'Hui Sun', E'Sample was diluted in standard binding buffer and detected with anti-AAL2 (sent by PI, 1:1000) followed by anti-rabbit IgG-Alexa488 (5 ug/ml).', E'Di-AAL2', E'Di-AAL2', E'Download');
insert into cfg_5_2.requestdata (id, title, "Request_ID", "Status", "Project_Description", "CFG_Member?", "Requester_First_Name", "Requester_Last_Name", "447911925", "1339104825", "Assigned_First_Name", "Assigned_Last_Name", "Requester_Email", "Requester_Interest", "Request_Date", "Institution", "Shipping_Address", "CFG_Core", "Resource_Type", "Amount_Requested", "-1475790216", "-643239159", "2039874986", "GBP_being_Addressed", "5943919") values (3, E'cfg_rRequest_3085', E'cfg_rRequest_3085', E'Approved', E'The purpose of this request is to perform the analysis of the dimer of AAL-2 along with a positive control on the glycan array.', E'Yes subgroups :3 :Glycans in cancer biology ,2 :Glycans in immune recognition and function', E'GuoJun', E'Yu', E'Hui', E'Sun', E'Hui', E'Sun', E'sunhui@whu.edu.cn', E'This laboratory focuses in the innate and adaptive immunity modulated by lectins and hepatitis induced by lectins and it\'s immunity effect in hepatocellular carcinoma.', E'07/10/2014', E'College of Life Sciences, Wuhan University', E'Shipping address: College of Life Sciences, Wuhan University, Wuhan, Hubei Province, P.R.China, 430072 Tel/Fax: +86-27-68754401', E'H', E'MicroArray', E'', E'09/10/2014', E'The protein we want to apply for glycan array is a dimer of AAL-2. We obtained this dimer by prokaryotic expression. The glycan array of AAL-2 has been availabe on the CFG website. From AAL-2 glycan array, we can conclude that AAL-2 protein has good specificity and high affinity to the GlcNAc terminated glycans. From our preliminary results of ITC experiment, we conclude that the AAL-2 dimer has higher affinity towards GlcNAc molecules than AAL-2. Here, we want to perform a glycan array of AAL-2 dimer to see whether the dimer has a better specificity and higher affinity to GlcNAc terminated glycans than AAL-2. Then, by analyzing the glycan array of AAL-2 dimer, we hope that we can use this dimer protein as a tool to efficiently enrich the O-GlcNAc modified proteins from tissues or cells. By using AAL-2 dimer, we hope that we can identify more and more o-GlcNAc modified proteins and could largely promote the progress of the glycobiology field.', E'N', E'The polyclonal antibody against AAL-2 will be provided for detection on the glycan array', E'* 1. Define the specificity and affinity for carbohydrate ligands');
insert into "cfg_5_2".link (id, linkText, href, parentCell) values (12, E'Di-AAL2:Di-AAL2', E'http://www.functionalglycomics.org:80/glycomics/GBPServlet?pageType=view&view=view&operationType=view&cbpId=cbp_3374&sideMenu=no', 0);
insert into "cfg_5_2".experiment_link(experiment_id, link_id) values (3, 12);
insert into "cfg_5_2".link (id, linkText, href, parentCell) values (13, E'PROTEIN View:cbp_3374', E'http://www.functionalglycomics.org:80/glycomics/GBPServlet?pageType=view&view=view&operationType=view&cbpId=cbp_3374&sideMenu=no', 0);
insert into "cfg_5_2".experiment_link(experiment_id, link_id) values (3, 13);
insert into "cfg_5_2".link (id, linkText, href, parentCell) values (14, E'Hui Sun', E'http://translate.google.com/translate?hl=en&sl=zh-CN&u=http://www.bio.whu.edu.cn/cn1/faculty/sunhui.htm&ei=vlhbSpOcOI2MtAPcwOCDCw&sa=X&oi=translate&resnum=9&ct=result&prev=/search%3Fq%3Dsunhui%2540whu.edu.cn%26hl%3Den%26sa%3DG', 3);
insert into "cfg_5_2".experiment_link(experiment_id, link_id) values (3, 14);
insert into "cfg_5_2".link (id, linkText, href, parentCell) values (15, E' Glycan Array:3085', E'/glycomics/ResourceServlet?operation=viewById&resourceRequestId=cfg_rRequest_3085&View=View', 0);
insert into "cfg_5_2".experiment_link(experiment_id, link_id) values (3, 15);
insert into cfg_5_2.protocoldata (id, title, "Title", "Core", "Category", "Keyword", "Date__mm_dd_yyyy_", "Overview") values (3, E'Protocol : cfgPTC_247', E'Protocol Tertiary step', E'H', E'Lectin-Glycan Binding', E'Unlabeled Sample and Unlabeled Primary (3 step)', E'02/13/2009', E'Unlabeled sample is diluted to an appropriate concentration in standard binding buffer (TSM, 1% BSA and 0.05% Tween 20).  Seventy microliters is applied to the printed surface of the array, cover slip is applied, and incubated at room temperature in a humidified chamber away from light for one hour.  The cover slip was removed and the slide is rinsed 4 times in standard TSM washing buffer containing 0.05 percent Tween and 4 times in TSM buffer without Tween. A second step is performed with seventy microliters of antibody/reagent specific for the unlabeled sample diluted in TSM binding buffer is added to the slide for one hour at room temperature in a humidified chamber away from light as described.  Washes were performed as above. A tertiary step is performed with seventy microliters of fluorescently labeled antibody/reagent to the antibody/reagent in the second step, diluted in TSM buffer for one hour in a humidified chamber away from light as described. Washes are performed as above, followed by 4 washes in distilled water. 
');
insert into "cfg_5_2".link (id, linkText, href, parentCell) values (16, E'Protocol Description (PDF)', E'http://www.functionalglycomics.org/glycomics/DFileServlet?operation=display&objType=protocol&protocolId=cfgPTC_247', null);
insert into "cfg_5_2".experiment_link(experiment_id, link_id) values (3, 16);
insert into "cfg_5_2".link (id, linkText, href, parentCell) values (17, E'<img src="/glycomics/common/images/presentation/array_inactive.jpg" alt="View Primary Screen Information" name="data_button_h_11" width="40" height="40" border="0" id="data_button_h_11">', E'http://www.functionalglycomics.org:80/glycomics/HServlet?operation=view&sideMenu=no&psId=primscreen_6586', 0);
insert into "cfg_5_2".experiment_link(experiment_id, link_id) values (3, 17);
insert into "cfg_5_2".link (id, linkText, href, parentCell) values (18, E'<img src="/glycomics/common/images/presentation/data_inactive.jpg" alt="Raw Data" name="dat_button_h_11" width="40" height="40" border="0" id="dat_button_h_11">', E'http://www.functionalglycomics.org:80/glycomics/HFileServlet?operation=downloadRawFile&fileType=DAT&sideMenu=no&objId=1006585', 1);
insert into "cfg_5_2".experiment_link(experiment_id, link_id) values (3, 18);
insert into "cfg_5_2".experiment (id, primscreen, sample_name, species, protein_family, investigator, request, date, sample_data_id, experiment_data_id, request_data_id, filename) values (3, '6586', E'Di-AAL2:Di-AAL2', E'Other', E'Plant/Fungal Lectin', E'Hui Sun', E'Glycan Array:3085', 'Feb 15, 18', 3, 3, 3, E'DiAAL2_0.2ug_17103_V5.2_GenePixP488_Results.xls');


insert into cfg_5_2.sampledata (id, title, "Name", "Complete_Name", "Family", "Sub_Family", "Spec_Sci_Name", "1001016772", "Status", "Primary_Sequence", "-436221455") values (4, E'Glycan Binding Protein : cbp_hum_other_987', E'Galectin-7', E'Gal-7', E'Other', E'None Indicated', E'Homo Sapiens', E'01/09/2007', E'Public', E'msnvphkssl  pegirpgtv l rirglvpp na srfhvnl lcg eeggsd aalh fnprl
dtsev vfns keggsw gre ergpgvp fg rgqpfevl i iasddgfka  vvgdaqyhhf
rhrlplarv r lvevggdv ql dsvrif', E'Human');
insert into cfg_5_2.experimentdata (id, title, "Status", "Title", "-1100022276", "Glycan_Array_Version", "Protocol_Id", "Replicate_Number", "Result_Nature", "1505767802", "-1183338289", "-491792363", "Assay_Information", "Annotation", "1635439566", "1137989877") values (4, E'Primary Screen : primscreen_6585', E'Public', E'The purpose of this request is to analyze a preparation of Galectin-8 and a mutant to determine fine specificity of the constructs.', E'cfg_rRequest_2766', E'PA_v52', E'Protocol Direct Binding', E'1', E'Data', E'180 micrograms/ml', E'09/23/2014', E'Yves St-Pierre', E'Sample was diluted in PBS plus 1% BSA and was directly labeled with FITC.', E'Gal-7 R74S', E'Galectin-7', E'Download');
insert into cfg_5_2.requestdata (id, title, "Request_ID", "Status", "Project_Description", "CFG_Member?", "Requester_First_Name", "Requester_Last_Name", "447911925", "1339104825", "Assigned_First_Name", "Assigned_Last_Name", "Requester_Email", "Requester_Interest", "Request_Date", "Institution", "Shipping_Address", "CFG_Core", "Material_Requested", "Amount_Requested", "-643239159", "2039874986", "-1235327866", "GBP_being_Addressed", "5943919") values (4, E'cfg_rRequest_2766', E'cfg_rRequest_2766', E'Approved', E'The purpose of this request is to analyze a preparation of Galectin-8 and a mutant to determine fine specificity of the constructs.', E'Yes subgroups :3 :Glycans in cancer biology ,2 :Glycans in immune recognition and function', E'St-Pierre', E'Yves', E'Yves', E'St-Pierre', E'Yves', E'St-Pierre', E'yves.st-pierre@iaf.inrs.ca', E'This laboratory is focused in the role of galectins in tumor progression.', E'06/01/2013', E'INRS-Institut Armand-Frappier', E'INRS-Institut Armand-Frappier 531 Boul. des Prairies Laval, QC, CANADA H7V 1B7', E'H', E'not applicable', E'Not applicable', E'We propose to generate a series of mutants of human galectin-7, focusing on adjacent sites of the CRD that are believed to alter the fine specificities. We already have generated a large amount of recombinant wild-type and R74S gal-7. We are in the process of generating another series of mutants (approx. 6-8). The screening will allow us to correlate fine specificities and cellular functions (e.g. apoptosis, motility, etc.) of wt and mutant gal-7 in normal and cancer cells.', E'Y', E'Yves St-Pierre', E'- Recombinant wt and mutant forms of gal-7 - FITC-labeled', E'* 1. Define the specificity and affinity for carbohydrate ligands');
insert into "cfg_5_2".link (id, linkText, href, parentCell) values (19, E'Galectin-7:Gal-7 R74S', E'http://www.functionalglycomics.org:80/glycomics/GBPServlet?pageType=view&view=view&operationType=view&cbpId=cbp_hum_other_987&sideMenu=no', 0);
insert into "cfg_5_2".experiment_link(experiment_id, link_id) values (4, 19);
insert into "cfg_5_2".link (id, linkText, href, parentCell) values (20, E'PROTEIN View:cbp_hum_other_987', E'http://www.functionalglycomics.org:80/glycomics/GBPServlet?pageType=view&view=view&operationType=view&cbpId=cbp_hum_other_987&sideMenu=no', 0);
insert into "cfg_5_2".experiment_link(experiment_id, link_id) values (4, 20);
insert into "cfg_5_2".link (id, linkText, href, parentCell) values (21, E'Yves St-Pierre', E'http://www.iaf.inrs.ca/anglais/st-pierre_yves.html', 3);
insert into "cfg_5_2".experiment_link(experiment_id, link_id) values (4, 21);
insert into "cfg_5_2".link (id, linkText, href, parentCell) values (22, E' Glycan Array:2766', E'/glycomics/ResourceServlet?operation=viewById&resourceRequestId=cfg_rRequest_2766&View=View', 0);
insert into "cfg_5_2".experiment_link(experiment_id, link_id) values (4, 22);
insert into cfg_5_2.protocoldata (id, title, "Title", "Core", "Category", "Keyword", "Date__mm_dd_yyyy_", "Overview") values (4, E'Protocol : cfgPTC_243', E'Protocol Direct Binding', E'H', E'Lectin-Glycan Binding', E'Directly Labeled Samples', E'02/13/2009', E'Fluorescently labeled sample is diluted to an appropriate concentration in standard binding buffer (TSM, 1% BSA and 0.05% Tween 20). Seventy microliters is applied to the printed surface of the array, cover slip is applied, and incubated at room temperature in a humidified chamber away from light for one hour. The cover slip is removed and the slide is rinsed 4 times in standard TSM washing buffer containing 0.05% Tween, 4 times in TSM buffer without Tween, and 4 times in distilled water. ');
insert into "cfg_5_2".link (id, linkText, href, parentCell) values (23, E'Protocol Description (PDF)', E'http://www.functionalglycomics.org/glycomics/DFileServlet?operation=display&objType=protocol&protocolId=cfgPTC_243', null);
insert into "cfg_5_2".experiment_link(experiment_id, link_id) values (4, 23);
insert into "cfg_5_2".link (id, linkText, href, parentCell) values (24, E'<img src="/glycomics/common/images/presentation/array_inactive.jpg" alt="View Primary Screen Information" name="data_button_h_12" width="40" height="40" border="0" id="data_button_h_12">', E'http://www.functionalglycomics.org:80/glycomics/HServlet?operation=view&sideMenu=no&psId=primscreen_6585', 0);
insert into "cfg_5_2".experiment_link(experiment_id, link_id) values (4, 24);
insert into "cfg_5_2".link (id, linkText, href, parentCell) values (25, E'<img src="/glycomics/common/images/presentation/data_inactive.jpg" alt="Raw Data" name="dat_button_h_12" width="40" height="40" border="0" id="dat_button_h_12">', E'http://www.functionalglycomics.org:80/glycomics/HFileServlet?operation=downloadRawFile&fileType=DAT&sideMenu=no&objId=1006584', 1);
insert into "cfg_5_2".experiment_link(experiment_id, link_id) values (4, 25);
insert into "cfg_5_2".experiment (id, primscreen, sample_name, species, protein_family, investigator, request, date, sample_data_id, experiment_data_id, request_data_id, filename) values (4, '6585', E'Galectin-7:Gal-7 R74S', E'Human', E'Other', E'Yves St-Pierre', E'Glycan Array:2766', 'Feb 15, 18', 4, 4, 4, E'Galectin-7-R74S_180_17099_v5.2_RESULTS.xls');


insert into cfg_5_2.sampledata (id, title, "Name", "Complete_Name", "Family", "Sub_Family", "Spec_Sci_Name", "1001016772", "Status", "Primary_Sequence", "-436221455") values (5, E'Glycan Binding Protein : cbp_hum_other_987', E'Galectin-7', E'Gal-7', E'Other', E'None Indicated', E'Homo Sapiens', E'01/09/2007', E'Public', E'msnvphkssl  pegirpgtv l rirglvpp na srfhvnl lcg eeggsd aalh fnprl
dtsev vfns keggsw gre ergpgvp fg rgqpfevl i iasddgfka  vvgdaqyhhf
rhrlplarv r lvevggdv ql dsvrif', E'Human');
insert into cfg_5_2.experimentdata (id, title, "Status", "Title", "-1100022276", "Glycan_Array_Version", "Protocol_Id", "Replicate_Number", "Result_Nature", "1505767802", "-1183338289", "-491792363", "Assay_Information", "Annotation", "1635439566", "1137989877") values (5, E'Primary Screen : primscreen_6584', E'Public', E'The purpose of this request is to analyze a preparation of Galectin-8 and a mutant to determine fine specificity of the constructs.', E'cfg_rRequest_2766', E'PA_v52', E'Protocol Direct Binding', E'1', E'Data', E'180 micrograms/ml', E'09/23/2014', E'Yves St-Pierre', E'Sample was diluted in PBS plus 1% BSA and was directly labeled with FITC.', E'Gal-7', E'Galectin-7', E'Download');
insert into cfg_5_2.requestdata (id, title, "Request_ID", "Status", "Project_Description", "CFG_Member?", "Requester_First_Name", "Requester_Last_Name", "447911925", "1339104825", "Assigned_First_Name", "Assigned_Last_Name", "Requester_Email", "Requester_Interest", "Request_Date", "Institution", "Shipping_Address", "CFG_Core", "Material_Requested", "Amount_Requested", "-643239159", "2039874986", "-1235327866", "GBP_being_Addressed", "5943919") values (5, E'cfg_rRequest_2766', E'cfg_rRequest_2766', E'Approved', E'The purpose of this request is to analyze a preparation of Galectin-8 and a mutant to determine fine specificity of the constructs.', E'Yes subgroups :3 :Glycans in cancer biology ,2 :Glycans in immune recognition and function', E'St-Pierre', E'Yves', E'Yves', E'St-Pierre', E'Yves', E'St-Pierre', E'yves.st-pierre@iaf.inrs.ca', E'This laboratory is focused in the role of galectins in tumor progression.', E'06/01/2013', E'INRS-Institut Armand-Frappier', E'INRS-Institut Armand-Frappier 531 Boul. des Prairies Laval, QC, CANADA H7V 1B7', E'H', E'not applicable', E'Not applicable', E'We propose to generate a series of mutants of human galectin-7, focusing on adjacent sites of the CRD that are believed to alter the fine specificities. We already have generated a large amount of recombinant wild-type and R74S gal-7. We are in the process of generating another series of mutants (approx. 6-8). The screening will allow us to correlate fine specificities and cellular functions (e.g. apoptosis, motility, etc.) of wt and mutant gal-7 in normal and cancer cells.', E'Y', E'Yves St-Pierre', E'- Recombinant wt and mutant forms of gal-7 - FITC-labeled', E'* 1. Define the specificity and affinity for carbohydrate ligands');
insert into "cfg_5_2".link (id, linkText, href, parentCell) values (26, E'Galectin-7:Gal-7', E'http://www.functionalglycomics.org:80/glycomics/GBPServlet?pageType=view&view=view&operationType=view&cbpId=cbp_hum_other_987&sideMenu=no', 0);
insert into "cfg_5_2".experiment_link(experiment_id, link_id) values (5, 26);
insert into "cfg_5_2".link (id, linkText, href, parentCell) values (27, E'PROTEIN View:cbp_hum_other_987', E'http://www.functionalglycomics.org:80/glycomics/GBPServlet?pageType=view&view=view&operationType=view&cbpId=cbp_hum_other_987&sideMenu=no', 0);
insert into "cfg_5_2".experiment_link(experiment_id, link_id) values (5, 27);
insert into "cfg_5_2".link (id, linkText, href, parentCell) values (28, E'Yves St-Pierre', E'http://www.iaf.inrs.ca/anglais/st-pierre_yves.html', 3);
insert into "cfg_5_2".experiment_link(experiment_id, link_id) values (5, 28);
insert into "cfg_5_2".link (id, linkText, href, parentCell) values (29, E' Glycan Array:2766', E'/glycomics/ResourceServlet?operation=viewById&resourceRequestId=cfg_rRequest_2766&View=View', 0);
insert into "cfg_5_2".experiment_link(experiment_id, link_id) values (5, 29);
insert into cfg_5_2.protocoldata (id, title, "Title", "Core", "Category", "Keyword", "Date__mm_dd_yyyy_", "Overview") values (5, E'Protocol : cfgPTC_243', E'Protocol Direct Binding', E'H', E'Lectin-Glycan Binding', E'Directly Labeled Samples', E'02/13/2009', E'Fluorescently labeled sample is diluted to an appropriate concentration in standard binding buffer (TSM, 1% BSA and 0.05% Tween 20). Seventy microliters is applied to the printed surface of the array, cover slip is applied, and incubated at room temperature in a humidified chamber away from light for one hour. The cover slip is removed and the slide is rinsed 4 times in standard TSM washing buffer containing 0.05% Tween, 4 times in TSM buffer without Tween, and 4 times in distilled water. ');
insert into "cfg_5_2".link (id, linkText, href, parentCell) values (30, E'Protocol Description (PDF)', E'http://www.functionalglycomics.org/glycomics/DFileServlet?operation=display&objType=protocol&protocolId=cfgPTC_243', null);
insert into "cfg_5_2".experiment_link(experiment_id, link_id) values (5, 30);
insert into "cfg_5_2".link (id, linkText, href, parentCell) values (31, E'<img src="/glycomics/common/images/presentation/array_inactive.jpg" alt="View Primary Screen Information" name="data_button_h_13" width="40" height="40" border="0" id="data_button_h_13">', E'http://www.functionalglycomics.org:80/glycomics/HServlet?operation=view&sideMenu=no&psId=primscreen_6584', 0);
insert into "cfg_5_2".experiment_link(experiment_id, link_id) values (5, 31);
insert into "cfg_5_2".link (id, linkText, href, parentCell) values (32, E'<img src="/glycomics/common/images/presentation/data_inactive.jpg" alt="Raw Data" name="dat_button_h_13" width="40" height="40" border="0" id="dat_button_h_13">', E'http://www.functionalglycomics.org:80/glycomics/HFileServlet?operation=downloadRawFile&fileType=DAT&sideMenu=no&objId=1006583', 1);
insert into "cfg_5_2".experiment_link(experiment_id, link_id) values (5, 32);
insert into "cfg_5_2".experiment (id, primscreen, sample_name, species, protein_family, investigator, request, date, sample_data_id, experiment_data_id, request_data_id, filename) values (5, '6584', E'Galectin-7:Gal-7', E'Human', E'Other', E'Yves St-Pierre', E'Glycan Array:2766', 'Feb 15, 18', 5, 5, 5, E'Galectin-7_180_17098_v5.2_RESULTS.xls');


insert into cfg_5_2.sampledata (id, title, "-782475580", "65299273", "2119431185", "-546303161", "473641455", "1281541380", "1799653750", "-1790003555", "-1585180357", "75611650", "Adjuvant", "953343693", "-1051843856", "-1801243311", "-1020686480", "-188920193", "Condition_of_storage", "-861196869", "207605457", "-728300322", "-677687632") values (6, E'Sample Information : J558_3485', E'J558', E'monoclonal affinity purified from in vitro adapted mouse plasmacytoma', E'IgA', E'mouse mus musculus', E'na', E'na', E'na', E'na', E'na', E'na', E'na', E'na', E'na', E'na', E'na', E'PBS', E'4c', E'3yrs very stable', E'na', E'Elisa FACs staining of bacteria', E'alpha1-3 dextran');
insert into cfg_5_2.experimentdata (id, title, "Status", "Title", "-1100022276", "Glycan_Array_Version", "Protocol_Id", "Replicate_Number", "Result_Nature", "1505767802", "-1183338289", "-491792363", "Assay_Information", "Annotation", "-786589929", "1137989877") values (6, E'Primary Screen : primscreen_6583', E'Public', E'The purpose of this request is to analyze monoclonal antibodies that have been shown to clearly bind alpha-1-3 linear and branched glycans.', E'cfg_rRequest_3068', E'PA_v52', E'Protocol Monoclonal Antibody', E'1', E'Data', E'10 micrograms/ml', E'09/05/2014', E'John Kearney', E'Sample was diluted in standard binding buffer and was detected with anti-mouse IgA-FITC (Invitrogen, 5 ug/ml).', E'J558', E'J558_3485', E'Download');
insert into cfg_5_2.requestdata (id, title, "Request_ID", "Status", "Project_Description", "CFG_Member?", "Requester_First_Name", "Requester_Last_Name", "447911925", "1339104825", "Assigned_First_Name", "Assigned_Last_Name", "Requester_Email", "Request_Date", "Institution", "Shipping_Address", "CFG_Core", "Amount_Requested", "-643239159", "2039874986", "-1235327866", "GBP_being_Addressed", "5943919") values (6, E'cfg_rRequest_3068', E'cfg_rRequest_3068', E'Approved', E'The purpose of this request is to analyze monoclonal antibodies that have been shown to clearly bind alpha-1-3 linear and branched glycans.', E'Yes subgroups :To Be Assigned', E'John', E'Kearney', E'John', E'Kearney', E'John', E'Kearney', E'jfk@uab.edu', E'05/23/2014', E'University of Alabama at Birmingham', E'410 Shelby Building University of Alabama at Birmingham Birmingham, Al 35294 2059346557', E'H', E'', E'My lab has accumulated a large number of purified monoclonal antibodies mostly of IgM,IgG3 and IgA isotypes to a variety of carbohydrates expressed on capsules or cell walls of S. pneumonia, Groups A and B streptococci, Enterobacter, B subtilis. We know the fine specificities of some of these include alpha 1-3 glucans, GlcNAc containing polysaccharides, sialylated oligosaccharides. We have found recently that a lot of these of these bind Aspergillus fumigatus and as well as protecting against infections induced by the organisms used to raise these Mabs they can protect against A. fumigatus induced airway disease in mouse models for which we are funded by NIAID grant R01 AI14782-34 (3/1/011-2/28/16), and another one to study infant antibody response to bacterial polysaccharides, 1R01AI100005-01(3/1/12 – 2/28/17). I would like to test these Mabs on glycan arrays to determine their reactivity to a wider array of glycans which would give us valuable information to help study their role in interacting with other organisms (including self glycoprotein antigens). In this request we wish to ascertain the fine specificity of a series of monoclonal antibodies which have nominal reactivity with alpha1-3 glucose containing polysaccharides. They are highly purified from serum free hybridoma supernatant by monoclonal anti-mouse IgM or IgA and protein G -Sepharose columns. Since this panel contains multiple isotypes it would be best to use a secondary anti-Mouse Ig antibody that reacts with all mouse Ig isotypes.', E'Y', E'David Smith', E'Data on five monoclonal antibodies I am wish to submit that have been shown to clearly bind alpha-1-3 linear and branched glycans by nigerotriose inhibitable ELISA assays. Mab: A16 (IgM, lambda) Derivation: BALB/J mice immunized with alpha1-3 dextran Source: Hybridoma grown in serum free Gibco HB medium Purification: Affinity chromatography from monoclonal anti-Mouse IgM Sepharose, eluted at acid pH Biological Activity: Binds to Enterobacter cloacae and A. fumigatus brightly by flow cytometry. Nominal specificity: alpha 1-3 glucans Preparation: Purified IgM Mab: 1-21 (IgM, lambda) Derivation: BALB/J mice immunized with bacterial derived &#945;1-3 glucan Source: Hybridoma grown in serum free Gibco HB medium Purification: Affinity chromatography from monoclonal anti-Mouse IgM Sepharose, eluted at acid pH Biological Activity: Binds Enterobacter cloacae and A. fumigatus brightly by flow cytometry Nominal specificity: &#945;1-3 glucan-containing molecules Preparation: Purified IgM Mab: 8-21 (IgG2b, lambda) Derivation: BALB/J mice immunized with bacterial derived &#945;1-3 glucan Source: Hybridoma grown in serum free Gibco HB medium Purification: Affinity chromatography Protein G column - Sepharose, eluted at acid pH Biological Activity: Binds A. fumigatus Nominal specificity: &#945;1-3 glucan-containing molecules Preparation: Purified IgG2b Mab: J558 (IgA, lambda) Derivation: BALB/J mice plasmacytoma with specificity to &#945;1-3 glucan Source: Plasmacytoma grown in serum free Gibco HB medium Purification: Affinity chromatography anti-Mouse IgA-sepharose column - Sepharose, eluted at acid pH Biological Activity: Binds A. fumigatus, bacteria Nominal specificity: &#945;1-3 glucan-containing molecules Preparation: Purified IgA Mab: S1ae7 (IgM, kappa) Derivation: BALB/J mice hybridoma with specificity to Group B (1a) streptococci Source: Hybridoma grown in serum free Gibco HB medium Purification: Affinity chromatography anti-Mouse IgM-sepharose column - Sepharose, eluted at acid pH Biological Activity: Binds A. fumigatus, bacteria Nominal specificity: oligosaccharide Preparation: Purified IgM', E'* 1. Define the specificity and affinity for carbohydrate ligands');
insert into "cfg_5_2".link (id, linkText, href, parentCell) values (33, E'SAMPLE View : J558_3485', E'http://www.functionalglycomics.org/glycomics/SampleServlet?pageType=view&templateKey=18&key=3485&rrid=cfg_rRequest_3068&operationType=view', 0);
insert into "cfg_5_2".experiment_link(experiment_id, link_id) values (6, 33);
insert into "cfg_5_2".link (id, linkText, href, parentCell) values (34, E' Glycan Array:3068', E'/glycomics/ResourceServlet?operation=viewById&resourceRequestId=cfg_rRequest_3068&View=View', 0);
insert into "cfg_5_2".experiment_link(experiment_id, link_id) values (6, 34);
insert into cfg_5_2.protocoldata (id, title, "Title", "Core", "Category", "Keyword", "Date__mm_dd_yyyy_", "Overview") values (6, E'Protocol : cfgPTC_244', E'Protocol Monoclonal Antibody', E'H', E'Lectin-Glycan Binding', E'Monoclonal Antibodies', E'02/13/2009', E'Antibody is diluted to an appropriate concentration in standard binding buffer (TSM, 1% BSA and 0.05% Tween 20).  Seventy microliters is applied to the printed surface of the array, cover slip is applied, and incubated at room temperature in a humidified chamber away from light for one hour.  The cover slip is removed and the slide is rinsed 4 times in standard TSM washing buffer containing 0.05% Tween and 4 times in TSM buffer without Tween. Seventy microliters of the appropriate fluorescently labeled secondary antibody diluted in TSM buffer is added to the slide for one hour in a humidified chamber away from light as described. Washes are performed as above, followed by 4 washes in distilled water. ');
insert into "cfg_5_2".link (id, linkText, href, parentCell) values (35, E'Protocol Description (PDF)', E'http://www.functionalglycomics.org/glycomics/DFileServlet?operation=display&objType=protocol&protocolId=cfgPTC_244', null);
insert into "cfg_5_2".experiment_link(experiment_id, link_id) values (6, 35);
insert into "cfg_5_2".link (id, linkText, href, parentCell) values (36, E'<img src="/glycomics/common/images/presentation/array_inactive.jpg" alt="View Primary Screen Information" name="data_button_h_14" width="40" height="40" border="0" id="data_button_h_14">', E'http://www.functionalglycomics.org:80/glycomics/HServlet?operation=view&sideMenu=no&psId=primscreen_6583', 0);
insert into "cfg_5_2".experiment_link(experiment_id, link_id) values (6, 36);
insert into "cfg_5_2".link (id, linkText, href, parentCell) values (37, E'<img src="/glycomics/common/images/presentation/data_inactive.jpg" alt="Raw Data" name="dat_button_h_14" width="40" height="40" border="0" id="dat_button_h_14">', E'http://www.functionalglycomics.org:80/glycomics/HFileServlet?operation=downloadRawFile&fileType=DAT&sideMenu=no&objId=1006582', 1);
insert into "cfg_5_2".experiment_link(experiment_id, link_id) values (6, 37);
insert into "cfg_5_2".experiment (id, primscreen, sample_name, species, protein_family, investigator, request, date, sample_data_id, experiment_data_id, request_data_id, filename) values (6, '6583', E'J558:J558', E'Not Applicable', E'Not Applicable', E'John Kearney', E'Glycan Array:3068', 'Feb 15, 18', 6, 6, 6, E'J558_16986_V5.2_GenePixP575_Results.xls');


insert into cfg_5_2.sampledata (id, title, "-782475580", "65299273", "2119431185", "27291108", "-546303161", "473641455", "1281541380", "1799653750", "-1790003555", "-1585180357", "75611650", "Adjuvant", "953343693", "-1051843856", "-1801243311", "-1020686480", "-188920193", "Condition_of_storage", "-861196869", "207605457", "-728300322", "-677687632") values (7, E'Sample Information : 8-21_3483', E'8-21', E'monoclonal affinity purified', E'IgG', E'2b', E'mouse', E'na', E'na', E'adult BALB/c mice', E'female', E'purified apha 1-3 dextran', E'na', E'na', E'00ug', E'4x weekly', E'na', E'na', E'PBS plus Calcium', E'4c', E'3yrs vert stable', E'na', E'Elisa FACs staining of bacteria', E'alpha1-3 dextran');
insert into cfg_5_2.experimentdata (id, title, "Status", "Title", "-1100022276", "Glycan_Array_Version", "Protocol_Id", "Replicate_Number", "Result_Nature", "1505767802", "-1183338289", "-491792363", "Assay_Information", "Annotation", "-786589929", "1137989877") values (7, E'Primary Screen : primscreen_6580', E'Public', E'The purpose of this request is to analyze monoclonal antibodies that have been shown to clearly bind alpha-1-3 linear and branched glycans.', E'cfg_rRequest_3068', E'PA_v52', E'Protocol Monoclonal Antibody', E'1', E'Data', E'10 micrograms/ml', E'09/05/2014', E'John Kearney', E'Sample was diluted in standard binding buffer and was detected with anti-mouse IgG-488 (Invitrogen, 5 ug/ml).', E'8-21', E'8-21_3483', E'Download');
insert into cfg_5_2.requestdata (id, title, "Request_ID", "Status", "Project_Description", "CFG_Member?", "Requester_First_Name", "Requester_Last_Name", "447911925", "1339104825", "Assigned_First_Name", "Assigned_Last_Name", "Requester_Email", "Request_Date", "Institution", "Shipping_Address", "CFG_Core", "Amount_Requested", "-643239159", "2039874986", "-1235327866", "GBP_being_Addressed", "5943919") values (7, E'cfg_rRequest_3068', E'cfg_rRequest_3068', E'Approved', E'The purpose of this request is to analyze monoclonal antibodies that have been shown to clearly bind alpha-1-3 linear and branched glycans.', E'Yes subgroups :To Be Assigned', E'John', E'Kearney', E'John', E'Kearney', E'John', E'Kearney', E'jfk@uab.edu', E'05/23/2014', E'University of Alabama at Birmingham', E'410 Shelby Building University of Alabama at Birmingham Birmingham, Al 35294 2059346557', E'H', E'', E'My lab has accumulated a large number of purified monoclonal antibodies mostly of IgM,IgG3 and IgA isotypes to a variety of carbohydrates expressed on capsules or cell walls of S. pneumonia, Groups A and B streptococci, Enterobacter, B subtilis. We know the fine specificities of some of these include alpha 1-3 glucans, GlcNAc containing polysaccharides, sialylated oligosaccharides. We have found recently that a lot of these of these bind Aspergillus fumigatus and as well as protecting against infections induced by the organisms used to raise these Mabs they can protect against A. fumigatus induced airway disease in mouse models for which we are funded by NIAID grant R01 AI14782-34 (3/1/011-2/28/16), and another one to study infant antibody response to bacterial polysaccharides, 1R01AI100005-01(3/1/12 – 2/28/17). I would like to test these Mabs on glycan arrays to determine their reactivity to a wider array of glycans which would give us valuable information to help study their role in interacting with other organisms (including self glycoprotein antigens). In this request we wish to ascertain the fine specificity of a series of monoclonal antibodies which have nominal reactivity with alpha1-3 glucose containing polysaccharides. They are highly purified from serum free hybridoma supernatant by monoclonal anti-mouse IgM or IgA and protein G -Sepharose columns. Since this panel contains multiple isotypes it would be best to use a secondary anti-Mouse Ig antibody that reacts with all mouse Ig isotypes.', E'Y', E'David Smith', E'Data on five monoclonal antibodies I am wish to submit that have been shown to clearly bind alpha-1-3 linear and branched glycans by nigerotriose inhibitable ELISA assays. Mab: A16 (IgM, lambda) Derivation: BALB/J mice immunized with alpha1-3 dextran Source: Hybridoma grown in serum free Gibco HB medium Purification: Affinity chromatography from monoclonal anti-Mouse IgM Sepharose, eluted at acid pH Biological Activity: Binds to Enterobacter cloacae and A. fumigatus brightly by flow cytometry. Nominal specificity: alpha 1-3 glucans Preparation: Purified IgM Mab: 1-21 (IgM, lambda) Derivation: BALB/J mice immunized with bacterial derived &#945;1-3 glucan Source: Hybridoma grown in serum free Gibco HB medium Purification: Affinity chromatography from monoclonal anti-Mouse IgM Sepharose, eluted at acid pH Biological Activity: Binds Enterobacter cloacae and A. fumigatus brightly by flow cytometry Nominal specificity: &#945;1-3 glucan-containing molecules Preparation: Purified IgM Mab: 8-21 (IgG2b, lambda) Derivation: BALB/J mice immunized with bacterial derived &#945;1-3 glucan Source: Hybridoma grown in serum free Gibco HB medium Purification: Affinity chromatography Protein G column - Sepharose, eluted at acid pH Biological Activity: Binds A. fumigatus Nominal specificity: &#945;1-3 glucan-containing molecules Preparation: Purified IgG2b Mab: J558 (IgA, lambda) Derivation: BALB/J mice plasmacytoma with specificity to &#945;1-3 glucan Source: Plasmacytoma grown in serum free Gibco HB medium Purification: Affinity chromatography anti-Mouse IgA-sepharose column - Sepharose, eluted at acid pH Biological Activity: Binds A. fumigatus, bacteria Nominal specificity: &#945;1-3 glucan-containing molecules Preparation: Purified IgA Mab: S1ae7 (IgM, kappa) Derivation: BALB/J mice hybridoma with specificity to Group B (1a) streptococci Source: Hybridoma grown in serum free Gibco HB medium Purification: Affinity chromatography anti-Mouse IgM-sepharose column - Sepharose, eluted at acid pH Biological Activity: Binds A. fumigatus, bacteria Nominal specificity: oligosaccharide Preparation: Purified IgM', E'* 1. Define the specificity and affinity for carbohydrate ligands');
insert into "cfg_5_2".link (id, linkText, href, parentCell) values (38, E'SAMPLE View : 8-21_3483', E'http://www.functionalglycomics.org/glycomics/SampleServlet?pageType=view&templateKey=18&key=3483&rrid=cfg_rRequest_3068&operationType=view', 0);
insert into "cfg_5_2".experiment_link(experiment_id, link_id) values (7, 38);
insert into "cfg_5_2".link (id, linkText, href, parentCell) values (39, E' Glycan Array:3068', E'/glycomics/ResourceServlet?operation=viewById&resourceRequestId=cfg_rRequest_3068&View=View', 0);
insert into "cfg_5_2".experiment_link(experiment_id, link_id) values (7, 39);
insert into cfg_5_2.protocoldata (id, title, "Title", "Core", "Category", "Keyword", "Date__mm_dd_yyyy_", "Overview") values (7, E'Protocol : cfgPTC_244', E'Protocol Monoclonal Antibody', E'H', E'Lectin-Glycan Binding', E'Monoclonal Antibodies', E'02/13/2009', E'Antibody is diluted to an appropriate concentration in standard binding buffer (TSM, 1% BSA and 0.05% Tween 20).  Seventy microliters is applied to the printed surface of the array, cover slip is applied, and incubated at room temperature in a humidified chamber away from light for one hour.  The cover slip is removed and the slide is rinsed 4 times in standard TSM washing buffer containing 0.05% Tween and 4 times in TSM buffer without Tween. Seventy microliters of the appropriate fluorescently labeled secondary antibody diluted in TSM buffer is added to the slide for one hour in a humidified chamber away from light as described. Washes are performed as above, followed by 4 washes in distilled water. ');
insert into "cfg_5_2".link (id, linkText, href, parentCell) values (40, E'Protocol Description (PDF)', E'http://www.functionalglycomics.org/glycomics/DFileServlet?operation=display&objType=protocol&protocolId=cfgPTC_244', null);
insert into "cfg_5_2".experiment_link(experiment_id, link_id) values (7, 40);
insert into "cfg_5_2".link (id, linkText, href, parentCell) values (41, E'<img src="/glycomics/common/images/presentation/array_inactive.jpg" alt="View Primary Screen Information" name="data_button_h_15" width="40" height="40" border="0" id="data_button_h_15">', E'http://www.functionalglycomics.org:80/glycomics/HServlet?operation=view&sideMenu=no&psId=primscreen_6580', 0);
insert into "cfg_5_2".experiment_link(experiment_id, link_id) values (7, 41);
insert into "cfg_5_2".link (id, linkText, href, parentCell) values (42, E'<img src="/glycomics/common/images/presentation/data_inactive.jpg" alt="Raw Data" name="dat_button_h_15" width="40" height="40" border="0" id="dat_button_h_15">', E'http://www.functionalglycomics.org:80/glycomics/HFileServlet?operation=downloadRawFile&fileType=DAT&sideMenu=no&objId=1006579', 1);
insert into "cfg_5_2".experiment_link(experiment_id, link_id) values (7, 42);
insert into "cfg_5_2".experiment (id, primscreen, sample_name, species, protein_family, investigator, request, date, sample_data_id, experiment_data_id, request_data_id, filename) values (7, '6580', E'8-21:8-21', E'Not Applicable', E'Not Applicable', E'John Kearney', E'Glycan Array:3068', 'Feb 15, 18', 7, 7, 7, E'8-21_16984_GenePix571_v5.2_RESULTS.xls');


insert into cfg_5_2.sampledata (id, title, "Name", "Family", "Sub_Family", "Estimated_purity", "1001016772", "Status", "Primary_Sequence", "-436221455") values (8, E'Glycan Binding Protein : cbp_3374', E'Di-AAL2', E'Plant/Fungal Lectin', E'This protein was expressed in E. coli system and it\'s a fungal protein.', E'There is no other protein contaminants in our protein sample', E'07/26/2014', E'Not Finalized', E'>Di-AAL2MT SNVITQDLPI PVASRGFADI VGFGLDGVVI GRNAVNLQPF LAVKNFAQNA
GGWLTTKHVR LIADTTGTGK GDIVGFGNAG VYVSVNNGKN TFADPPKMVI ANFGYDAGGW
RVEKHLRYLA DIRKIGRADI IGFGEKGVLV SRNNGGLNFG PATLVLKDFG YDAGGWRLDR
HLRFLADVTG NGHLDIVGFG DKHVFISRNN GDGTFAPAKS VIDNFCIDAG GWKIGDHPRF
VADLTGDGTA DIIGCGKAGC WVALNNGGGV FGQVKLVIND FGTDKGWQAA KHPRFIADLT
GNGRGDVVGF GNAGVYVALN NGDGTFQSAK LVLKDFGVQQ GWTVSKHRRF VVDLTGDGCA
DIIGFGEKET LVSYNDGKGN FGPVKALTND FSFSGGKWAP ETTVCWMANL DSSRHPAPAP
MTSNVITQDL PIPVASRGFA DIVGFGLDGV VIGRNAVNLQ PFLAVKNFAQ NAGGWLTTKH
VRLIADTTGT GKGDIVGFGN AGVYVSVNNG KNTFADPPKM VIANFGYDAG GWRVEKHLRY
LADIRKIGRA DIIGFGEKGV LVSRNNGGLN FGPATLVLKD FGYDAGGWRL DRHLRFLADV
TGNGHLDIVG FGDKHVFISR NNGDGTFAPA KSVIDNFCID AGGWKIGDHP RFVADLTGDG
TADIIGCGKA GCWVALNNGG GVFGQVKLVI NDFGTDKGWQ AAKHPRFIAD LTGNGRGDVV
GFGNAGVYVA LNNGDGTFQS AKLVLKDFGV QQGWTVSKHR RFVVDLTGDG CADIIGFGEK
ETLVSYNDGK GNFGPVKALT NDFSFSGGKW APETTVCWMA NLDSSRH', E'It\'s a dimer of Agrocybe aegerita lectin AAL-2. There is a linker between the two AAL-2 sequence. The amino acid sequence of linker is:PAPAP.');
insert into cfg_5_2.experimentdata (id, title, "Status", "Title", "-1100022276", "Glycan_Array_Version", "Protocol_Id", "Replicate_Number", "Result_Nature", "1505767802", "-1183338289", "-491792363", "Assay_Information", "Annotation", "1635439566", "1137989877") values (8, E'Primary Screen : primscreen_6557', E'Public', E'The purpose of this request is to perform the analysis of the dimer of AAL-2 along with a positive control on the glycan array.', E'cfg_rRequest_3085', E'PA_v52', E'Protocol Tertiary step', E'1', E'Data', E'2 micrograms/ml', E'09/23/2014', E'Hui Sun', E'Sample was diluted in standard binding buffer and detected with anti-AAL2 (sent by PI, 1:1000) followed by anti-rabbit IgG-Alexa488 (5 ug/ml).', E'Di-AAL2-2', E'Di-AAL2', E'Download');
insert into cfg_5_2.requestdata (id, title, "Request_ID", "Status", "Project_Description", "CFG_Member?", "Requester_First_Name", "Requester_Last_Name", "447911925", "1339104825", "Assigned_First_Name", "Assigned_Last_Name", "Requester_Email", "Requester_Interest", "Request_Date", "Institution", "Shipping_Address", "CFG_Core", "Resource_Type", "Amount_Requested", "-1475790216", "-643239159", "2039874986", "GBP_being_Addressed", "5943919") values (8, E'cfg_rRequest_3085', E'cfg_rRequest_3085', E'Approved', E'The purpose of this request is to perform the analysis of the dimer of AAL-2 along with a positive control on the glycan array.', E'Yes subgroups :3 :Glycans in cancer biology ,2 :Glycans in immune recognition and function', E'GuoJun', E'Yu', E'Hui', E'Sun', E'Hui', E'Sun', E'sunhui@whu.edu.cn', E'This laboratory focuses in the innate and adaptive immunity modulated by lectins and hepatitis induced by lectins and it\'s immunity effect in hepatocellular carcinoma.', E'07/10/2014', E'College of Life Sciences, Wuhan University', E'Shipping address: College of Life Sciences, Wuhan University, Wuhan, Hubei Province, P.R.China, 430072 Tel/Fax: +86-27-68754401', E'H', E'MicroArray', E'', E'09/10/2014', E'The protein we want to apply for glycan array is a dimer of AAL-2. We obtained this dimer by prokaryotic expression. The glycan array of AAL-2 has been availabe on the CFG website. From AAL-2 glycan array, we can conclude that AAL-2 protein has good specificity and high affinity to the GlcNAc terminated glycans. From our preliminary results of ITC experiment, we conclude that the AAL-2 dimer has higher affinity towards GlcNAc molecules than AAL-2. Here, we want to perform a glycan array of AAL-2 dimer to see whether the dimer has a better specificity and higher affinity to GlcNAc terminated glycans than AAL-2. Then, by analyzing the glycan array of AAL-2 dimer, we hope that we can use this dimer protein as a tool to efficiently enrich the O-GlcNAc modified proteins from tissues or cells. By using AAL-2 dimer, we hope that we can identify more and more o-GlcNAc modified proteins and could largely promote the progress of the glycobiology field.', E'N', E'The polyclonal antibody against AAL-2 will be provided for detection on the glycan array', E'* 1. Define the specificity and affinity for carbohydrate ligands');
insert into "cfg_5_2".link (id, linkText, href, parentCell) values (43, E'Di-AAL2:Di-AAL2-2', E'http://www.functionalglycomics.org:80/glycomics/GBPServlet?pageType=view&view=view&operationType=view&cbpId=cbp_3374&sideMenu=no', 0);
insert into "cfg_5_2".experiment_link(experiment_id, link_id) values (8, 43);
insert into "cfg_5_2".link (id, linkText, href, parentCell) values (44, E'PROTEIN View:cbp_3374', E'http://www.functionalglycomics.org:80/glycomics/GBPServlet?pageType=view&view=view&operationType=view&cbpId=cbp_3374&sideMenu=no', 0);
insert into "cfg_5_2".experiment_link(experiment_id, link_id) values (8, 44);
insert into "cfg_5_2".link (id, linkText, href, parentCell) values (45, E'Hui Sun', E'http://translate.google.com/translate?hl=en&sl=zh-CN&u=http://www.bio.whu.edu.cn/cn1/faculty/sunhui.htm&ei=vlhbSpOcOI2MtAPcwOCDCw&sa=X&oi=translate&resnum=9&ct=result&prev=/search%3Fq%3Dsunhui%2540whu.edu.cn%26hl%3Den%26sa%3DG', 3);
insert into "cfg_5_2".experiment_link(experiment_id, link_id) values (8, 45);
insert into "cfg_5_2".link (id, linkText, href, parentCell) values (46, E' Glycan Array:3085', E'/glycomics/ResourceServlet?operation=viewById&resourceRequestId=cfg_rRequest_3085&View=View', 0);
insert into "cfg_5_2".experiment_link(experiment_id, link_id) values (8, 46);
insert into cfg_5_2.protocoldata (id, title, "Title", "Core", "Category", "Keyword", "Date__mm_dd_yyyy_", "Overview") values (8, E'Protocol : cfgPTC_247', E'Protocol Tertiary step', E'H', E'Lectin-Glycan Binding', E'Unlabeled Sample and Unlabeled Primary (3 step)', E'02/13/2009', E'Unlabeled sample is diluted to an appropriate concentration in standard binding buffer (TSM, 1% BSA and 0.05% Tween 20).  Seventy microliters is applied to the printed surface of the array, cover slip is applied, and incubated at room temperature in a humidified chamber away from light for one hour.  The cover slip was removed and the slide is rinsed 4 times in standard TSM washing buffer containing 0.05 percent Tween and 4 times in TSM buffer without Tween. A second step is performed with seventy microliters of antibody/reagent specific for the unlabeled sample diluted in TSM binding buffer is added to the slide for one hour at room temperature in a humidified chamber away from light as described.  Washes were performed as above. A tertiary step is performed with seventy microliters of fluorescently labeled antibody/reagent to the antibody/reagent in the second step, diluted in TSM buffer for one hour in a humidified chamber away from light as described. Washes are performed as above, followed by 4 washes in distilled water. 
');
insert into "cfg_5_2".link (id, linkText, href, parentCell) values (47, E'Protocol Description (PDF)', E'http://www.functionalglycomics.org/glycomics/DFileServlet?operation=display&objType=protocol&protocolId=cfgPTC_247', null);
insert into "cfg_5_2".experiment_link(experiment_id, link_id) values (8, 47);
insert into "cfg_5_2".link (id, linkText, href, parentCell) values (48, E'<img src="/glycomics/common/images/presentation/array_inactive.jpg" alt="View Primary Screen Information" name="data_button_h_16" width="40" height="40" border="0" id="data_button_h_16">', E'http://www.functionalglycomics.org:80/glycomics/HServlet?operation=view&sideMenu=no&psId=primscreen_6557', 0);
insert into "cfg_5_2".experiment_link(experiment_id, link_id) values (8, 48);
insert into "cfg_5_2".link (id, linkText, href, parentCell) values (49, E'<img src="/glycomics/common/images/presentation/data_inactive.jpg" alt="Raw Data" name="dat_button_h_16" width="40" height="40" border="0" id="dat_button_h_16">', E'http://www.functionalglycomics.org:80/glycomics/HFileServlet?operation=downloadRawFile&fileType=DAT&sideMenu=no&objId=1006556', 1);
insert into "cfg_5_2".experiment_link(experiment_id, link_id) values (8, 49);
insert into "cfg_5_2".experiment (id, primscreen, sample_name, species, protein_family, investigator, request, date, sample_data_id, experiment_data_id, request_data_id, filename) values (8, '6557', E'Di-AAL2:Di-AAL2-2', E'Other', E'Plant/Fungal Lectin', E'Hui Sun', E'Glycan Array:3085', 'Feb 15, 18', 8, 8, 8, E'DiAAL2_2ug_17100_v5.2_GenePixP488_Results.xls');


insert into cfg_5_2.sampledata (id, title, "Name", "Family", "Sub_Family", "Estimated_purity", "1001016772", "Status", "Primary_Sequence", "-436221455") values (9, E'Glycan Binding Protein : cbp_3374', E'Di-AAL2', E'Plant/Fungal Lectin', E'This protein was expressed in E. coli system and it\'s a fungal protein.', E'There is no other protein contaminants in our protein sample', E'07/26/2014', E'Not Finalized', E'>Di-AAL2MT SNVITQDLPI PVASRGFADI VGFGLDGVVI GRNAVNLQPF LAVKNFAQNA
GGWLTTKHVR LIADTTGTGK GDIVGFGNAG VYVSVNNGKN TFADPPKMVI ANFGYDAGGW
RVEKHLRYLA DIRKIGRADI IGFGEKGVLV SRNNGGLNFG PATLVLKDFG YDAGGWRLDR
HLRFLADVTG NGHLDIVGFG DKHVFISRNN GDGTFAPAKS VIDNFCIDAG GWKIGDHPRF
VADLTGDGTA DIIGCGKAGC WVALNNGGGV FGQVKLVIND FGTDKGWQAA KHPRFIADLT
GNGRGDVVGF GNAGVYVALN NGDGTFQSAK LVLKDFGVQQ GWTVSKHRRF VVDLTGDGCA
DIIGFGEKET LVSYNDGKGN FGPVKALTND FSFSGGKWAP ETTVCWMANL DSSRHPAPAP
MTSNVITQDL PIPVASRGFA DIVGFGLDGV VIGRNAVNLQ PFLAVKNFAQ NAGGWLTTKH
VRLIADTTGT GKGDIVGFGN AGVYVSVNNG KNTFADPPKM VIANFGYDAG GWRVEKHLRY
LADIRKIGRA DIIGFGEKGV LVSRNNGGLN FGPATLVLKD FGYDAGGWRL DRHLRFLADV
TGNGHLDIVG FGDKHVFISR NNGDGTFAPA KSVIDNFCID AGGWKIGDHP RFVADLTGDG
TADIIGCGKA GCWVALNNGG GVFGQVKLVI NDFGTDKGWQ AAKHPRFIAD LTGNGRGDVV
GFGNAGVYVA LNNGDGTFQS AKLVLKDFGV QQGWTVSKHR RFVVDLTGDG CADIIGFGEK
ETLVSYNDGK GNFGPVKALT NDFSFSGGKW APETTVCWMA NLDSSRH', E'It\'s a dimer of Agrocybe aegerita lectin AAL-2. There is a linker between the two AAL-2 sequence. The amino acid sequence of linker is:PAPAP.');
insert into cfg_5_2.experimentdata (id, title, "Status", "Title", "-1100022276", "Glycan_Array_Version", "Protocol_Id", "Replicate_Number", "Result_Nature", "1505767802", "-1183338289", "-491792363", "Assay_Information", "Annotation", "1635439566", "1137989877") values (9, E'Primary Screen : primscreen_6556', E'Public', E'The purpose of this request is to perform the analysis of the dimer of AAL-2 along with a positive control on the glycan array.', E'cfg_rRequest_3085', E'PA_v52', E'Protocol Tertiary step', E'1', E'Data', E'20 micrograms/ml', E'09/19/2014', E'Hui Sun', E'Sample was diluted in standard binding buffer and detected with anti-AAL2 (sent by PI, 1:1000) followed by anti-rabbit IgG-Alexa488 (5 ug/ml).', E'Di-AAL2-20', E'Di-AAL2', E'Download');
insert into cfg_5_2.requestdata (id, title, "Request_ID", "Status", "Project_Description", "CFG_Member?", "Requester_First_Name", "Requester_Last_Name", "447911925", "1339104825", "Assigned_First_Name", "Assigned_Last_Name", "Requester_Email", "Requester_Interest", "Request_Date", "Institution", "Shipping_Address", "CFG_Core", "Resource_Type", "Amount_Requested", "-1475790216", "-643239159", "2039874986", "GBP_being_Addressed", "5943919") values (9, E'cfg_rRequest_3085', E'cfg_rRequest_3085', E'Approved', E'The purpose of this request is to perform the analysis of the dimer of AAL-2 along with a positive control on the glycan array.', E'Yes subgroups :3 :Glycans in cancer biology ,2 :Glycans in immune recognition and function', E'GuoJun', E'Yu', E'Hui', E'Sun', E'Hui', E'Sun', E'sunhui@whu.edu.cn', E'This laboratory focuses in the innate and adaptive immunity modulated by lectins and hepatitis induced by lectins and it\'s immunity effect in hepatocellular carcinoma.', E'07/10/2014', E'College of Life Sciences, Wuhan University', E'Shipping address: College of Life Sciences, Wuhan University, Wuhan, Hubei Province, P.R.China, 430072 Tel/Fax: +86-27-68754401', E'H', E'MicroArray', E'', E'09/10/2014', E'The protein we want to apply for glycan array is a dimer of AAL-2. We obtained this dimer by prokaryotic expression. The glycan array of AAL-2 has been availabe on the CFG website. From AAL-2 glycan array, we can conclude that AAL-2 protein has good specificity and high affinity to the GlcNAc terminated glycans. From our preliminary results of ITC experiment, we conclude that the AAL-2 dimer has higher affinity towards GlcNAc molecules than AAL-2. Here, we want to perform a glycan array of AAL-2 dimer to see whether the dimer has a better specificity and higher affinity to GlcNAc terminated glycans than AAL-2. Then, by analyzing the glycan array of AAL-2 dimer, we hope that we can use this dimer protein as a tool to efficiently enrich the O-GlcNAc modified proteins from tissues or cells. By using AAL-2 dimer, we hope that we can identify more and more o-GlcNAc modified proteins and could largely promote the progress of the glycobiology field.', E'N', E'The polyclonal antibody against AAL-2 will be provided for detection on the glycan array', E'* 1. Define the specificity and affinity for carbohydrate ligands');
insert into "cfg_5_2".link (id, linkText, href, parentCell) values (50, E'Di-AAL2:Di-AAL2-20', E'http://www.functionalglycomics.org:80/glycomics/GBPServlet?pageType=view&view=view&operationType=view&cbpId=cbp_3374&sideMenu=no', 0);
insert into "cfg_5_2".experiment_link(experiment_id, link_id) values (9, 50);
insert into "cfg_5_2".link (id, linkText, href, parentCell) values (51, E'PROTEIN View:cbp_3374', E'http://www.functionalglycomics.org:80/glycomics/GBPServlet?pageType=view&view=view&operationType=view&cbpId=cbp_3374&sideMenu=no', 0);
insert into "cfg_5_2".experiment_link(experiment_id, link_id) values (9, 51);
insert into "cfg_5_2".link (id, linkText, href, parentCell) values (52, E'Hui Sun', E'http://translate.google.com/translate?hl=en&sl=zh-CN&u=http://www.bio.whu.edu.cn/cn1/faculty/sunhui.htm&ei=vlhbSpOcOI2MtAPcwOCDCw&sa=X&oi=translate&resnum=9&ct=result&prev=/search%3Fq%3Dsunhui%2540whu.edu.cn%26hl%3Den%26sa%3DG', 3);
insert into "cfg_5_2".experiment_link(experiment_id, link_id) values (9, 52);
insert into "cfg_5_2".link (id, linkText, href, parentCell) values (53, E' Glycan Array:3085', E'/glycomics/ResourceServlet?operation=viewById&resourceRequestId=cfg_rRequest_3085&View=View', 0);
insert into "cfg_5_2".experiment_link(experiment_id, link_id) values (9, 53);
insert into cfg_5_2.protocoldata (id, title, "Title", "Core", "Category", "Keyword", "Date__mm_dd_yyyy_", "Overview") values (9, E'Protocol : cfgPTC_247', E'Protocol Tertiary step', E'H', E'Lectin-Glycan Binding', E'Unlabeled Sample and Unlabeled Primary (3 step)', E'02/13/2009', E'Unlabeled sample is diluted to an appropriate concentration in standard binding buffer (TSM, 1% BSA and 0.05% Tween 20).  Seventy microliters is applied to the printed surface of the array, cover slip is applied, and incubated at room temperature in a humidified chamber away from light for one hour.  The cover slip was removed and the slide is rinsed 4 times in standard TSM washing buffer containing 0.05 percent Tween and 4 times in TSM buffer without Tween. A second step is performed with seventy microliters of antibody/reagent specific for the unlabeled sample diluted in TSM binding buffer is added to the slide for one hour at room temperature in a humidified chamber away from light as described.  Washes were performed as above. A tertiary step is performed with seventy microliters of fluorescently labeled antibody/reagent to the antibody/reagent in the second step, diluted in TSM buffer for one hour in a humidified chamber away from light as described. Washes are performed as above, followed by 4 washes in distilled water. 
');
insert into "cfg_5_2".link (id, linkText, href, parentCell) values (54, E'Protocol Description (PDF)', E'http://www.functionalglycomics.org/glycomics/DFileServlet?operation=display&objType=protocol&protocolId=cfgPTC_247', null);
insert into "cfg_5_2".experiment_link(experiment_id, link_id) values (9, 54);
insert into "cfg_5_2".link (id, linkText, href, parentCell) values (55, E'<img src="/glycomics/common/images/presentation/array_inactive.jpg" alt="View Primary Screen Information" name="data_button_h_17" width="40" height="40" border="0" id="data_button_h_17">', E'http://www.functionalglycomics.org:80/glycomics/HServlet?operation=view&sideMenu=no&psId=primscreen_6556', 0);
insert into "cfg_5_2".experiment_link(experiment_id, link_id) values (9, 55);
insert into "cfg_5_2".link (id, linkText, href, parentCell) values (56, E'<img src="/glycomics/common/images/presentation/data_inactive.jpg" alt="Raw Data" name="dat_button_h_17" width="40" height="40" border="0" id="dat_button_h_17">', E'http://www.functionalglycomics.org:80/glycomics/HFileServlet?operation=downloadRawFile&fileType=DAT&sideMenu=no&objId=1006555', 1);
insert into "cfg_5_2".experiment_link(experiment_id, link_id) values (9, 56);
insert into "cfg_5_2".experiment (id, primscreen, sample_name, species, protein_family, investigator, request, date, sample_data_id, experiment_data_id, request_data_id, filename) values (9, '6556', E'Di-AAL2:Di-AAL2-20', E'Other', E'Plant/Fungal Lectin', E'Hui Sun', E'Glycan Array:3085', 'Feb 15, 18', 9, 9, 9, E'DiAAL2_20ug_17084_V5.2_GenePixP488_Results.xls');


insert into cfg_5_2.sampledata (id, title, "-782475580", "65299273", "2119431185", "-546303161", "473641455", "1281541380", "1799653750", "-1790003555", "-1585180357", "75611650", "Adjuvant", "953343693", "-1051843856", "-1801243311", "-1020686480", "-188920193", "Condition_of_storage", "-861196869", "207605457", "-728300322", "-677687632") values (10, E'Sample Information : SIae7_3486', E'SIae7', E'monoclonal affinity purified', E'IgM kappa', E'BALB/c mouse', E'na', E'na', E'Adult BALB/c mice', E'female', E'Group B streptococci (Ia)', E'na', E'na', E'na', E'4x weekly', E'na', E'na', E'PBS', E'4c stable', E'3yrs very stable', E'na', E'na', E'Sialolactotetraose');
insert into cfg_5_2.experimentdata (id, title, "Status", "Title", "-1100022276", "Glycan_Array_Version", "Protocol_Id", "Replicate_Number", "Result_Nature", "1505767802", "-1183338289", "-491792363", "Assay_Information", "Annotation", "-786589929", "1137989877") values (10, E'Primary Screen : primscreen_6582', E'Public', E'The purpose of this request is to analyze monoclonal antibodies that have been shown to clearly bind alpha-1-3 linear and branched glycans.', E'cfg_rRequest_3068', E'PA_v52', E'Protocol Monoclonal Antibody', E'1', E'Data', E'10 micrograms/ml', E'09/05/2014', E'John Kearney', E'Sample was diluted in standard binding buffer and was detected with anti-mouse IgM-488 (Invitrogen, 5 ug/ml).', E'Slae7', E'SIae7_3486', E'Download');
insert into cfg_5_2.requestdata (id, title, "Request_ID", "Status", "Project_Description", "CFG_Member?", "Requester_First_Name", "Requester_Last_Name", "447911925", "1339104825", "Assigned_First_Name", "Assigned_Last_Name", "Requester_Email", "Request_Date", "Institution", "Shipping_Address", "CFG_Core", "Amount_Requested", "-643239159", "2039874986", "-1235327866", "GBP_being_Addressed", "5943919") values (10, E'cfg_rRequest_3068', E'cfg_rRequest_3068', E'Approved', E'The purpose of this request is to analyze monoclonal antibodies that have been shown to clearly bind alpha-1-3 linear and branched glycans.', E'Yes subgroups :To Be Assigned', E'John', E'Kearney', E'John', E'Kearney', E'John', E'Kearney', E'jfk@uab.edu', E'05/23/2014', E'University of Alabama at Birmingham', E'410 Shelby Building University of Alabama at Birmingham Birmingham, Al 35294 2059346557', E'H', E'', E'My lab has accumulated a large number of purified monoclonal antibodies mostly of IgM,IgG3 and IgA isotypes to a variety of carbohydrates expressed on capsules or cell walls of S. pneumonia, Groups A and B streptococci, Enterobacter, B subtilis. We know the fine specificities of some of these include alpha 1-3 glucans, GlcNAc containing polysaccharides, sialylated oligosaccharides. We have found recently that a lot of these of these bind Aspergillus fumigatus and as well as protecting against infections induced by the organisms used to raise these Mabs they can protect against A. fumigatus induced airway disease in mouse models for which we are funded by NIAID grant R01 AI14782-34 (3/1/011-2/28/16), and another one to study infant antibody response to bacterial polysaccharides, 1R01AI100005-01(3/1/12 – 2/28/17). I would like to test these Mabs on glycan arrays to determine their reactivity to a wider array of glycans which would give us valuable information to help study their role in interacting with other organisms (including self glycoprotein antigens). In this request we wish to ascertain the fine specificity of a series of monoclonal antibodies which have nominal reactivity with alpha1-3 glucose containing polysaccharides. They are highly purified from serum free hybridoma supernatant by monoclonal anti-mouse IgM or IgA and protein G -Sepharose columns. Since this panel contains multiple isotypes it would be best to use a secondary anti-Mouse Ig antibody that reacts with all mouse Ig isotypes.', E'Y', E'David Smith', E'Data on five monoclonal antibodies I am wish to submit that have been shown to clearly bind alpha-1-3 linear and branched glycans by nigerotriose inhibitable ELISA assays. Mab: A16 (IgM, lambda) Derivation: BALB/J mice immunized with alpha1-3 dextran Source: Hybridoma grown in serum free Gibco HB medium Purification: Affinity chromatography from monoclonal anti-Mouse IgM Sepharose, eluted at acid pH Biological Activity: Binds to Enterobacter cloacae and A. fumigatus brightly by flow cytometry. Nominal specificity: alpha 1-3 glucans Preparation: Purified IgM Mab: 1-21 (IgM, lambda) Derivation: BALB/J mice immunized with bacterial derived &#945;1-3 glucan Source: Hybridoma grown in serum free Gibco HB medium Purification: Affinity chromatography from monoclonal anti-Mouse IgM Sepharose, eluted at acid pH Biological Activity: Binds Enterobacter cloacae and A. fumigatus brightly by flow cytometry Nominal specificity: &#945;1-3 glucan-containing molecules Preparation: Purified IgM Mab: 8-21 (IgG2b, lambda) Derivation: BALB/J mice immunized with bacterial derived &#945;1-3 glucan Source: Hybridoma grown in serum free Gibco HB medium Purification: Affinity chromatography Protein G column - Sepharose, eluted at acid pH Biological Activity: Binds A. fumigatus Nominal specificity: &#945;1-3 glucan-containing molecules Preparation: Purified IgG2b Mab: J558 (IgA, lambda) Derivation: BALB/J mice plasmacytoma with specificity to &#945;1-3 glucan Source: Plasmacytoma grown in serum free Gibco HB medium Purification: Affinity chromatography anti-Mouse IgA-sepharose column - Sepharose, eluted at acid pH Biological Activity: Binds A. fumigatus, bacteria Nominal specificity: &#945;1-3 glucan-containing molecules Preparation: Purified IgA Mab: S1ae7 (IgM, kappa) Derivation: BALB/J mice hybridoma with specificity to Group B (1a) streptococci Source: Hybridoma grown in serum free Gibco HB medium Purification: Affinity chromatography anti-Mouse IgM-sepharose column - Sepharose, eluted at acid pH Biological Activity: Binds A. fumigatus, bacteria Nominal specificity: oligosaccharide Preparation: Purified IgM', E'* 1. Define the specificity and affinity for carbohydrate ligands');
insert into "cfg_5_2".link (id, linkText, href, parentCell) values (57, E'SAMPLE View : SIae7_3486', E'http://www.functionalglycomics.org/glycomics/SampleServlet?pageType=view&templateKey=18&key=3486&rrid=cfg_rRequest_3068&operationType=view', 0);
insert into "cfg_5_2".experiment_link(experiment_id, link_id) values (10, 57);
insert into "cfg_5_2".link (id, linkText, href, parentCell) values (58, E' Glycan Array:3068', E'/glycomics/ResourceServlet?operation=viewById&resourceRequestId=cfg_rRequest_3068&View=View', 0);
insert into "cfg_5_2".experiment_link(experiment_id, link_id) values (10, 58);
insert into cfg_5_2.protocoldata (id, title, "Title", "Core", "Category", "Keyword", "Date__mm_dd_yyyy_", "Overview") values (10, E'Protocol : cfgPTC_244', E'Protocol Monoclonal Antibody', E'H', E'Lectin-Glycan Binding', E'Monoclonal Antibodies', E'02/13/2009', E'Antibody is diluted to an appropriate concentration in standard binding buffer (TSM, 1% BSA and 0.05% Tween 20).  Seventy microliters is applied to the printed surface of the array, cover slip is applied, and incubated at room temperature in a humidified chamber away from light for one hour.  The cover slip is removed and the slide is rinsed 4 times in standard TSM washing buffer containing 0.05% Tween and 4 times in TSM buffer without Tween. Seventy microliters of the appropriate fluorescently labeled secondary antibody diluted in TSM buffer is added to the slide for one hour in a humidified chamber away from light as described. Washes are performed as above, followed by 4 washes in distilled water. ');
insert into "cfg_5_2".link (id, linkText, href, parentCell) values (59, E'Protocol Description (PDF)', E'http://www.functionalglycomics.org/glycomics/DFileServlet?operation=display&objType=protocol&protocolId=cfgPTC_244', null);
insert into "cfg_5_2".experiment_link(experiment_id, link_id) values (10, 59);
insert into "cfg_5_2".link (id, linkText, href, parentCell) values (60, E'<img src="/glycomics/common/images/presentation/array_inactive.jpg" alt="View Primary Screen Information" name="data_button_h_20" width="40" height="40" border="0" id="data_button_h_20">', E'http://www.functionalglycomics.org:80/glycomics/HServlet?operation=view&sideMenu=no&psId=primscreen_6582', 0);
insert into "cfg_5_2".experiment_link(experiment_id, link_id) values (10, 60);
insert into "cfg_5_2".link (id, linkText, href, parentCell) values (61, E'<img src="/glycomics/common/images/presentation/data_inactive.jpg" alt="Raw Data" name="dat_button_h_20" width="40" height="40" border="0" id="dat_button_h_20">', E'http://www.functionalglycomics.org:80/glycomics/HFileServlet?operation=downloadRawFile&fileType=DAT&sideMenu=no&objId=1006581', 1);
insert into "cfg_5_2".experiment_link(experiment_id, link_id) values (10, 61);
insert into "cfg_5_2".experiment (id, primscreen, sample_name, species, protein_family, investigator, request, date, sample_data_id, experiment_data_id, request_data_id, filename) values (10, '6582', E'Slae7:Slae7', E'Not Applicable', E'Not Applicable', E'John Kearney', E'Glycan Array:3068', 'Feb 15, 18', 10, 10, 10, E'SIae7_16987_GenePix_v5.2_RESULTS.xls');


insert into cfg_5_2.sampledata (id, title, "-782475580", "65299273", "2119431185", "-546303161", "473641455", "1281541380", "1799653750", "-1790003555", "-1585180357", "75611650", "Adjuvant", "953343693", "-1051843856", "-1801243311", "-1020686480", "-188920193", "Condition_of_storage", "-861196869", "207605457", "-728300322", "-677687632") values (11, E'Sample Information : A16_3484', E'A16', E'Monoclonal', E'IgM lambda affinity purified', E'mouse mus musculus', E'na', E'na', E'adult BALB/c mice', E'female', E'purified apha 1-3 dextran', E'na', E'na', E'100', E'3x weekly', E'na', E'na', E'PBS plus Calcium', E'4c', E'3yrs very stable', E'na', E'Elisa FACs staining of bacteria', E'purified alpha 1-3 dextran');
insert into cfg_5_2.experimentdata (id, title, "Status", "Title", "-1100022276", "Glycan_Array_Version", "Protocol_Id", "Replicate_Number", "Result_Nature", "1505767802", "-1183338289", "-491792363", "Assay_Information", "Annotation", "-786589929", "1137989877") values (11, E'Primary Screen : primscreen_6581', E'Public', E'The purpose of this request is to analyze monoclonal antibodies that have been shown to clearly bind alpha-1-3 linear and branched glycans.', E'cfg_rRequest_3068', E'PA_v52', E'Protocol Monoclonal Antibody', E'1', E'Data', E'10 micrograms/ml', E'09/05/2014', E'John Kearney', E'Sample was diluted in standard binding buffer and was detected with anti-mouse IgM-488 (Invitrogen, 5 ug/ml).', E'A16', E'A16_3484', E'Download');
insert into cfg_5_2.requestdata (id, title, "Request_ID", "Status", "Project_Description", "CFG_Member?", "Requester_First_Name", "Requester_Last_Name", "447911925", "1339104825", "Assigned_First_Name", "Assigned_Last_Name", "Requester_Email", "Request_Date", "Institution", "Shipping_Address", "CFG_Core", "Amount_Requested", "-643239159", "2039874986", "-1235327866", "GBP_being_Addressed", "5943919") values (11, E'cfg_rRequest_3068', E'cfg_rRequest_3068', E'Approved', E'The purpose of this request is to analyze monoclonal antibodies that have been shown to clearly bind alpha-1-3 linear and branched glycans.', E'Yes subgroups :To Be Assigned', E'John', E'Kearney', E'John', E'Kearney', E'John', E'Kearney', E'jfk@uab.edu', E'05/23/2014', E'University of Alabama at Birmingham', E'410 Shelby Building University of Alabama at Birmingham Birmingham, Al 35294 2059346557', E'H', E'', E'My lab has accumulated a large number of purified monoclonal antibodies mostly of IgM,IgG3 and IgA isotypes to a variety of carbohydrates expressed on capsules or cell walls of S. pneumonia, Groups A and B streptococci, Enterobacter, B subtilis. We know the fine specificities of some of these include alpha 1-3 glucans, GlcNAc containing polysaccharides, sialylated oligosaccharides. We have found recently that a lot of these of these bind Aspergillus fumigatus and as well as protecting against infections induced by the organisms used to raise these Mabs they can protect against A. fumigatus induced airway disease in mouse models for which we are funded by NIAID grant R01 AI14782-34 (3/1/011-2/28/16), and another one to study infant antibody response to bacterial polysaccharides, 1R01AI100005-01(3/1/12 – 2/28/17). I would like to test these Mabs on glycan arrays to determine their reactivity to a wider array of glycans which would give us valuable information to help study their role in interacting with other organisms (including self glycoprotein antigens). In this request we wish to ascertain the fine specificity of a series of monoclonal antibodies which have nominal reactivity with alpha1-3 glucose containing polysaccharides. They are highly purified from serum free hybridoma supernatant by monoclonal anti-mouse IgM or IgA and protein G -Sepharose columns. Since this panel contains multiple isotypes it would be best to use a secondary anti-Mouse Ig antibody that reacts with all mouse Ig isotypes.', E'Y', E'David Smith', E'Data on five monoclonal antibodies I am wish to submit that have been shown to clearly bind alpha-1-3 linear and branched glycans by nigerotriose inhibitable ELISA assays. Mab: A16 (IgM, lambda) Derivation: BALB/J mice immunized with alpha1-3 dextran Source: Hybridoma grown in serum free Gibco HB medium Purification: Affinity chromatography from monoclonal anti-Mouse IgM Sepharose, eluted at acid pH Biological Activity: Binds to Enterobacter cloacae and A. fumigatus brightly by flow cytometry. Nominal specificity: alpha 1-3 glucans Preparation: Purified IgM Mab: 1-21 (IgM, lambda) Derivation: BALB/J mice immunized with bacterial derived &#945;1-3 glucan Source: Hybridoma grown in serum free Gibco HB medium Purification: Affinity chromatography from monoclonal anti-Mouse IgM Sepharose, eluted at acid pH Biological Activity: Binds Enterobacter cloacae and A. fumigatus brightly by flow cytometry Nominal specificity: &#945;1-3 glucan-containing molecules Preparation: Purified IgM Mab: 8-21 (IgG2b, lambda) Derivation: BALB/J mice immunized with bacterial derived &#945;1-3 glucan Source: Hybridoma grown in serum free Gibco HB medium Purification: Affinity chromatography Protein G column - Sepharose, eluted at acid pH Biological Activity: Binds A. fumigatus Nominal specificity: &#945;1-3 glucan-containing molecules Preparation: Purified IgG2b Mab: J558 (IgA, lambda) Derivation: BALB/J mice plasmacytoma with specificity to &#945;1-3 glucan Source: Plasmacytoma grown in serum free Gibco HB medium Purification: Affinity chromatography anti-Mouse IgA-sepharose column - Sepharose, eluted at acid pH Biological Activity: Binds A. fumigatus, bacteria Nominal specificity: &#945;1-3 glucan-containing molecules Preparation: Purified IgA Mab: S1ae7 (IgM, kappa) Derivation: BALB/J mice hybridoma with specificity to Group B (1a) streptococci Source: Hybridoma grown in serum free Gibco HB medium Purification: Affinity chromatography anti-Mouse IgM-sepharose column - Sepharose, eluted at acid pH Biological Activity: Binds A. fumigatus, bacteria Nominal specificity: oligosaccharide Preparation: Purified IgM', E'* 1. Define the specificity and affinity for carbohydrate ligands');
insert into "cfg_5_2".link (id, linkText, href, parentCell) values (62, E'SAMPLE View : A16_3484', E'http://www.functionalglycomics.org/glycomics/SampleServlet?pageType=view&templateKey=18&key=3484&rrid=cfg_rRequest_3068&operationType=view', 0);
insert into "cfg_5_2".experiment_link(experiment_id, link_id) values (11, 62);
insert into "cfg_5_2".link (id, linkText, href, parentCell) values (63, E' Glycan Array:3068', E'/glycomics/ResourceServlet?operation=viewById&resourceRequestId=cfg_rRequest_3068&View=View', 0);
insert into "cfg_5_2".experiment_link(experiment_id, link_id) values (11, 63);
insert into cfg_5_2.protocoldata (id, title, "Title", "Core", "Category", "Keyword", "Date__mm_dd_yyyy_", "Overview") values (11, E'Protocol : cfgPTC_244', E'Protocol Monoclonal Antibody', E'H', E'Lectin-Glycan Binding', E'Monoclonal Antibodies', E'02/13/2009', E'Antibody is diluted to an appropriate concentration in standard binding buffer (TSM, 1% BSA and 0.05% Tween 20).  Seventy microliters is applied to the printed surface of the array, cover slip is applied, and incubated at room temperature in a humidified chamber away from light for one hour.  The cover slip is removed and the slide is rinsed 4 times in standard TSM washing buffer containing 0.05% Tween and 4 times in TSM buffer without Tween. Seventy microliters of the appropriate fluorescently labeled secondary antibody diluted in TSM buffer is added to the slide for one hour in a humidified chamber away from light as described. Washes are performed as above, followed by 4 washes in distilled water. ');
insert into "cfg_5_2".link (id, linkText, href, parentCell) values (64, E'Protocol Description (PDF)', E'http://www.functionalglycomics.org/glycomics/DFileServlet?operation=display&objType=protocol&protocolId=cfgPTC_244', null);
insert into "cfg_5_2".experiment_link(experiment_id, link_id) values (11, 64);
insert into "cfg_5_2".link (id, linkText, href, parentCell) values (65, E'<img src="/glycomics/common/images/presentation/array_inactive.jpg" alt="View Primary Screen Information" name="data_button_h_21" width="40" height="40" border="0" id="data_button_h_21">', E'http://www.functionalglycomics.org:80/glycomics/HServlet?operation=view&sideMenu=no&psId=primscreen_6581', 0);
insert into "cfg_5_2".experiment_link(experiment_id, link_id) values (11, 65);
insert into "cfg_5_2".link (id, linkText, href, parentCell) values (66, E'<img src="/glycomics/common/images/presentation/data_inactive.jpg" alt="Raw Data" name="dat_button_h_21" width="40" height="40" border="0" id="dat_button_h_21">', E'http://www.functionalglycomics.org:80/glycomics/HFileServlet?operation=downloadRawFile&fileType=DAT&sideMenu=no&objId=1006580', 1);
insert into "cfg_5_2".experiment_link(experiment_id, link_id) values (11, 66);
insert into "cfg_5_2".experiment (id, primscreen, sample_name, species, protein_family, investigator, request, date, sample_data_id, experiment_data_id, request_data_id, filename) values (11, '6581', E'A16:A16', E'Not Applicable', E'Not Applicable', E'John Kearney', E'Glycan Array:3068', 'Feb 15, 18', 11, 11, 11, E'A-16_16985_GenePixv5.2_RESULTS.xls');


insert into cfg_5_2.sampledata (id, title, "-782475580", "65299273", "2119431185", "-546303161", "473641455", "1281541380", "1799653750", "-1790003555", "-1585180357", "75611650", "Adjuvant", "953343693", "-1051843856", "-1801243311", "-1020686480", "-188920193", "Condition_of_storage", "-861196869", "207605457", "-728300322", "-677687632") values (12, E'Sample Information : 1-21_3482', E'1-21', E'Monoclonal affinity purified', E'IgM lambda', E'mouse', E'na', E'na', E'adult mice', E'female', E'purified alpah i-3 dextran', E'na', E'na', E'100ug', E'3 times iv', E'na', E'na', E'PBS plus Calcium', E'4c', E'3yrs', E'na', E'Elisa FACs staining of bacteria', E'linear alpha i-3 glucan');
insert into cfg_5_2.experimentdata (id, title, "Status", "Title", "-1100022276", "Glycan_Array_Version", "Protocol_Id", "Replicate_Number", "Result_Nature", "1505767802", "-1183338289", "-491792363", "Assay_Information", "Annotation", "-786589929", "1137989877") values (12, E'Primary Screen : primscreen_6579', E'Public', E'The purpose of this request is to analyze monoclonal antibodies that have been shown to clearly bind alpha-1-3 linear and branched glycans.', E'cfg_rRequest_3068', E'PA_v52', E'Protocol Monoclonal Antibody', E'1', E'Data', E'10 micrograms/ml', E'09/05/2014', E'John Kearney', E'Sample was diluted in standard binding buffer and was detected with anti-mouse IgM-488 (Invitrogen, 5 ug/ml).', E'1-21', E'1-21_3482', E'Download');
insert into cfg_5_2.requestdata (id, title, "Request_ID", "Status", "Project_Description", "CFG_Member?", "Requester_First_Name", "Requester_Last_Name", "447911925", "1339104825", "Assigned_First_Name", "Assigned_Last_Name", "Requester_Email", "Request_Date", "Institution", "Shipping_Address", "CFG_Core", "Amount_Requested", "-643239159", "2039874986", "-1235327866", "GBP_being_Addressed", "5943919") values (12, E'cfg_rRequest_3068', E'cfg_rRequest_3068', E'Approved', E'The purpose of this request is to analyze monoclonal antibodies that have been shown to clearly bind alpha-1-3 linear and branched glycans.', E'Yes subgroups :To Be Assigned', E'John', E'Kearney', E'John', E'Kearney', E'John', E'Kearney', E'jfk@uab.edu', E'05/23/2014', E'University of Alabama at Birmingham', E'410 Shelby Building University of Alabama at Birmingham Birmingham, Al 35294 2059346557', E'H', E'', E'My lab has accumulated a large number of purified monoclonal antibodies mostly of IgM,IgG3 and IgA isotypes to a variety of carbohydrates expressed on capsules or cell walls of S. pneumonia, Groups A and B streptococci, Enterobacter, B subtilis. We know the fine specificities of some of these include alpha 1-3 glucans, GlcNAc containing polysaccharides, sialylated oligosaccharides. We have found recently that a lot of these of these bind Aspergillus fumigatus and as well as protecting against infections induced by the organisms used to raise these Mabs they can protect against A. fumigatus induced airway disease in mouse models for which we are funded by NIAID grant R01 AI14782-34 (3/1/011-2/28/16), and another one to study infant antibody response to bacterial polysaccharides, 1R01AI100005-01(3/1/12 – 2/28/17). I would like to test these Mabs on glycan arrays to determine their reactivity to a wider array of glycans which would give us valuable information to help study their role in interacting with other organisms (including self glycoprotein antigens). In this request we wish to ascertain the fine specificity of a series of monoclonal antibodies which have nominal reactivity with alpha1-3 glucose containing polysaccharides. They are highly purified from serum free hybridoma supernatant by monoclonal anti-mouse IgM or IgA and protein G -Sepharose columns. Since this panel contains multiple isotypes it would be best to use a secondary anti-Mouse Ig antibody that reacts with all mouse Ig isotypes.', E'Y', E'David Smith', E'Data on five monoclonal antibodies I am wish to submit that have been shown to clearly bind alpha-1-3 linear and branched glycans by nigerotriose inhibitable ELISA assays. Mab: A16 (IgM, lambda) Derivation: BALB/J mice immunized with alpha1-3 dextran Source: Hybridoma grown in serum free Gibco HB medium Purification: Affinity chromatography from monoclonal anti-Mouse IgM Sepharose, eluted at acid pH Biological Activity: Binds to Enterobacter cloacae and A. fumigatus brightly by flow cytometry. Nominal specificity: alpha 1-3 glucans Preparation: Purified IgM Mab: 1-21 (IgM, lambda) Derivation: BALB/J mice immunized with bacterial derived &#945;1-3 glucan Source: Hybridoma grown in serum free Gibco HB medium Purification: Affinity chromatography from monoclonal anti-Mouse IgM Sepharose, eluted at acid pH Biological Activity: Binds Enterobacter cloacae and A. fumigatus brightly by flow cytometry Nominal specificity: &#945;1-3 glucan-containing molecules Preparation: Purified IgM Mab: 8-21 (IgG2b, lambda) Derivation: BALB/J mice immunized with bacterial derived &#945;1-3 glucan Source: Hybridoma grown in serum free Gibco HB medium Purification: Affinity chromatography Protein G column - Sepharose, eluted at acid pH Biological Activity: Binds A. fumigatus Nominal specificity: &#945;1-3 glucan-containing molecules Preparation: Purified IgG2b Mab: J558 (IgA, lambda) Derivation: BALB/J mice plasmacytoma with specificity to &#945;1-3 glucan Source: Plasmacytoma grown in serum free Gibco HB medium Purification: Affinity chromatography anti-Mouse IgA-sepharose column - Sepharose, eluted at acid pH Biological Activity: Binds A. fumigatus, bacteria Nominal specificity: &#945;1-3 glucan-containing molecules Preparation: Purified IgA Mab: S1ae7 (IgM, kappa) Derivation: BALB/J mice hybridoma with specificity to Group B (1a) streptococci Source: Hybridoma grown in serum free Gibco HB medium Purification: Affinity chromatography anti-Mouse IgM-sepharose column - Sepharose, eluted at acid pH Biological Activity: Binds A. fumigatus, bacteria Nominal specificity: oligosaccharide Preparation: Purified IgM', E'* 1. Define the specificity and affinity for carbohydrate ligands');
insert into "cfg_5_2".link (id, linkText, href, parentCell) values (67, E'SAMPLE View : 1-21_3482', E'http://www.functionalglycomics.org/glycomics/SampleServlet?pageType=view&templateKey=18&key=3482&rrid=cfg_rRequest_3068&operationType=view', 0);
insert into "cfg_5_2".experiment_link(experiment_id, link_id) values (12, 67);
insert into "cfg_5_2".link (id, linkText, href, parentCell) values (68, E' Glycan Array:3068', E'/glycomics/ResourceServlet?operation=viewById&resourceRequestId=cfg_rRequest_3068&View=View', 0);
insert into "cfg_5_2".experiment_link(experiment_id, link_id) values (12, 68);
insert into cfg_5_2.protocoldata (id, title, "Title", "Core", "Category", "Keyword", "Date__mm_dd_yyyy_", "Overview") values (12, E'Protocol : cfgPTC_244', E'Protocol Monoclonal Antibody', E'H', E'Lectin-Glycan Binding', E'Monoclonal Antibodies', E'02/13/2009', E'Antibody is diluted to an appropriate concentration in standard binding buffer (TSM, 1% BSA and 0.05% Tween 20).  Seventy microliters is applied to the printed surface of the array, cover slip is applied, and incubated at room temperature in a humidified chamber away from light for one hour.  The cover slip is removed and the slide is rinsed 4 times in standard TSM washing buffer containing 0.05% Tween and 4 times in TSM buffer without Tween. Seventy microliters of the appropriate fluorescently labeled secondary antibody diluted in TSM buffer is added to the slide for one hour in a humidified chamber away from light as described. Washes are performed as above, followed by 4 washes in distilled water. ');
insert into "cfg_5_2".link (id, linkText, href, parentCell) values (69, E'Protocol Description (PDF)', E'http://www.functionalglycomics.org/glycomics/DFileServlet?operation=display&objType=protocol&protocolId=cfgPTC_244', null);
insert into "cfg_5_2".experiment_link(experiment_id, link_id) values (12, 69);
insert into "cfg_5_2".link (id, linkText, href, parentCell) values (70, E'<img src="/glycomics/common/images/presentation/array_inactive.jpg" alt="View Primary Screen Information" name="data_button_h_22" width="40" height="40" border="0" id="data_button_h_22">', E'http://www.functionalglycomics.org:80/glycomics/HServlet?operation=view&sideMenu=no&psId=primscreen_6579', 0);
insert into "cfg_5_2".experiment_link(experiment_id, link_id) values (12, 70);
insert into "cfg_5_2".link (id, linkText, href, parentCell) values (71, E'<img src="/glycomics/common/images/presentation/data_inactive.jpg" alt="Raw Data" name="dat_button_h_22" width="40" height="40" border="0" id="dat_button_h_22">', E'http://www.functionalglycomics.org:80/glycomics/HFileServlet?operation=downloadRawFile&fileType=DAT&sideMenu=no&objId=1006578', 1);
insert into "cfg_5_2".experiment_link(experiment_id, link_id) values (12, 71);
insert into "cfg_5_2".experiment (id, primscreen, sample_name, species, protein_family, investigator, request, date, sample_data_id, experiment_data_id, request_data_id, filename) values (12, '6579', E'1-21:1-21', E'Not Applicable', E'Not Applicable', E'John Kearney', E'Glycan Array:3068', 'Feb 15, 18', 12, 12, 12, E'1-21_16983_GenePix_v5.2_RESULTS.xls');


insert into cfg_5_2.sampledata (id, title, "-782475580", "65299273", "2119431185", "27291108", "-546303161", "1799653750", "-1790003555", "-1585180357", "Adjuvant", "953343693", "-1051843856", "-1801243311", "-1020686480", "-188920193", "Condition_of_storage", "-861196869", "207605457", "-728300322") values (13, E'Sample Information : #19-10_3523', E'#19-10', E'Monoclonal', E'IgG', E'1', E'mouse', E'10-week-old', E'Femle', E'glycan-expressing cells (1,000,000 cells/injection)', E'Alum', E'0.25 ml, intraperitoneal injection', E'bi-weekly', E'4-weeks after immunization', E'EDTA', E'2o mM Tris-HCL pH7.4, 150 mM sodium chloride', E'4 °C', E'1 month', E'ammonium sulfate precipitaion and Protein G-Sepharose', E'immunohistochemistry');
insert into cfg_5_2.experimentdata (id, title, "Status", "Title", "-1100022276", "Glycan_Array_Version", "Protocol_Id", "Replicate_Number", "Result_Nature", "1505767802", "-1183338289", "-491792363", "Assay_Information", "Annotation", "-786589929", "1137989877") values (13, E'Primary Screen : primscreen_6572', E'Public', E'The purpose of this request is to analyze mouse monoclonal antibodies that strongly block lymphocyte homing on the glycan array.', E'cfg_rRequest_3103', E'PA_v52', E'Protocol Monoclonal Antibody', E'1', E'Data', E'10 micrograms/ml', E'09/03/2014', E'Hiroto Kawashima', E'Sample was diluted in standard binding buffer and was detected with anti-mouse IgG-488 (Invitrogen, 5 ug/ml).', E'19-10', E'#19-10_3523', E'Download');
insert into cfg_5_2.requestdata (id, title, "Request_ID", "Status", "Project_Description", "CFG_Member?", "Requester_First_Name", "Requester_Last_Name", "447911925", "1339104825", "Assigned_First_Name", "Assigned_Last_Name", "Requester_Email", "Requester_Interest", "Request_Date", "Institution", "Shipping_Address", "Comments", "CFG_Core", "Resource_Type", "Amount_Requested", "-643239159", "2039874986", "-1235327866", "GBP_being_Addressed", "5943919") values (13, E'cfg_rRequest_3103', E'cfg_rRequest_3103', E'Approved', E'The purpose of this request is to analyze mouse monoclonal antibodies that strongly block lymphocyte homing on the glycan array.', E'Yes subgroups :3 :Glycans in cancer biology ,2 :Glycans in immune recognition and function', E'Hiroto', E'Kawashima', E'Hiroto', E'Kawashima', E'Hiroto', E'Kawashima', E'h-kawashima@hoshi.ac.jp', E'This laboratory focuses on the functional roles of glycans in leukocyte trafficking and immune responses.', E'07/28/0014', E'Hoshi University', E'Department of Biochemistry, School of Pharmacy and Pharmaceutical Sciences, Hoshi University 2-4-41 Ebara, Shinagawa-ku, Tokyo 142-8501, Japan Phone: +81-3-5498-5775', E'I have just moved to the address above. I would like to send our new anti-glycan monoclonal antibodies to core H to determine their precise binding specificity. I would appreciate it very much if you could approve this request and provide me with the cfg rRequest number.', E'H', E'MicroArray', E'', E'We have established two mouse monoclonal antibodies (mouse IgG1 and mouse IgM). Both of the antibodies strongly blocked lymphocyte homing and immune responses. We would like to determine carbohydrate binding specificity of these antibodies.', E'Y', E'Hiroto Kawashima', E'Labeled secondary antibody against mouse IgG and mouse IgM should be used for detection of the binding.', E'* 1. Define the specificity and affinity for carbohydrate ligands * 3. Identify the ligand(s) that mediate GBP binding');
insert into "cfg_5_2".link (id, linkText, href, parentCell) values (72, E'SAMPLE View : #19-10_3523', E'http://www.functionalglycomics.org/glycomics/SampleServlet?pageType=view&templateKey=18&key=3523&rrid=cfg_rRequest_3103&operationType=view', 0);
insert into "cfg_5_2".experiment_link(experiment_id, link_id) values (13, 72);
insert into "cfg_5_2".link (id, linkText, href, parentCell) values (73, E'Hiroto Kawashima', E'http://www.metabolism.jst.go.jp/en/2ki/kawashima.html ', 3);
insert into "cfg_5_2".experiment_link(experiment_id, link_id) values (13, 73);
insert into "cfg_5_2".link (id, linkText, href, parentCell) values (74, E' Glycan Array:3103', E'/glycomics/ResourceServlet?operation=viewById&resourceRequestId=cfg_rRequest_3103&View=View', 0);
insert into "cfg_5_2".experiment_link(experiment_id, link_id) values (13, 74);
insert into cfg_5_2.protocoldata (id, title, "Title", "Core", "Category", "Keyword", "Date__mm_dd_yyyy_", "Overview") values (13, E'Protocol : cfgPTC_244', E'Protocol Monoclonal Antibody', E'H', E'Lectin-Glycan Binding', E'Monoclonal Antibodies', E'02/13/2009', E'Antibody is diluted to an appropriate concentration in standard binding buffer (TSM, 1% BSA and 0.05% Tween 20).  Seventy microliters is applied to the printed surface of the array, cover slip is applied, and incubated at room temperature in a humidified chamber away from light for one hour.  The cover slip is removed and the slide is rinsed 4 times in standard TSM washing buffer containing 0.05% Tween and 4 times in TSM buffer without Tween. Seventy microliters of the appropriate fluorescently labeled secondary antibody diluted in TSM buffer is added to the slide for one hour in a humidified chamber away from light as described. Washes are performed as above, followed by 4 washes in distilled water. ');
insert into "cfg_5_2".link (id, linkText, href, parentCell) values (75, E'Protocol Description (PDF)', E'http://www.functionalglycomics.org/glycomics/DFileServlet?operation=display&objType=protocol&protocolId=cfgPTC_244', null);
insert into "cfg_5_2".experiment_link(experiment_id, link_id) values (13, 75);
insert into "cfg_5_2".link (id, linkText, href, parentCell) values (76, E'<img src="/glycomics/common/images/presentation/array_inactive.jpg" alt="View Primary Screen Information" name="data_button_h_23" width="40" height="40" border="0" id="data_button_h_23">', E'http://www.functionalglycomics.org:80/glycomics/HServlet?operation=view&sideMenu=no&psId=primscreen_6572', 0);
insert into "cfg_5_2".experiment_link(experiment_id, link_id) values (13, 76);
insert into "cfg_5_2".link (id, linkText, href, parentCell) values (77, E'<img src="/glycomics/common/images/presentation/data_inactive.jpg" alt="Raw Data" name="dat_button_h_23" width="40" height="40" border="0" id="dat_button_h_23">', E'http://www.functionalglycomics.org:80/glycomics/HFileServlet?operation=downloadRawFile&fileType=DAT&sideMenu=no&objId=1006571', 1);
insert into "cfg_5_2".experiment_link(experiment_id, link_id) values (13, 77);
insert into "cfg_5_2".experiment (id, primscreen, sample_name, species, protein_family, investigator, request, date, sample_data_id, experiment_data_id, request_data_id, filename) values (13, '6572', E'19-10:19-10', E'Not Applicable', E'Not Applicable', E'Hiroto Kawashima', E'Glycan Array:3103', 'Feb 14, 18', 13, 13, 13, E'19-10_10_17049_3103_GenePix517_v5.2_RESULTS.xls');


insert into cfg_5_2.sampledata (id, title, "Name", "Family", "Sub_Family", "Spec_Sci_Name", "1001016772", "Status") values (14, E'Glycan Binding Protein : cbp_3381', E'Drna', E'Fusion', E'Other', E'Zebrafish', E'08/18/2014', E'Not Finalized');
insert into cfg_5_2.experimentdata (id, title, "Status", "Title", "-1100022276", "Glycan_Array_Version", "Protocol_Id", "Replicate_Number", "Result_Nature", "1505767802", "-1183338289", "-491792363", "Assay_Information", "Annotation", "1635439566", "1137989877") values (14, E'Primary Screen : primscreen_6576', E'Public', E'The purpose of this request is to analyze Drna from zebrafish on the glycan array.', E'cfg_rRequest_3104', E'PA_v52', E'Protocol Direct Binding', E'1', E'Data', E'200 micrograms/ml', E'09/23/2014', E'Hui Wu', E'Sample was diluted in standard binding buffer and was directly labeled with FITC.', E'Drna-FITC', E'Drna', E'Download');
insert into cfg_5_2.requestdata (id, title, "Request_ID", "Status", "Project_Description", "CFG_Member?", "Requester_First_Name", "Requester_Last_Name", "447911925", "1339104825", "Assigned_First_Name", "Assigned_Last_Name", "Requester_Email", "Requester_Interest", "Request_Date", "Institution", "CFG_Core", "Resource_Type", "Amount_Requested", "-1475790216", "-643239159", "2039874986", "-1235327866", "GBP_being_Addressed", "5943919") values (14, E'cfg_rRequest_3104', E'cfg_rRequest_3104', E'Approved', E'The purpose of this request is to analyze Drna from zebrafish on the glycan array.', E'Yes subgroups :1 :Glycans in host-microbe interactions', E'FAN', E'ZHU', E'hui', E'wu', E'Hui', E'Wu', E'hwu@uab.edu', E'This laboratory focuses on identification and characterization of glycan binding activities of a bacterial virulent factor and its host partner', E'07/28/2014', E'UAB', E'H', E'MicroArray', E'', E'07/30/2014', E'Drna from zebrafish is predicted to have a Jacalin-like lectin domain and a pore forming toxin-like domain. It is generally considered to be served as defensive substances against predators. We aim to find the specific carbohydrate which Drna can bind to. The information will be helpful for understanding the defensive system of zebrafish.', E'Y', E'David F. Smith', E'Drna is a protein with His tag. It can be detected using Fluorescence-labeled primary antibody against His-tag.', E'* 1. Define the specificity and affinity for carbohydrate ligands');
insert into "cfg_5_2".link (id, linkText, href, parentCell) values (78, E'Drna:Drna-FITC', E'http://www.functionalglycomics.org:80/glycomics/GBPServlet?pageType=view&view=view&operationType=view&cbpId=cbp_3381&sideMenu=no', 0);
insert into "cfg_5_2".experiment_link(experiment_id, link_id) values (14, 78);
insert into "cfg_5_2".link (id, linkText, href, parentCell) values (79, E'PROTEIN View:cbp_3381', E'http://www.functionalglycomics.org:80/glycomics/GBPServlet?pageType=view&view=view&operationType=view&cbpId=cbp_3381&sideMenu=no', 0);
insert into "cfg_5_2".experiment_link(experiment_id, link_id) values (14, 79);
insert into "cfg_5_2".link (id, linkText, href, parentCell) values (80, E' Glycan Array:3104', E'/glycomics/ResourceServlet?operation=viewById&resourceRequestId=cfg_rRequest_3104&View=View', 0);
insert into "cfg_5_2".experiment_link(experiment_id, link_id) values (14, 80);
insert into cfg_5_2.protocoldata (id, title, "Title", "Core", "Category", "Keyword", "Date__mm_dd_yyyy_", "Overview") values (14, E'Protocol : cfgPTC_243', E'Protocol Direct Binding', E'H', E'Lectin-Glycan Binding', E'Directly Labeled Samples', E'02/13/2009', E'Fluorescently labeled sample is diluted to an appropriate concentration in standard binding buffer (TSM, 1% BSA and 0.05% Tween 20). Seventy microliters is applied to the printed surface of the array, cover slip is applied, and incubated at room temperature in a humidified chamber away from light for one hour. The cover slip is removed and the slide is rinsed 4 times in standard TSM washing buffer containing 0.05% Tween, 4 times in TSM buffer without Tween, and 4 times in distilled water. ');
insert into "cfg_5_2".link (id, linkText, href, parentCell) values (81, E'Protocol Description (PDF)', E'http://www.functionalglycomics.org/glycomics/DFileServlet?operation=display&objType=protocol&protocolId=cfgPTC_243', null);
insert into "cfg_5_2".experiment_link(experiment_id, link_id) values (14, 81);
insert into "cfg_5_2".link (id, linkText, href, parentCell) values (82, E'<img src="/glycomics/common/images/presentation/array_inactive.jpg" alt="View Primary Screen Information" name="data_button_h_24" width="40" height="40" border="0" id="data_button_h_24">', E'http://www.functionalglycomics.org:80/glycomics/HServlet?operation=view&sideMenu=no&psId=primscreen_6576', 0);
insert into "cfg_5_2".experiment_link(experiment_id, link_id) values (14, 82);
insert into "cfg_5_2".link (id, linkText, href, parentCell) values (83, E'<img src="/glycomics/common/images/presentation/data_inactive.jpg" alt="Raw Data" name="dat_button_h_24" width="40" height="40" border="0" id="dat_button_h_24">', E'http://www.functionalglycomics.org:80/glycomics/HFileServlet?operation=downloadRawFile&fileType=DAT&sideMenu=no&objId=1006575', 1);
insert into "cfg_5_2".experiment_link(experiment_id, link_id) values (14, 83);
insert into "cfg_5_2".experiment (id, primscreen, sample_name, species, protein_family, investigator, request, date, sample_data_id, experiment_data_id, request_data_id, filename) values (14, '6576', E'Drna:Drna-FITC', E'Other', E'Fusion', E'Hui Wu', E'Glycan Array:3104', 'Feb 14, 18', 14, 14, 14, E'Drna_FITC_17096_v5.2_GenePix_RESULTS.xls');


insert into cfg_5_2.sampledata (id, title, "Name", "Family", "Sub_Family", "Spec_Sci_Name", "1001016772", "Status") values (15, E'Glycan Binding Protein : cbp_3381', E'Drna', E'Fusion', E'Other', E'Zebrafish', E'08/18/2014', E'Not Finalized');
insert into cfg_5_2.experimentdata (id, title, "Status", "Title", "-1100022276", "Glycan_Array_Version", "Protocol_Id", "Replicate_Number", "Result_Nature", "1505767802", "-1183338289", "-491792363", "Assay_Information", "Annotation", "1635439566", "1137989877") values (15, E'Primary Screen : primscreen_6577', E'Public', E'The purpose of this request is to analyze Drna from zebrafish on the glycan array.', E'cfg_rRequest_3104', E'PA_v52', E'Protocol Direct Binding', E'1', E'Data', E'20 micrograms/ml', E'09/25/2014', E'Hui Wu', E'Sample was diluted in standard binding buffer and was directly labeled with FITC.', E'Drna-FITC', E'Drna', E'Download');
insert into cfg_5_2.requestdata (id, title, "Request_ID", "Status", "Project_Description", "CFG_Member?", "Requester_First_Name", "Requester_Last_Name", "447911925", "1339104825", "Assigned_First_Name", "Assigned_Last_Name", "Requester_Email", "Requester_Interest", "Request_Date", "Institution", "CFG_Core", "Resource_Type", "Amount_Requested", "-1475790216", "-643239159", "2039874986", "-1235327866", "GBP_being_Addressed", "5943919") values (15, E'cfg_rRequest_3104', E'cfg_rRequest_3104', E'Approved', E'The purpose of this request is to analyze Drna from zebrafish on the glycan array.', E'Yes subgroups :1 :Glycans in host-microbe interactions', E'FAN', E'ZHU', E'hui', E'wu', E'Hui', E'Wu', E'hwu@uab.edu', E'This laboratory focuses on identification and characterization of glycan binding activities of a bacterial virulent factor and its host partner', E'07/28/2014', E'UAB', E'H', E'MicroArray', E'', E'07/30/2014', E'Drna from zebrafish is predicted to have a Jacalin-like lectin domain and a pore forming toxin-like domain. It is generally considered to be served as defensive substances against predators. We aim to find the specific carbohydrate which Drna can bind to. The information will be helpful for understanding the defensive system of zebrafish.', E'Y', E'David F. Smith', E'Drna is a protein with His tag. It can be detected using Fluorescence-labeled primary antibody against His-tag.', E'* 1. Define the specificity and affinity for carbohydrate ligands');
insert into "cfg_5_2".link (id, linkText, href, parentCell) values (84, E'Drna:Drna-FITC', E'http://www.functionalglycomics.org:80/glycomics/GBPServlet?pageType=view&view=view&operationType=view&cbpId=cbp_3381&sideMenu=no', 0);
insert into "cfg_5_2".experiment_link(experiment_id, link_id) values (15, 84);
insert into "cfg_5_2".link (id, linkText, href, parentCell) values (85, E'PROTEIN View:cbp_3381', E'http://www.functionalglycomics.org:80/glycomics/GBPServlet?pageType=view&view=view&operationType=view&cbpId=cbp_3381&sideMenu=no', 0);
insert into "cfg_5_2".experiment_link(experiment_id, link_id) values (15, 85);
insert into "cfg_5_2".link (id, linkText, href, parentCell) values (86, E' Glycan Array:3104', E'/glycomics/ResourceServlet?operation=viewById&resourceRequestId=cfg_rRequest_3104&View=View', 0);
insert into "cfg_5_2".experiment_link(experiment_id, link_id) values (15, 86);
insert into cfg_5_2.protocoldata (id, title, "Title", "Core", "Category", "Keyword", "Date__mm_dd_yyyy_", "Overview") values (15, E'Protocol : cfgPTC_243', E'Protocol Direct Binding', E'H', E'Lectin-Glycan Binding', E'Directly Labeled Samples', E'02/13/2009', E'Fluorescently labeled sample is diluted to an appropriate concentration in standard binding buffer (TSM, 1% BSA and 0.05% Tween 20). Seventy microliters is applied to the printed surface of the array, cover slip is applied, and incubated at room temperature in a humidified chamber away from light for one hour. The cover slip is removed and the slide is rinsed 4 times in standard TSM washing buffer containing 0.05% Tween, 4 times in TSM buffer without Tween, and 4 times in distilled water. ');
insert into "cfg_5_2".link (id, linkText, href, parentCell) values (87, E'Protocol Description (PDF)', E'http://www.functionalglycomics.org/glycomics/DFileServlet?operation=display&objType=protocol&protocolId=cfgPTC_243', null);
insert into "cfg_5_2".experiment_link(experiment_id, link_id) values (15, 87);
insert into "cfg_5_2".link (id, linkText, href, parentCell) values (88, E'<img src="/glycomics/common/images/presentation/array_inactive.jpg" alt="View Primary Screen Information" name="data_button_h_25" width="40" height="40" border="0" id="data_button_h_25">', E'http://www.functionalglycomics.org:80/glycomics/HServlet?operation=view&sideMenu=no&psId=primscreen_6577', 0);
insert into "cfg_5_2".experiment_link(experiment_id, link_id) values (15, 88);
insert into "cfg_5_2".link (id, linkText, href, parentCell) values (89, E'<img src="/glycomics/common/images/presentation/data_inactive.jpg" alt="Raw Data" name="dat_button_h_25" width="40" height="40" border="0" id="dat_button_h_25">', E'http://www.functionalglycomics.org:80/glycomics/HFileServlet?operation=downloadRawFile&fileType=DAT&sideMenu=no&objId=1006576', 1);
insert into "cfg_5_2".experiment_link(experiment_id, link_id) values (15, 89);
insert into "cfg_5_2".experiment (id, primscreen, sample_name, species, protein_family, investigator, request, date, sample_data_id, experiment_data_id, request_data_id, filename) values (15, '6577', E'Drna:Drna-FITC', E'Other', E'Fusion', E'Hui Wu', E'Glycan Array:3104', 'Feb 14, 18', 15, 15, 15, E'Drna_FITC_20ug_17101v5.2_GenePix666_RESULTS.xls');


insert into cfg_5_2.sampledata (id, title, "Name", "Family", "Sub_Family", "Spec_Sci_Name", "1001016772", "Status") values (16, E'Glycan Binding Protein : cbp_3381', E'Drna', E'Fusion', E'Other', E'Zebrafish', E'08/18/2014', E'Not Finalized');
insert into cfg_5_2.experimentdata (id, title, "Status", "Title", "-1100022276", "Glycan_Array_Version", "Protocol_Id", "Replicate_Number", "Result_Nature", "1505767802", "-1183338289", "-491792363", "Assay_Information", "Annotation", "1635439566", "1137989877") values (16, E'Primary Screen : primscreen_6578', E'Public', E'The purpose of this request is to analyze Drna from zebrafish on the glycan array.', E'cfg_rRequest_3104', E'PA_v52', E'Protocol Tagged/Fusion samples', E'1', E'Data', E'200 micrograms/ml', E'09/23/2014', E'Hui Wu', E'Sample was diluted in standard binding buffer and was detected with anti-His-488 (Qiagen, 5 ug/ml).', E'Drna-His', E'Drna', E'Download');
insert into cfg_5_2.requestdata (id, title, "Request_ID", "Status", "Project_Description", "CFG_Member?", "Requester_First_Name", "Requester_Last_Name", "447911925", "1339104825", "Assigned_First_Name", "Assigned_Last_Name", "Requester_Email", "Requester_Interest", "Request_Date", "Institution", "CFG_Core", "Resource_Type", "Amount_Requested", "-1475790216", "-643239159", "2039874986", "-1235327866", "GBP_being_Addressed", "5943919") values (16, E'cfg_rRequest_3104', E'cfg_rRequest_3104', E'Approved', E'The purpose of this request is to analyze Drna from zebrafish on the glycan array.', E'Yes subgroups :1 :Glycans in host-microbe interactions', E'FAN', E'ZHU', E'hui', E'wu', E'Hui', E'Wu', E'hwu@uab.edu', E'This laboratory focuses on identification and characterization of glycan binding activities of a bacterial virulent factor and its host partner', E'07/28/2014', E'UAB', E'H', E'MicroArray', E'', E'07/30/2014', E'Drna from zebrafish is predicted to have a Jacalin-like lectin domain and a pore forming toxin-like domain. It is generally considered to be served as defensive substances against predators. We aim to find the specific carbohydrate which Drna can bind to. The information will be helpful for understanding the defensive system of zebrafish.', E'Y', E'David F. Smith', E'Drna is a protein with His tag. It can be detected using Fluorescence-labeled primary antibody against His-tag.', E'* 1. Define the specificity and affinity for carbohydrate ligands');
insert into "cfg_5_2".link (id, linkText, href, parentCell) values (90, E'Drna:Drna-His', E'http://www.functionalglycomics.org:80/glycomics/GBPServlet?pageType=view&view=view&operationType=view&cbpId=cbp_3381&sideMenu=no', 0);
insert into "cfg_5_2".experiment_link(experiment_id, link_id) values (16, 90);
insert into "cfg_5_2".link (id, linkText, href, parentCell) values (91, E'PROTEIN View:cbp_3381', E'http://www.functionalglycomics.org:80/glycomics/GBPServlet?pageType=view&view=view&operationType=view&cbpId=cbp_3381&sideMenu=no', 0);
insert into "cfg_5_2".experiment_link(experiment_id, link_id) values (16, 91);
insert into "cfg_5_2".link (id, linkText, href, parentCell) values (92, E' Glycan Array:3104', E'/glycomics/ResourceServlet?operation=viewById&resourceRequestId=cfg_rRequest_3104&View=View', 0);
insert into "cfg_5_2".experiment_link(experiment_id, link_id) values (16, 92);
insert into cfg_5_2.protocoldata (id, title, "Title", "Core", "Category", "Keyword", "Date__mm_dd_yyyy_", "Overview") values (16, E'Protocol : cfgPTC_246', E'Protocol Tagged/Fusion samples', E'H', E'Lectin-Glycan Binding', E'Tagged/Fusion samples', E'02/13/2009', E'Tagged/fusion sample is diluted to an appropriate concentration in standard binding buffer (TSM, 1% BSA and 0.05% Tween 20). Seventy microliters is applied to the printed surface of the array, cover slip is applied, and incubated at room temperature in a humidified chamber away from light for one hour. The cover slip is removed and the slide is rinsed 4 times in standard TSM washing buffer containing 0.05% Tween and 4 times in TSM buffer without Tween. Seventy microliters of fluorescently labeled antibody to the tag/fusion protein diluted in TSM buffer is applied for one hour in a humidified chamber away from light as described. Washes are performed as above, followed by 4 washes in distilled water. 
');
insert into "cfg_5_2".link (id, linkText, href, parentCell) values (93, E'Protocol Description (PDF)', E'http://www.functionalglycomics.org/glycomics/DFileServlet?operation=display&objType=protocol&protocolId=cfgPTC_246', null);
insert into "cfg_5_2".experiment_link(experiment_id, link_id) values (16, 93);
insert into "cfg_5_2".link (id, linkText, href, parentCell) values (94, E'<img src="/glycomics/common/images/presentation/array_inactive.jpg" alt="View Primary Screen Information" name="data_button_h_26" width="40" height="40" border="0" id="data_button_h_26">', E'http://www.functionalglycomics.org:80/glycomics/HServlet?operation=view&sideMenu=no&psId=primscreen_6578', 0);
insert into "cfg_5_2".experiment_link(experiment_id, link_id) values (16, 94);
insert into "cfg_5_2".link (id, linkText, href, parentCell) values (95, E'<img src="/glycomics/common/images/presentation/data_inactive.jpg" alt="Raw Data" name="dat_button_h_26" width="40" height="40" border="0" id="dat_button_h_26">', E'http://www.functionalglycomics.org:80/glycomics/HFileServlet?operation=downloadRawFile&fileType=DAT&sideMenu=no&objId=1006577', 1);
insert into "cfg_5_2".experiment_link(experiment_id, link_id) values (16, 95);
insert into "cfg_5_2".experiment (id, primscreen, sample_name, species, protein_family, investigator, request, date, sample_data_id, experiment_data_id, request_data_id, filename) values (16, '6578', E'Drna:Drna-His', E'Other', E'Fusion', E'Hui Wu', E'Glycan Array:3104', 'Feb 14, 18', 16, 16, 16, E'Drna-His_17097_v5.2_GenePix_RESULTS.xls');


insert into cfg_5_2.sampledata (id, title, "Name", "Complete_Name", "Family", "Sub_Family", "Spec_Sci_Name", "1001016772", "Status", "Comments", "-436221455") values (17, E'Glycan Binding Protein : cbp_2450', E'Aleuria Aurantia Lectin (AAL) Vector_W0119', E'Lectin from Orange Peel Fungus, Vendor Vector, ,Lot# W0119', E'Plant/Fungal Lectin', E'other', E'Aleuria Aurantia', E'07/06/2011', E'Not Finalized', E'biotin-AAL from vendor: Vector Labs cat #: B-1395 lot #: W O119', E'commercial');
insert into cfg_5_2.experimentdata (id, title, "Status", "Title", "-1100022276", "Glycan_Array_Version", "Protocol_Id", "Replicate_Number", "Result_Nature", "1505767802", "-1183338289", "-491792363", "Assay_Information", "Annotation", "1635439566", "1137989877") values (17, E'Primary Screen : primscreen_6568', E'Public', E'The purpose of this request is to determine the binding specificity of two recombinant AAL lectins on the glycan array.', E'cfg_rRequest_3101', E'PA_v52', E'Protocol Biotinylated Samples', E'1', E'Data', E'5 micrograms/ml', E'09/19/2014', E'Anand Mehta', E'Sample was diluted in standard binding buffer and was detected with Cy5-Streptavidin (0.5 ug/ml).', E'rAAL-His', E'Aleuria Aurantia Lectin (AAL) Vector_W0119', E'Download');
insert into cfg_5_2.requestdata (id, title, "Request_ID", "Status", "Project_Description", "CFG_Member?", "Requester_First_Name", "Requester_Last_Name", "447911925", "1339104825", "Assigned_First_Name", "Assigned_Last_Name", "Requester_Email", "Request_Date", "Institution", "Shipping_Address", "Comments", "CFG_Core", "Resource_Type", "Amount_Requested", "-1475790216", "-643239159", "2039874986", "-1235327866", "GBP_being_Addressed", "5943919") values (17, E'cfg_rRequest_3101', E'cfg_rRequest_3101', E'Approved', E'The purpose of this request is to determine the binding specificity of two recombinant AAL lectins on the glycan array.', E'Yes subgroups :To Be Assigned', E'Harmin', E'Herrera', E'Anand', E'Mehta', E'Anand', E'Mehta', E'hh435@drexel.edu', E'07/24/2014', E'Drexel University College of Medicine', E'3805 Old Easton Road, Doylestown, PA 18901 215-489-4905.', E'Our prior work has identified core fucosylation as associated with primary liver cancer. To assist in the detection of this glycan change, we have made recombinant AAL lectins that appear to have altered binding affinity to fucosylated glycan (Romano, P. R. et al. Development of recombinant Aleuria aurantia lectins with altered binding specificities to fucosylated glycans. Biochem Biophys Res Commun 414, 84–89 (2011)). We would like to determine, using the glycan array, what the true binding specificity of these recombinant lectins is.', E'H', E'MicroArray', E'', E'08/03/2014', E'To determine the binding specificity of two recombinant AAL lectins.', E'Y', E'David Smith', E'Three lectins will be sent. They will all be conjugated with Biotin.', E'* 1. Define the specificity and affinity for carbohydrate ligands');
insert into "cfg_5_2".link (id, linkText, href, parentCell) values (96, E'Aleuria Aurantia Lectin (AAL) Vector_W0119:rAAL-His', E'http://www.functionalglycomics.org:80/glycomics/GBPServlet?pageType=view&view=view&operationType=view&cbpId=cbp_2450&sideMenu=no', 0);
insert into "cfg_5_2".experiment_link(experiment_id, link_id) values (17, 96);
insert into "cfg_5_2".link (id, linkText, href, parentCell) values (97, E'PROTEIN View:cbp_2450', E'http://www.functionalglycomics.org:80/glycomics/GBPServlet?pageType=view&view=view&operationType=view&cbpId=cbp_2450&sideMenu=no', 0);
insert into "cfg_5_2".experiment_link(experiment_id, link_id) values (17, 97);
insert into "cfg_5_2".link (id, linkText, href, parentCell) values (98, E'Anand Mehta', E'http://www.drexelmed.edu/Home/AboutOurFaculty/AnandMehta.aspx', 3);
insert into "cfg_5_2".experiment_link(experiment_id, link_id) values (17, 98);
insert into "cfg_5_2".link (id, linkText, href, parentCell) values (99, E' Glycan Array:3101', E'/glycomics/ResourceServlet?operation=viewById&resourceRequestId=cfg_rRequest_3101&View=View', 0);
insert into "cfg_5_2".experiment_link(experiment_id, link_id) values (17, 99);
insert into cfg_5_2.protocoldata (id, title, "Title", "Core", "Category", "Keyword", "Date__mm_dd_yyyy_", "Overview") values (17, E'Protocol : cfgPTC_242', E'Protocol Biotinylated Samples', E'H', E'Lectin-Glycan Binding', E'Biotinylated Samples', E'02/13/2009', E'Biotinylated sample is diluted to an appropriate concentration in standard binding buffer (TSM, 1% BSA and 0.05% Tween 20).  Seventy microliters is applied to the printed surface of the array, cover slip is applied, and incubated at room temperature in a humidified chamber away from light for one hour. The cover slip is removed and the slide is rinsed 4 times in standard TSM washing buffer containing 0.05% Tween and 4 times in TSM buffer without Tween.  Seventy microliters of fluorescently labeled streptavidin in standard TSM binding buffer is added to the slide for one hour at room temperature in a humidified chamber away from light as described.  Washes are performed as above, followed by 4 washes in distilled water. 
');
insert into "cfg_5_2".link (id, linkText, href, parentCell) values (100, E'Protocol Description (PDF)', E'http://www.functionalglycomics.org/glycomics/DFileServlet?operation=display&objType=protocol&protocolId=cfgPTC_242', null);
insert into "cfg_5_2".experiment_link(experiment_id, link_id) values (17, 100);
insert into "cfg_5_2".link (id, linkText, href, parentCell) values (101, E'<img src="/glycomics/common/images/presentation/array_inactive.jpg" alt="View Primary Screen Information" name="data_button_h_27" width="40" height="40" border="0" id="data_button_h_27">', E'http://www.functionalglycomics.org:80/glycomics/HServlet?operation=view&sideMenu=no&psId=primscreen_6568', 0);
insert into "cfg_5_2".experiment_link(experiment_id, link_id) values (17, 101);
insert into "cfg_5_2".link (id, linkText, href, parentCell) values (102, E'<img src="/glycomics/common/images/presentation/data_inactive.jpg" alt="Raw Data" name="dat_button_h_27" width="40" height="40" border="0" id="dat_button_h_27">', E'http://www.functionalglycomics.org:80/glycomics/HFileServlet?operation=downloadRawFile&fileType=DAT&sideMenu=no&objId=1006567', 1);
insert into "cfg_5_2".experiment_link(experiment_id, link_id) values (17, 102);
insert into "cfg_5_2".experiment (id, primscreen, sample_name, species, protein_family, investigator, request, date, sample_data_id, experiment_data_id, request_data_id, filename) values (17, '6568', E'Aleuria Aurantia Lectin (AAL) Vector_W0119:rAAL-His', E'Fungus', E'Plant/Fungal Lectin', E'Anand Mehta', E'Glycan Array:3101', 'Feb 14, 18', 17, 17, 17, E'rAAL-His_5_17083_v5.2_RESULTS.xls');


insert into cfg_5_2.sampledata (id, title, "Name", "Complete_Name", "Family", "Sub_Family", "Spec_Sci_Name", "1001016772", "Status", "Comments", "-436221455") values (18, E'Glycan Binding Protein : cbp_2450', E'Aleuria Aurantia Lectin (AAL) Vector_W0119', E'Lectin from Orange Peel Fungus, Vendor Vector, ,Lot# W0119', E'Plant/Fungal Lectin', E'other', E'Aleuria Aurantia', E'07/06/2011', E'Not Finalized', E'biotin-AAL from vendor: Vector Labs cat #: B-1395 lot #: W O119', E'commercial');
insert into cfg_5_2.experimentdata (id, title, "Status", "Title", "-1100022276", "Glycan_Array_Version", "Protocol_Id", "Replicate_Number", "Result_Nature", "1505767802", "-1183338289", "-491792363", "Assay_Information", "Annotation", "1635439566", "1137989877") values (18, E'Primary Screen : primscreen_6570', E'Public', E'The purpose of this request is to determine the binding specificity of two recombinant AAL lectins on the glycan array.', E'cfg_rRequest_3101', E'PA_v52', E'Protocol Biotinylated Samples', E'1', E'Data', E'5 micrograms/ml', E'09/19/2014', E'Anand Mehta', E'Sample was diluted in standard binding buffer and was detected with Cy5-Streptavidin (0.5 ug/ml).', E'rAAL-His-N224Q', E'Aleuria Aurantia Lectin (AAL) Vector_W0119', E'Download');
insert into cfg_5_2.requestdata (id, title, "Request_ID", "Status", "Project_Description", "CFG_Member?", "Requester_First_Name", "Requester_Last_Name", "447911925", "1339104825", "Assigned_First_Name", "Assigned_Last_Name", "Requester_Email", "Request_Date", "Institution", "Shipping_Address", "Comments", "CFG_Core", "Resource_Type", "Amount_Requested", "-1475790216", "-643239159", "2039874986", "-1235327866", "GBP_being_Addressed", "5943919") values (18, E'cfg_rRequest_3101', E'cfg_rRequest_3101', E'Approved', E'The purpose of this request is to determine the binding specificity of two recombinant AAL lectins on the glycan array.', E'Yes subgroups :To Be Assigned', E'Harmin', E'Herrera', E'Anand', E'Mehta', E'Anand', E'Mehta', E'hh435@drexel.edu', E'07/24/2014', E'Drexel University College of Medicine', E'3805 Old Easton Road, Doylestown, PA 18901 215-489-4905.', E'Our prior work has identified core fucosylation as associated with primary liver cancer. To assist in the detection of this glycan change, we have made recombinant AAL lectins that appear to have altered binding affinity to fucosylated glycan (Romano, P. R. et al. Development of recombinant Aleuria aurantia lectins with altered binding specificities to fucosylated glycans. Biochem Biophys Res Commun 414, 84–89 (2011)). We would like to determine, using the glycan array, what the true binding specificity of these recombinant lectins is.', E'H', E'MicroArray', E'', E'08/03/2014', E'To determine the binding specificity of two recombinant AAL lectins.', E'Y', E'David Smith', E'Three lectins will be sent. They will all be conjugated with Biotin.', E'* 1. Define the specificity and affinity for carbohydrate ligands');
insert into "cfg_5_2".link (id, linkText, href, parentCell) values (103, E'Aleuria Aurantia Lectin (AAL) Vector_W0119:rAAL-His-N224Q', E'http://www.functionalglycomics.org:80/glycomics/GBPServlet?pageType=view&view=view&operationType=view&cbpId=cbp_2450&sideMenu=no', 0);
insert into "cfg_5_2".experiment_link(experiment_id, link_id) values (18, 103);
insert into "cfg_5_2".link (id, linkText, href, parentCell) values (104, E'PROTEIN View:cbp_2450', E'http://www.functionalglycomics.org:80/glycomics/GBPServlet?pageType=view&view=view&operationType=view&cbpId=cbp_2450&sideMenu=no', 0);
insert into "cfg_5_2".experiment_link(experiment_id, link_id) values (18, 104);
insert into "cfg_5_2".link (id, linkText, href, parentCell) values (105, E'Anand Mehta', E'http://www.drexelmed.edu/Home/AboutOurFaculty/AnandMehta.aspx', 3);
insert into "cfg_5_2".experiment_link(experiment_id, link_id) values (18, 105);
insert into "cfg_5_2".link (id, linkText, href, parentCell) values (106, E' Glycan Array:3101', E'/glycomics/ResourceServlet?operation=viewById&resourceRequestId=cfg_rRequest_3101&View=View', 0);
insert into "cfg_5_2".experiment_link(experiment_id, link_id) values (18, 106);
insert into cfg_5_2.protocoldata (id, title, "Title", "Core", "Category", "Keyword", "Date__mm_dd_yyyy_", "Overview") values (18, E'Protocol : cfgPTC_242', E'Protocol Biotinylated Samples', E'H', E'Lectin-Glycan Binding', E'Biotinylated Samples', E'02/13/2009', E'Biotinylated sample is diluted to an appropriate concentration in standard binding buffer (TSM, 1% BSA and 0.05% Tween 20).  Seventy microliters is applied to the printed surface of the array, cover slip is applied, and incubated at room temperature in a humidified chamber away from light for one hour. The cover slip is removed and the slide is rinsed 4 times in standard TSM washing buffer containing 0.05% Tween and 4 times in TSM buffer without Tween.  Seventy microliters of fluorescently labeled streptavidin in standard TSM binding buffer is added to the slide for one hour at room temperature in a humidified chamber away from light as described.  Washes are performed as above, followed by 4 washes in distilled water. 
');
insert into "cfg_5_2".link (id, linkText, href, parentCell) values (107, E'Protocol Description (PDF)', E'http://www.functionalglycomics.org/glycomics/DFileServlet?operation=display&objType=protocol&protocolId=cfgPTC_242', null);
insert into "cfg_5_2".experiment_link(experiment_id, link_id) values (18, 107);
insert into "cfg_5_2".link (id, linkText, href, parentCell) values (108, E'<img src="/glycomics/common/images/presentation/array_inactive.jpg" alt="View Primary Screen Information" name="data_button_h_28" width="40" height="40" border="0" id="data_button_h_28">', E'http://www.functionalglycomics.org:80/glycomics/HServlet?operation=view&sideMenu=no&psId=primscreen_6570', 0);
insert into "cfg_5_2".experiment_link(experiment_id, link_id) values (18, 108);
insert into "cfg_5_2".link (id, linkText, href, parentCell) values (109, E'<img src="/glycomics/common/images/presentation/data_inactive.jpg" alt="Raw Data" name="dat_button_h_28" width="40" height="40" border="0" id="dat_button_h_28">', E'http://www.functionalglycomics.org:80/glycomics/HFileServlet?operation=downloadRawFile&fileType=DAT&sideMenu=no&objId=1006569', 1);
insert into "cfg_5_2".experiment_link(experiment_id, link_id) values (18, 109);
insert into "cfg_5_2".experiment (id, primscreen, sample_name, species, protein_family, investigator, request, date, sample_data_id, experiment_data_id, request_data_id, filename) values (18, '6570', E'Aleuria Aurantia Lectin (AAL) Vector_W0119:rAAL-His-N224Q', E'Fungus', E'Plant/Fungal Lectin', E'Anand Mehta', E'Glycan Array:3101', 'Feb 14, 18', 18, 18, 18, E'rAAL-His_5_N224Q_17081_v5.2_RESULTS.xls');


insert into cfg_5_2.sampledata (id, title, "-782475580", "65299273", "2119431185", "27291108", "-546303161", "1799653750", "-1790003555", "-1585180357", "Adjuvant", "953343693", "-1051843856", "-1801243311", "-1020686480", "-188920193", "Condition_of_storage", "-861196869", "207605457", "-728300322") values (19, E'Sample Information : #19-10_3523', E'#19-10', E'Monoclonal', E'IgG', E'1', E'mouse', E'10-week-old', E'Femle', E'glycan-expressing cells (1,000,000 cells/injection)', E'Alum', E'0.25 ml, intraperitoneal injection', E'bi-weekly', E'4-weeks after immunization', E'EDTA', E'2o mM Tris-HCL pH7.4, 150 mM sodium chloride', E'4 °C', E'1 month', E'ammonium sulfate precipitaion and Protein G-Sepharose', E'immunohistochemistry');
insert into cfg_5_2.experimentdata (id, title, "Status", "Title", "-1100022276", "Glycan_Array_Version", "Protocol_Id", "Replicate_Number", "Result_Nature", "1505767802", "-1183338289", "-491792363", "Assay_Information", "Annotation", "-786589929", "1137989877") values (19, E'Primary Screen : primscreen_6573', E'Public', E'The purpose of this request is to analyze mouse monoclonal antibodies that strongly block lymphocyte homing on the glycan array.', E'cfg_rRequest_3103', E'PA_v52', E'Protocol Monoclonal Antibody', E'1', E'Data', E'2 micrograms/ml', E'09/24/2014', E'Hiroto Kawashima', E'Sample was diluted in standard binding buffer and was detected with anti-mouse IgG-488 (Invitrogen, 5 ug/ml).', E'19-10', E'#19-10_3523', E'Download');
insert into cfg_5_2.requestdata (id, title, "Request_ID", "Status", "Project_Description", "CFG_Member?", "Requester_First_Name", "Requester_Last_Name", "447911925", "1339104825", "Assigned_First_Name", "Assigned_Last_Name", "Requester_Email", "Requester_Interest", "Request_Date", "Institution", "Shipping_Address", "Comments", "CFG_Core", "Resource_Type", "Amount_Requested", "-643239159", "2039874986", "-1235327866", "GBP_being_Addressed", "5943919") values (19, E'cfg_rRequest_3103', E'cfg_rRequest_3103', E'Approved', E'The purpose of this request is to analyze mouse monoclonal antibodies that strongly block lymphocyte homing on the glycan array.', E'Yes subgroups :3 :Glycans in cancer biology ,2 :Glycans in immune recognition and function', E'Hiroto', E'Kawashima', E'Hiroto', E'Kawashima', E'Hiroto', E'Kawashima', E'h-kawashima@hoshi.ac.jp', E'This laboratory focuses on the functional roles of glycans in leukocyte trafficking and immune responses.', E'07/28/0014', E'Hoshi University', E'Department of Biochemistry, School of Pharmacy and Pharmaceutical Sciences, Hoshi University 2-4-41 Ebara, Shinagawa-ku, Tokyo 142-8501, Japan Phone: +81-3-5498-5775', E'I have just moved to the address above. I would like to send our new anti-glycan monoclonal antibodies to core H to determine their precise binding specificity. I would appreciate it very much if you could approve this request and provide me with the cfg rRequest number.', E'H', E'MicroArray', E'', E'We have established two mouse monoclonal antibodies (mouse IgG1 and mouse IgM). Both of the antibodies strongly blocked lymphocyte homing and immune responses. We would like to determine carbohydrate binding specificity of these antibodies.', E'Y', E'Hiroto Kawashima', E'Labeled secondary antibody against mouse IgG and mouse IgM should be used for detection of the binding.', E'* 1. Define the specificity and affinity for carbohydrate ligands * 3. Identify the ligand(s) that mediate GBP binding');
insert into "cfg_5_2".link (id, linkText, href, parentCell) values (110, E'SAMPLE View : #19-10_3523', E'http://www.functionalglycomics.org/glycomics/SampleServlet?pageType=view&templateKey=18&key=3523&rrid=cfg_rRequest_3103&operationType=view', 0);
insert into "cfg_5_2".experiment_link(experiment_id, link_id) values (19, 110);
insert into "cfg_5_2".link (id, linkText, href, parentCell) values (111, E'Hiroto Kawashima', E'http://www.metabolism.jst.go.jp/en/2ki/kawashima.html ', 3);
insert into "cfg_5_2".experiment_link(experiment_id, link_id) values (19, 111);
insert into "cfg_5_2".link (id, linkText, href, parentCell) values (112, E' Glycan Array:3103', E'/glycomics/ResourceServlet?operation=viewById&resourceRequestId=cfg_rRequest_3103&View=View', 0);
insert into "cfg_5_2".experiment_link(experiment_id, link_id) values (19, 112);
insert into cfg_5_2.protocoldata (id, title, "Title", "Core", "Category", "Keyword", "Date__mm_dd_yyyy_", "Overview") values (19, E'Protocol : cfgPTC_244', E'Protocol Monoclonal Antibody', E'H', E'Lectin-Glycan Binding', E'Monoclonal Antibodies', E'02/13/2009', E'Antibody is diluted to an appropriate concentration in standard binding buffer (TSM, 1% BSA and 0.05% Tween 20).  Seventy microliters is applied to the printed surface of the array, cover slip is applied, and incubated at room temperature in a humidified chamber away from light for one hour.  The cover slip is removed and the slide is rinsed 4 times in standard TSM washing buffer containing 0.05% Tween and 4 times in TSM buffer without Tween. Seventy microliters of the appropriate fluorescently labeled secondary antibody diluted in TSM buffer is added to the slide for one hour in a humidified chamber away from light as described. Washes are performed as above, followed by 4 washes in distilled water. ');
insert into "cfg_5_2".link (id, linkText, href, parentCell) values (113, E'Protocol Description (PDF)', E'http://www.functionalglycomics.org/glycomics/DFileServlet?operation=display&objType=protocol&protocolId=cfgPTC_244', null);
insert into "cfg_5_2".experiment_link(experiment_id, link_id) values (19, 113);
insert into "cfg_5_2".link (id, linkText, href, parentCell) values (114, E'<img src="/glycomics/common/images/presentation/array_inactive.jpg" alt="View Primary Screen Information" name="data_button_h_29" width="40" height="40" border="0" id="data_button_h_29">', E'http://www.functionalglycomics.org:80/glycomics/HServlet?operation=view&sideMenu=no&psId=primscreen_6573', 0);
insert into "cfg_5_2".experiment_link(experiment_id, link_id) values (19, 114);
insert into "cfg_5_2".link (id, linkText, href, parentCell) values (115, E'<img src="/glycomics/common/images/presentation/data_inactive.jpg" alt="Raw Data" name="dat_button_h_29" width="40" height="40" border="0" id="dat_button_h_29">', E'http://www.functionalglycomics.org:80/glycomics/HFileServlet?operation=downloadRawFile&fileType=DAT&sideMenu=no&objId=1006572', 1);
insert into "cfg_5_2".experiment_link(experiment_id, link_id) values (19, 115);
insert into "cfg_5_2".experiment (id, primscreen, sample_name, species, protein_family, investigator, request, date, sample_data_id, experiment_data_id, request_data_id, filename) values (19, '6573', E'19-10:19-10', E'Not Applicable', E'Not Applicable', E'Hiroto Kawashima', E'Glycan Array:3103', 'Feb 14, 18', 19, 19, 19, E'19-10_2_17104_v5.2_GenePix572_RESULTS.xls');


insert into cfg_5_2.sampledata (id, title, "Name", "Complete_Name", "Family", "Sub_Family", "Spec_Sci_Name", "1001016772", "Status", "Comments", "-436221455") values (20, E'Glycan Binding Protein : cbp_2450', E'Aleuria Aurantia Lectin (AAL) Vector_W0119', E'Lectin from Orange Peel Fungus, Vendor Vector, ,Lot# W0119', E'Plant/Fungal Lectin', E'other', E'Aleuria Aurantia', E'07/06/2011', E'Not Finalized', E'biotin-AAL from vendor: Vector Labs cat #: B-1395 lot #: W O119', E'commercial');
insert into cfg_5_2.experimentdata (id, title, "Status", "Title", "-1100022276", "Glycan_Array_Version", "Protocol_Id", "Replicate_Number", "Result_Nature", "1505767802", "-1183338289", "-491792363", "Assay_Information", "Annotation", "1635439566", "1137989877") values (20, E'Primary Screen : primscreen_6571', E'Public', E'The purpose of this request is to determine the binding specificity of two recombinant AAL lectins on the glycan array.', E'cfg_rRequest_3101', E'PA_v52', E'Protocol Biotinylated Samples', E'1', E'Data', E'0.5 micrograms/ml', E'09/24/2014', E'Anand Mehta', E'Sample was diluted in standard binding buffer and was detected with Cy5-Streptavidin (0.5 ug/ml).', E'rAAL-His-N224Q', E'Aleuria Aurantia Lectin (AAL) Vector_W0119', E'Download');
insert into cfg_5_2.requestdata (id, title, "Request_ID", "Status", "Project_Description", "CFG_Member?", "Requester_First_Name", "Requester_Last_Name", "447911925", "1339104825", "Assigned_First_Name", "Assigned_Last_Name", "Requester_Email", "Request_Date", "Institution", "Shipping_Address", "Comments", "CFG_Core", "Resource_Type", "Amount_Requested", "-1475790216", "-643239159", "2039874986", "-1235327866", "GBP_being_Addressed", "5943919") values (20, E'cfg_rRequest_3101', E'cfg_rRequest_3101', E'Approved', E'The purpose of this request is to determine the binding specificity of two recombinant AAL lectins on the glycan array.', E'Yes subgroups :To Be Assigned', E'Harmin', E'Herrera', E'Anand', E'Mehta', E'Anand', E'Mehta', E'hh435@drexel.edu', E'07/24/2014', E'Drexel University College of Medicine', E'3805 Old Easton Road, Doylestown, PA 18901 215-489-4905.', E'Our prior work has identified core fucosylation as associated with primary liver cancer. To assist in the detection of this glycan change, we have made recombinant AAL lectins that appear to have altered binding affinity to fucosylated glycan (Romano, P. R. et al. Development of recombinant Aleuria aurantia lectins with altered binding specificities to fucosylated glycans. Biochem Biophys Res Commun 414, 84–89 (2011)). We would like to determine, using the glycan array, what the true binding specificity of these recombinant lectins is.', E'H', E'MicroArray', E'', E'08/03/2014', E'To determine the binding specificity of two recombinant AAL lectins.', E'Y', E'David Smith', E'Three lectins will be sent. They will all be conjugated with Biotin.', E'* 1. Define the specificity and affinity for carbohydrate ligands');
insert into "cfg_5_2".link (id, linkText, href, parentCell) values (116, E'Aleuria Aurantia Lectin (AAL) Vector_W0119:rAAL-His-N224Q', E'http://www.functionalglycomics.org:80/glycomics/GBPServlet?pageType=view&view=view&operationType=view&cbpId=cbp_2450&sideMenu=no', 0);
insert into "cfg_5_2".experiment_link(experiment_id, link_id) values (20, 116);
insert into "cfg_5_2".link (id, linkText, href, parentCell) values (117, E'PROTEIN View:cbp_2450', E'http://www.functionalglycomics.org:80/glycomics/GBPServlet?pageType=view&view=view&operationType=view&cbpId=cbp_2450&sideMenu=no', 0);
insert into "cfg_5_2".experiment_link(experiment_id, link_id) values (20, 117);
insert into "cfg_5_2".link (id, linkText, href, parentCell) values (118, E'Anand Mehta', E'http://www.drexelmed.edu/Home/AboutOurFaculty/AnandMehta.aspx', 3);
insert into "cfg_5_2".experiment_link(experiment_id, link_id) values (20, 118);
insert into "cfg_5_2".link (id, linkText, href, parentCell) values (119, E' Glycan Array:3101', E'/glycomics/ResourceServlet?operation=viewById&resourceRequestId=cfg_rRequest_3101&View=View', 0);
insert into "cfg_5_2".experiment_link(experiment_id, link_id) values (20, 119);
insert into cfg_5_2.protocoldata (id, title, "Title", "Core", "Category", "Keyword", "Date__mm_dd_yyyy_", "Overview") values (20, E'Protocol : cfgPTC_242', E'Protocol Biotinylated Samples', E'H', E'Lectin-Glycan Binding', E'Biotinylated Samples', E'02/13/2009', E'Biotinylated sample is diluted to an appropriate concentration in standard binding buffer (TSM, 1% BSA and 0.05% Tween 20).  Seventy microliters is applied to the printed surface of the array, cover slip is applied, and incubated at room temperature in a humidified chamber away from light for one hour. The cover slip is removed and the slide is rinsed 4 times in standard TSM washing buffer containing 0.05% Tween and 4 times in TSM buffer without Tween.  Seventy microliters of fluorescently labeled streptavidin in standard TSM binding buffer is added to the slide for one hour at room temperature in a humidified chamber away from light as described.  Washes are performed as above, followed by 4 washes in distilled water. 
');
insert into "cfg_5_2".link (id, linkText, href, parentCell) values (120, E'Protocol Description (PDF)', E'http://www.functionalglycomics.org/glycomics/DFileServlet?operation=display&objType=protocol&protocolId=cfgPTC_242', null);
insert into "cfg_5_2".experiment_link(experiment_id, link_id) values (20, 120);
insert into "cfg_5_2".link (id, linkText, href, parentCell) values (121, E'<img src="/glycomics/common/images/presentation/array_inactive.jpg" alt="View Primary Screen Information" name="data_button_h_30" width="40" height="40" border="0" id="data_button_h_30">', E'http://www.functionalglycomics.org:80/glycomics/HServlet?operation=view&sideMenu=no&psId=primscreen_6571', 0);
insert into "cfg_5_2".experiment_link(experiment_id, link_id) values (20, 121);
insert into "cfg_5_2".link (id, linkText, href, parentCell) values (122, E'<img src="/glycomics/common/images/presentation/data_inactive.jpg" alt="Raw Data" name="dat_button_h_30" width="40" height="40" border="0" id="dat_button_h_30">', E'http://www.functionalglycomics.org:80/glycomics/HFileServlet?operation=downloadRawFile&fileType=DAT&sideMenu=no&objId=1006570', 1);
insert into "cfg_5_2".experiment_link(experiment_id, link_id) values (20, 122);
insert into "cfg_5_2".experiment (id, primscreen, sample_name, species, protein_family, investigator, request, date, sample_data_id, experiment_data_id, request_data_id, filename) values (20, '6571', E'Aleuria Aurantia Lectin (AAL) Vector_W0119:rAAL-His-N224Q', E'Fungus', E'Plant/Fungal Lectin', E'Anand Mehta', E'Glycan Array:3101', 'Feb 14, 18', 20, 20, 20, E'rAAL-His-N224Q_0.5ug_17102_v5.2_RESULTS.xls');


insert into cfg_5_2.sampledata (id, title, "-782475580", "65299273", "2119431185", "-546303161", "1799653750", "-1790003555", "-1585180357", "Adjuvant", "953343693", "-1051843856", "-1801243311", "-1020686480", "-188920193", "Condition_of_storage", "-861196869", "207605457", "-728300322") values (21, E'Sample Information : #19-166_3524', E'#19-166', E'Monoclonal', E'IgM', E'mouse', E'10-week-old', E'Female', E'glycan-expressing cells (1,000,000 cells/injection)', E'Alum', E'0.25 ml, intraperitoneal injection', E'bi-weekly', E'4-weeks after immunization', E'EDTA', E'20mM Tris-HCL pH 7.4, 150 mM sodium chloride', E'4 °C', E'1 month', E'ammonium sulfate precipitation and gel permeation chromatography', E'immunohistochemistry');
insert into cfg_5_2.experimentdata (id, title, "Status", "Title", "-1100022276", "Glycan_Array_Version", "Protocol_Id", "Replicate_Number", "Result_Nature", "1505767802", "-1183338289", "-491792363", "Assay_Information", "Annotation", "-786589929", "1137989877") values (21, E'Primary Screen : primscreen_6575', E'Public', E'The purpose of this request is to analyze mouse monoclonal antibodies that strongly block lymphocyte homing on the glycan array.', E'cfg_rRequest_3103', E'PA_v52', E'Protocol Monoclonal Antibody', E'1', E'Data', E'2 micrograms/ml', E'09/24/2014', E'Hiroto Kawashima', E'Sample was diluted in standard binding buffer and was detected with anti-mouse IgM-488 (Invitrogen, 5 ug/ml).', E'19-166', E'#19-166_3524', E'Download');
insert into cfg_5_2.requestdata (id, title, "Request_ID", "Status", "Project_Description", "CFG_Member?", "Requester_First_Name", "Requester_Last_Name", "447911925", "1339104825", "Assigned_First_Name", "Assigned_Last_Name", "Requester_Email", "Requester_Interest", "Request_Date", "Institution", "Shipping_Address", "Comments", "CFG_Core", "Resource_Type", "Amount_Requested", "-643239159", "2039874986", "-1235327866", "GBP_being_Addressed", "5943919") values (21, E'cfg_rRequest_3103', E'cfg_rRequest_3103', E'Approved', E'The purpose of this request is to analyze mouse monoclonal antibodies that strongly block lymphocyte homing on the glycan array.', E'Yes subgroups :3 :Glycans in cancer biology ,2 :Glycans in immune recognition and function', E'Hiroto', E'Kawashima', E'Hiroto', E'Kawashima', E'Hiroto', E'Kawashima', E'h-kawashima@hoshi.ac.jp', E'This laboratory focuses on the functional roles of glycans in leukocyte trafficking and immune responses.', E'07/28/0014', E'Hoshi University', E'Department of Biochemistry, School of Pharmacy and Pharmaceutical Sciences, Hoshi University 2-4-41 Ebara, Shinagawa-ku, Tokyo 142-8501, Japan Phone: +81-3-5498-5775', E'I have just moved to the address above. I would like to send our new anti-glycan monoclonal antibodies to core H to determine their precise binding specificity. I would appreciate it very much if you could approve this request and provide me with the cfg rRequest number.', E'H', E'MicroArray', E'', E'We have established two mouse monoclonal antibodies (mouse IgG1 and mouse IgM). Both of the antibodies strongly blocked lymphocyte homing and immune responses. We would like to determine carbohydrate binding specificity of these antibodies.', E'Y', E'Hiroto Kawashima', E'Labeled secondary antibody against mouse IgG and mouse IgM should be used for detection of the binding.', E'* 1. Define the specificity and affinity for carbohydrate ligands * 3. Identify the ligand(s) that mediate GBP binding');
insert into "cfg_5_2".link (id, linkText, href, parentCell) values (123, E'SAMPLE View : #19-166_3524', E'http://www.functionalglycomics.org/glycomics/SampleServlet?pageType=view&templateKey=18&key=3524&rrid=cfg_rRequest_3103&operationType=view', 0);
insert into "cfg_5_2".experiment_link(experiment_id, link_id) values (21, 123);
insert into "cfg_5_2".link (id, linkText, href, parentCell) values (124, E'Hiroto Kawashima', E'http://www.metabolism.jst.go.jp/en/2ki/kawashima.html ', 3);
insert into "cfg_5_2".experiment_link(experiment_id, link_id) values (21, 124);
insert into "cfg_5_2".link (id, linkText, href, parentCell) values (125, E' Glycan Array:3103', E'/glycomics/ResourceServlet?operation=viewById&resourceRequestId=cfg_rRequest_3103&View=View', 0);
insert into "cfg_5_2".experiment_link(experiment_id, link_id) values (21, 125);
insert into cfg_5_2.protocoldata (id, title, "Title", "Core", "Category", "Keyword", "Date__mm_dd_yyyy_", "Overview") values (21, E'Protocol : cfgPTC_244', E'Protocol Monoclonal Antibody', E'H', E'Lectin-Glycan Binding', E'Monoclonal Antibodies', E'02/13/2009', E'Antibody is diluted to an appropriate concentration in standard binding buffer (TSM, 1% BSA and 0.05% Tween 20).  Seventy microliters is applied to the printed surface of the array, cover slip is applied, and incubated at room temperature in a humidified chamber away from light for one hour.  The cover slip is removed and the slide is rinsed 4 times in standard TSM washing buffer containing 0.05% Tween and 4 times in TSM buffer without Tween. Seventy microliters of the appropriate fluorescently labeled secondary antibody diluted in TSM buffer is added to the slide for one hour in a humidified chamber away from light as described. Washes are performed as above, followed by 4 washes in distilled water. ');
insert into "cfg_5_2".link (id, linkText, href, parentCell) values (126, E'Protocol Description (PDF)', E'http://www.functionalglycomics.org/glycomics/DFileServlet?operation=display&objType=protocol&protocolId=cfgPTC_244', null);
insert into "cfg_5_2".experiment_link(experiment_id, link_id) values (21, 126);
insert into "cfg_5_2".link (id, linkText, href, parentCell) values (127, E'<img src="/glycomics/common/images/presentation/array_inactive.jpg" alt="View Primary Screen Information" name="data_button_h_31" width="40" height="40" border="0" id="data_button_h_31">', E'http://www.functionalglycomics.org:80/glycomics/HServlet?operation=view&sideMenu=no&psId=primscreen_6575', 0);
insert into "cfg_5_2".experiment_link(experiment_id, link_id) values (21, 127);
insert into "cfg_5_2".link (id, linkText, href, parentCell) values (128, E'<img src="/glycomics/common/images/presentation/data_inactive.jpg" alt="Raw Data" name="dat_button_h_31" width="40" height="40" border="0" id="dat_button_h_31">', E'http://www.functionalglycomics.org:80/glycomics/HFileServlet?operation=downloadRawFile&fileType=DAT&sideMenu=no&objId=1006574', 1);
insert into "cfg_5_2".experiment_link(experiment_id, link_id) values (21, 128);
insert into "cfg_5_2".experiment (id, primscreen, sample_name, species, protein_family, investigator, request, date, sample_data_id, experiment_data_id, request_data_id, filename) values (21, '6575', E'19-166:19-166', E'Not Applicable', E'Not Applicable', E'Hiroto Kawashima', E'Glycan Array:3103', 'Feb 14, 18', 21, 21, 21, E'19-166_2_17105_v5.2_GenePix467_RESULTS.xls');


insert into cfg_5_2.sampledata (id, title, "-782475580", "65299273", "2119431185", "-546303161", "1799653750", "-1790003555", "-1585180357", "Adjuvant", "953343693", "-1051843856", "-1801243311", "-1020686480", "-188920193", "Condition_of_storage", "-861196869", "207605457", "-728300322") values (22, E'Sample Information : #19-166_3524', E'#19-166', E'Monoclonal', E'IgM', E'mouse', E'10-week-old', E'Female', E'glycan-expressing cells (1,000,000 cells/injection)', E'Alum', E'0.25 ml, intraperitoneal injection', E'bi-weekly', E'4-weeks after immunization', E'EDTA', E'20mM Tris-HCL pH 7.4, 150 mM sodium chloride', E'4 °C', E'1 month', E'ammonium sulfate precipitation and gel permeation chromatography', E'immunohistochemistry');
insert into cfg_5_2.experimentdata (id, title, "Status", "Title", "-1100022276", "Glycan_Array_Version", "Protocol_Id", "Replicate_Number", "Result_Nature", "1505767802", "-1183338289", "-491792363", "Assay_Information", "Annotation", "-786589929", "1137989877") values (22, E'Primary Screen : primscreen_6574', E'Public', E'The purpose of this request is to analyze mouse monoclonal antibodies that strongly block lymphocyte homing on the glycan array.', E'cfg_rRequest_3103', E'PA_v52', E'Protocol Monoclonal Antibody', E'1', E'Data', E'10 micrograms/ml', E'09/03/2014', E'Hiroto Kawashima', E'Sample was diluted in standard binding buffer and was detected with anti-mouse IgM-488 (Invitrogen, 5 ug/ml).', E'19-166', E'#19-166_3524', E'Download');
insert into cfg_5_2.requestdata (id, title, "Request_ID", "Status", "Project_Description", "CFG_Member?", "Requester_First_Name", "Requester_Last_Name", "447911925", "1339104825", "Assigned_First_Name", "Assigned_Last_Name", "Requester_Email", "Requester_Interest", "Request_Date", "Institution", "Shipping_Address", "Comments", "CFG_Core", "Resource_Type", "Amount_Requested", "-643239159", "2039874986", "-1235327866", "GBP_being_Addressed", "5943919") values (22, E'cfg_rRequest_3103', E'cfg_rRequest_3103', E'Approved', E'The purpose of this request is to analyze mouse monoclonal antibodies that strongly block lymphocyte homing on the glycan array.', E'Yes subgroups :3 :Glycans in cancer biology ,2 :Glycans in immune recognition and function', E'Hiroto', E'Kawashima', E'Hiroto', E'Kawashima', E'Hiroto', E'Kawashima', E'h-kawashima@hoshi.ac.jp', E'This laboratory focuses on the functional roles of glycans in leukocyte trafficking and immune responses.', E'07/28/0014', E'Hoshi University', E'Department of Biochemistry, School of Pharmacy and Pharmaceutical Sciences, Hoshi University 2-4-41 Ebara, Shinagawa-ku, Tokyo 142-8501, Japan Phone: +81-3-5498-5775', E'I have just moved to the address above. I would like to send our new anti-glycan monoclonal antibodies to core H to determine their precise binding specificity. I would appreciate it very much if you could approve this request and provide me with the cfg rRequest number.', E'H', E'MicroArray', E'', E'We have established two mouse monoclonal antibodies (mouse IgG1 and mouse IgM). Both of the antibodies strongly blocked lymphocyte homing and immune responses. We would like to determine carbohydrate binding specificity of these antibodies.', E'Y', E'Hiroto Kawashima', E'Labeled secondary antibody against mouse IgG and mouse IgM should be used for detection of the binding.', E'* 1. Define the specificity and affinity for carbohydrate ligands * 3. Identify the ligand(s) that mediate GBP binding');
insert into "cfg_5_2".link (id, linkText, href, parentCell) values (129, E'SAMPLE View : #19-166_3524', E'http://www.functionalglycomics.org/glycomics/SampleServlet?pageType=view&templateKey=18&key=3524&rrid=cfg_rRequest_3103&operationType=view', 0);
insert into "cfg_5_2".experiment_link(experiment_id, link_id) values (22, 129);
insert into "cfg_5_2".link (id, linkText, href, parentCell) values (130, E'Hiroto Kawashima', E'http://www.metabolism.jst.go.jp/en/2ki/kawashima.html ', 3);
insert into "cfg_5_2".experiment_link(experiment_id, link_id) values (22, 130);
insert into "cfg_5_2".link (id, linkText, href, parentCell) values (131, E' Glycan Array:3103', E'/glycomics/ResourceServlet?operation=viewById&resourceRequestId=cfg_rRequest_3103&View=View', 0);
insert into "cfg_5_2".experiment_link(experiment_id, link_id) values (22, 131);
insert into cfg_5_2.protocoldata (id, title, "Title", "Core", "Category", "Keyword", "Date__mm_dd_yyyy_", "Overview") values (22, E'Protocol : cfgPTC_244', E'Protocol Monoclonal Antibody', E'H', E'Lectin-Glycan Binding', E'Monoclonal Antibodies', E'02/13/2009', E'Antibody is diluted to an appropriate concentration in standard binding buffer (TSM, 1% BSA and 0.05% Tween 20).  Seventy microliters is applied to the printed surface of the array, cover slip is applied, and incubated at room temperature in a humidified chamber away from light for one hour.  The cover slip is removed and the slide is rinsed 4 times in standard TSM washing buffer containing 0.05% Tween and 4 times in TSM buffer without Tween. Seventy microliters of the appropriate fluorescently labeled secondary antibody diluted in TSM buffer is added to the slide for one hour in a humidified chamber away from light as described. Washes are performed as above, followed by 4 washes in distilled water. ');
insert into "cfg_5_2".link (id, linkText, href, parentCell) values (132, E'Protocol Description (PDF)', E'http://www.functionalglycomics.org/glycomics/DFileServlet?operation=display&objType=protocol&protocolId=cfgPTC_244', null);
insert into "cfg_5_2".experiment_link(experiment_id, link_id) values (22, 132);
insert into "cfg_5_2".link (id, linkText, href, parentCell) values (133, E'<img src="/glycomics/common/images/presentation/array_inactive.jpg" alt="View Primary Screen Information" name="data_button_h_32" width="40" height="40" border="0" id="data_button_h_32">', E'http://www.functionalglycomics.org:80/glycomics/HServlet?operation=view&sideMenu=no&psId=primscreen_6574', 0);
insert into "cfg_5_2".experiment_link(experiment_id, link_id) values (22, 133);
insert into "cfg_5_2".link (id, linkText, href, parentCell) values (134, E'<img src="/glycomics/common/images/presentation/data_inactive.jpg" alt="Raw Data" name="dat_button_h_32" width="40" height="40" border="0" id="dat_button_h_32">', E'http://www.functionalglycomics.org:80/glycomics/HFileServlet?operation=downloadRawFile&fileType=DAT&sideMenu=no&objId=1006573', 1);
insert into "cfg_5_2".experiment_link(experiment_id, link_id) values (22, 134);
insert into "cfg_5_2".experiment (id, primscreen, sample_name, species, protein_family, investigator, request, date, sample_data_id, experiment_data_id, request_data_id, filename) values (22, '6574', E'19-166:19-166', E'Not Applicable', E'Not Applicable', E'Hiroto Kawashima', E'Glycan Array:3103', 'Feb 14, 18', 22, 22, 22, E'19-166_10_17050_3103_GenePix452_v5.2_RESULTS.xls');


insert into cfg_5_2.sampledata (id, title, "Name", "Complete_Name", "Family", "Sub_Family", "Spec_Sci_Name", "1001016772", "Status", "Comments", "-436221455") values (23, E'Glycan Binding Protein : cbp_2450', E'Aleuria Aurantia Lectin (AAL) Vector_W0119', E'Lectin from Orange Peel Fungus, Vendor Vector, ,Lot# W0119', E'Plant/Fungal Lectin', E'other', E'Aleuria Aurantia', E'07/06/2011', E'Not Finalized', E'biotin-AAL from vendor: Vector Labs cat #: B-1395 lot #: W O119', E'commercial');
insert into cfg_5_2.experimentdata (id, title, "Status", "Title", "-1100022276", "Glycan_Array_Version", "Protocol_Id", "Replicate_Number", "Result_Nature", "1505767802", "-1183338289", "-491792363", "Assay_Information", "Annotation", "1635439566", "1137989877") values (23, E'Primary Screen : primscreen_6565', E'Public', E'The purpose of this request is to determine the binding specificity of two recombinant AAL lectins on the glycan array.', E'cfg_rRequest_3101', E'PA_v52', E'Protocol Biotinylated Samples', E'1', E'Data', E'50 micrograms/ml', E'09/12/2014', E'Anand Mehta', E'Sample was diluted in standard binding buffer and was detected with Cy5-Streptavidin (0.5 ug/ml).', E'rAAL-His', E'Aleuria Aurantia Lectin (AAL) Vector_W0119', E'Download');
insert into cfg_5_2.requestdata (id, title, "Request_ID", "Status", "Project_Description", "CFG_Member?", "Requester_First_Name", "Requester_Last_Name", "447911925", "1339104825", "Assigned_First_Name", "Assigned_Last_Name", "Requester_Email", "Request_Date", "Institution", "Shipping_Address", "Comments", "CFG_Core", "Resource_Type", "Amount_Requested", "-1475790216", "-643239159", "2039874986", "-1235327866", "GBP_being_Addressed", "5943919") values (23, E'cfg_rRequest_3101', E'cfg_rRequest_3101', E'Approved', E'The purpose of this request is to determine the binding specificity of two recombinant AAL lectins on the glycan array.', E'Yes subgroups :To Be Assigned', E'Harmin', E'Herrera', E'Anand', E'Mehta', E'Anand', E'Mehta', E'hh435@drexel.edu', E'07/24/2014', E'Drexel University College of Medicine', E'3805 Old Easton Road, Doylestown, PA 18901 215-489-4905.', E'Our prior work has identified core fucosylation as associated with primary liver cancer. To assist in the detection of this glycan change, we have made recombinant AAL lectins that appear to have altered binding affinity to fucosylated glycan (Romano, P. R. et al. Development of recombinant Aleuria aurantia lectins with altered binding specificities to fucosylated glycans. Biochem Biophys Res Commun 414, 84–89 (2011)). We would like to determine, using the glycan array, what the true binding specificity of these recombinant lectins is.', E'H', E'MicroArray', E'', E'08/03/2014', E'To determine the binding specificity of two recombinant AAL lectins.', E'Y', E'David Smith', E'Three lectins will be sent. They will all be conjugated with Biotin.', E'* 1. Define the specificity and affinity for carbohydrate ligands');
insert into "cfg_5_2".link (id, linkText, href, parentCell) values (135, E'Aleuria Aurantia Lectin (AAL) Vector_W0119:rAAL-His', E'http://www.functionalglycomics.org:80/glycomics/GBPServlet?pageType=view&view=view&operationType=view&cbpId=cbp_2450&sideMenu=no', 0);
insert into "cfg_5_2".experiment_link(experiment_id, link_id) values (23, 135);
insert into "cfg_5_2".link (id, linkText, href, parentCell) values (136, E'PROTEIN View:cbp_2450', E'http://www.functionalglycomics.org:80/glycomics/GBPServlet?pageType=view&view=view&operationType=view&cbpId=cbp_2450&sideMenu=no', 0);
insert into "cfg_5_2".experiment_link(experiment_id, link_id) values (23, 136);
insert into "cfg_5_2".link (id, linkText, href, parentCell) values (137, E'Anand Mehta', E'http://www.drexelmed.edu/Home/AboutOurFaculty/AnandMehta.aspx', 3);
insert into "cfg_5_2".experiment_link(experiment_id, link_id) values (23, 137);
insert into "cfg_5_2".link (id, linkText, href, parentCell) values (138, E' Glycan Array:3101', E'/glycomics/ResourceServlet?operation=viewById&resourceRequestId=cfg_rRequest_3101&View=View', 0);
insert into "cfg_5_2".experiment_link(experiment_id, link_id) values (23, 138);
insert into cfg_5_2.protocoldata (id, title, "Title", "Core", "Category", "Keyword", "Date__mm_dd_yyyy_", "Overview") values (23, E'Protocol : cfgPTC_242', E'Protocol Biotinylated Samples', E'H', E'Lectin-Glycan Binding', E'Biotinylated Samples', E'02/13/2009', E'Biotinylated sample is diluted to an appropriate concentration in standard binding buffer (TSM, 1% BSA and 0.05% Tween 20).  Seventy microliters is applied to the printed surface of the array, cover slip is applied, and incubated at room temperature in a humidified chamber away from light for one hour. The cover slip is removed and the slide is rinsed 4 times in standard TSM washing buffer containing 0.05% Tween and 4 times in TSM buffer without Tween.  Seventy microliters of fluorescently labeled streptavidin in standard TSM binding buffer is added to the slide for one hour at room temperature in a humidified chamber away from light as described.  Washes are performed as above, followed by 4 washes in distilled water. 
');
insert into "cfg_5_2".link (id, linkText, href, parentCell) values (139, E'Protocol Description (PDF)', E'http://www.functionalglycomics.org/glycomics/DFileServlet?operation=display&objType=protocol&protocolId=cfgPTC_242', null);
insert into "cfg_5_2".experiment_link(experiment_id, link_id) values (23, 139);
insert into "cfg_5_2".link (id, linkText, href, parentCell) values (140, E'<img src="/glycomics/common/images/presentation/array_inactive.jpg" alt="View Primary Screen Information" name="data_button_h_33" width="40" height="40" border="0" id="data_button_h_33">', E'http://www.functionalglycomics.org:80/glycomics/HServlet?operation=view&sideMenu=no&psId=primscreen_6565', 0);
insert into "cfg_5_2".experiment_link(experiment_id, link_id) values (23, 140);
insert into "cfg_5_2".link (id, linkText, href, parentCell) values (141, E'<img src="/glycomics/common/images/presentation/data_inactive.jpg" alt="Raw Data" name="dat_button_h_33" width="40" height="40" border="0" id="dat_button_h_33">', E'http://www.functionalglycomics.org:80/glycomics/HFileServlet?operation=downloadRawFile&fileType=DAT&sideMenu=no&objId=1006564', 1);
insert into "cfg_5_2".experiment_link(experiment_id, link_id) values (23, 141);
insert into "cfg_5_2".experiment (id, primscreen, sample_name, species, protein_family, investigator, request, date, sample_data_id, experiment_data_id, request_data_id, filename) values (23, '6565', E'Aleuria Aurantia Lectin (AAL) Vector_W0119:rAAL-His', E'Fungus', E'Plant/Fungal Lectin', E'Anand Mehta', E'Glycan Array:3101', 'Feb 14, 18', 23, 23, 23, E'rAAL-His_50_GenePix_P440_17075_v5.2_RESULTS.xls');


insert into cfg_5_2.sampledata (id, title, "Name", "Complete_Name", "Family", "Sub_Family", "Spec_Sci_Name", "1001016772", "Status", "Comments", "-436221455") values (24, E'Glycan Binding Protein : cbp_2450', E'Aleuria Aurantia Lectin (AAL) Vector_W0119', E'Lectin from Orange Peel Fungus, Vendor Vector, ,Lot# W0119', E'Plant/Fungal Lectin', E'other', E'Aleuria Aurantia', E'07/06/2011', E'Not Finalized', E'biotin-AAL from vendor: Vector Labs cat #: B-1395 lot #: W O119', E'commercial');
insert into cfg_5_2.experimentdata (id, title, "Status", "Title", "-1100022276", "Glycan_Array_Version", "Protocol_Id", "Replicate_Number", "Result_Nature", "1505767802", "-1183338289", "-491792363", "Assay_Information", "Annotation", "1635439566", "1137989877") values (24, E'Primary Screen : primscreen_6567', E'Public', E'The purpose of this request is to determine the binding specificity of two recombinant AAL lectins on the glycan array.', E'cfg_rRequest_3101', E'PA_v52', E'Protocol Biotinylated Samples', E'1', E'Data', E'50 micrograms/ml', E'09/12/2014', E'Anand Mehta', E'Sample was diluted in standard binding buffer and was detected with Cy5-Streptavidin (0.5 ug/ml).', E'rAAL-His-N224Q', E'Aleuria Aurantia Lectin (AAL) Vector_W0119', E'Download');
insert into cfg_5_2.requestdata (id, title, "Request_ID", "Status", "Project_Description", "CFG_Member?", "Requester_First_Name", "Requester_Last_Name", "447911925", "1339104825", "Assigned_First_Name", "Assigned_Last_Name", "Requester_Email", "Request_Date", "Institution", "Shipping_Address", "Comments", "CFG_Core", "Resource_Type", "Amount_Requested", "-1475790216", "-643239159", "2039874986", "-1235327866", "GBP_being_Addressed", "5943919") values (24, E'cfg_rRequest_3101', E'cfg_rRequest_3101', E'Approved', E'The purpose of this request is to determine the binding specificity of two recombinant AAL lectins on the glycan array.', E'Yes subgroups :To Be Assigned', E'Harmin', E'Herrera', E'Anand', E'Mehta', E'Anand', E'Mehta', E'hh435@drexel.edu', E'07/24/2014', E'Drexel University College of Medicine', E'3805 Old Easton Road, Doylestown, PA 18901 215-489-4905.', E'Our prior work has identified core fucosylation as associated with primary liver cancer. To assist in the detection of this glycan change, we have made recombinant AAL lectins that appear to have altered binding affinity to fucosylated glycan (Romano, P. R. et al. Development of recombinant Aleuria aurantia lectins with altered binding specificities to fucosylated glycans. Biochem Biophys Res Commun 414, 84–89 (2011)). We would like to determine, using the glycan array, what the true binding specificity of these recombinant lectins is.', E'H', E'MicroArray', E'', E'08/03/2014', E'To determine the binding specificity of two recombinant AAL lectins.', E'Y', E'David Smith', E'Three lectins will be sent. They will all be conjugated with Biotin.', E'* 1. Define the specificity and affinity for carbohydrate ligands');
insert into "cfg_5_2".link (id, linkText, href, parentCell) values (142, E'Aleuria Aurantia Lectin (AAL) Vector_W0119:rAAL-His-N224Q', E'http://www.functionalglycomics.org:80/glycomics/GBPServlet?pageType=view&view=view&operationType=view&cbpId=cbp_2450&sideMenu=no', 0);
insert into "cfg_5_2".experiment_link(experiment_id, link_id) values (24, 142);
insert into "cfg_5_2".link (id, linkText, href, parentCell) values (143, E'PROTEIN View:cbp_2450', E'http://www.functionalglycomics.org:80/glycomics/GBPServlet?pageType=view&view=view&operationType=view&cbpId=cbp_2450&sideMenu=no', 0);
insert into "cfg_5_2".experiment_link(experiment_id, link_id) values (24, 143);
insert into "cfg_5_2".link (id, linkText, href, parentCell) values (144, E'Anand Mehta', E'http://www.drexelmed.edu/Home/AboutOurFaculty/AnandMehta.aspx', 3);
insert into "cfg_5_2".experiment_link(experiment_id, link_id) values (24, 144);
insert into "cfg_5_2".link (id, linkText, href, parentCell) values (145, E' Glycan Array:3101', E'/glycomics/ResourceServlet?operation=viewById&resourceRequestId=cfg_rRequest_3101&View=View', 0);
insert into "cfg_5_2".experiment_link(experiment_id, link_id) values (24, 145);
insert into cfg_5_2.protocoldata (id, title, "Title", "Core", "Category", "Keyword", "Date__mm_dd_yyyy_", "Overview") values (24, E'Protocol : cfgPTC_242', E'Protocol Biotinylated Samples', E'H', E'Lectin-Glycan Binding', E'Biotinylated Samples', E'02/13/2009', E'Biotinylated sample is diluted to an appropriate concentration in standard binding buffer (TSM, 1% BSA and 0.05% Tween 20).  Seventy microliters is applied to the printed surface of the array, cover slip is applied, and incubated at room temperature in a humidified chamber away from light for one hour. The cover slip is removed and the slide is rinsed 4 times in standard TSM washing buffer containing 0.05% Tween and 4 times in TSM buffer without Tween.  Seventy microliters of fluorescently labeled streptavidin in standard TSM binding buffer is added to the slide for one hour at room temperature in a humidified chamber away from light as described.  Washes are performed as above, followed by 4 washes in distilled water. 
');
insert into "cfg_5_2".link (id, linkText, href, parentCell) values (146, E'Protocol Description (PDF)', E'http://www.functionalglycomics.org/glycomics/DFileServlet?operation=display&objType=protocol&protocolId=cfgPTC_242', null);
insert into "cfg_5_2".experiment_link(experiment_id, link_id) values (24, 146);
insert into "cfg_5_2".link (id, linkText, href, parentCell) values (147, E'<img src="/glycomics/common/images/presentation/array_inactive.jpg" alt="View Primary Screen Information" name="data_button_h_34" width="40" height="40" border="0" id="data_button_h_34">', E'http://www.functionalglycomics.org:80/glycomics/HServlet?operation=view&sideMenu=no&psId=primscreen_6567', 0);
insert into "cfg_5_2".experiment_link(experiment_id, link_id) values (24, 147);
insert into "cfg_5_2".link (id, linkText, href, parentCell) values (148, E'<img src="/glycomics/common/images/presentation/data_inactive.jpg" alt="Raw Data" name="dat_button_h_34" width="40" height="40" border="0" id="dat_button_h_34">', E'http://www.functionalglycomics.org:80/glycomics/HFileServlet?operation=downloadRawFile&fileType=DAT&sideMenu=no&objId=1006566', 1);
insert into "cfg_5_2".experiment_link(experiment_id, link_id) values (24, 148);
insert into "cfg_5_2".experiment (id, primscreen, sample_name, species, protein_family, investigator, request, date, sample_data_id, experiment_data_id, request_data_id, filename) values (24, '6567', E'Aleuria Aurantia Lectin (AAL) Vector_W0119:rAAL-His-N224Q', E'Fungus', E'Plant/Fungal Lectin', E'Anand Mehta', E'Glycan Array:3101', 'Feb 14, 18', 24, 24, 24, E'rAAL-His_50_N224Q_GenePix_17073_v5.2_RESULTS.xls');


insert into cfg_5_2.sampledata (id, title, "Name", "Complete_Name", "Family", "Sub_Family", "Spec_Sci_Name", "1001016772", "Status", "Comments", "-436221455") values (25, E'Glycan Binding Protein : cbp_2450', E'Aleuria Aurantia Lectin (AAL) Vector_W0119', E'Lectin from Orange Peel Fungus, Vendor Vector, ,Lot# W0119', E'Plant/Fungal Lectin', E'other', E'Aleuria Aurantia', E'07/06/2011', E'Not Finalized', E'biotin-AAL from vendor: Vector Labs cat #: B-1395 lot #: W O119', E'commercial');
insert into cfg_5_2.experimentdata (id, title, "Status", "Title", "-1100022276", "Glycan_Array_Version", "Protocol_Id", "Replicate_Number", "Result_Nature", "1505767802", "-1183338289", "-491792363", "Assay_Information", "Annotation", "1635439566", "1137989877") values (25, E'Primary Screen : primscreen_6569', E'Public', E'The purpose of this request is to determine the binding specificity of two recombinant AAL lectins on the glycan array.', E'cfg_rRequest_3101', E'PA_v52', E'Protocol Biotinylated Samples', E'1', E'Data', E'5 micrograms/ml', E'09/19/2014', E'Anand Mehta', E'Sample was diluted in standard binding buffer and was detected with Cy5-Streptavidin (0.5 ug/ml).', E'rAAL-His-X24', E'Aleuria Aurantia Lectin (AAL) Vector_W0119', E'Download');
insert into cfg_5_2.requestdata (id, title, "Request_ID", "Status", "Project_Description", "CFG_Member?", "Requester_First_Name", "Requester_Last_Name", "447911925", "1339104825", "Assigned_First_Name", "Assigned_Last_Name", "Requester_Email", "Request_Date", "Institution", "Shipping_Address", "Comments", "CFG_Core", "Resource_Type", "Amount_Requested", "-1475790216", "-643239159", "2039874986", "-1235327866", "GBP_being_Addressed", "5943919") values (25, E'cfg_rRequest_3101', E'cfg_rRequest_3101', E'Approved', E'The purpose of this request is to determine the binding specificity of two recombinant AAL lectins on the glycan array.', E'Yes subgroups :To Be Assigned', E'Harmin', E'Herrera', E'Anand', E'Mehta', E'Anand', E'Mehta', E'hh435@drexel.edu', E'07/24/2014', E'Drexel University College of Medicine', E'3805 Old Easton Road, Doylestown, PA 18901 215-489-4905.', E'Our prior work has identified core fucosylation as associated with primary liver cancer. To assist in the detection of this glycan change, we have made recombinant AAL lectins that appear to have altered binding affinity to fucosylated glycan (Romano, P. R. et al. Development of recombinant Aleuria aurantia lectins with altered binding specificities to fucosylated glycans. Biochem Biophys Res Commun 414, 84–89 (2011)). We would like to determine, using the glycan array, what the true binding specificity of these recombinant lectins is.', E'H', E'MicroArray', E'', E'08/03/2014', E'To determine the binding specificity of two recombinant AAL lectins.', E'Y', E'David Smith', E'Three lectins will be sent. They will all be conjugated with Biotin.', E'* 1. Define the specificity and affinity for carbohydrate ligands');
insert into "cfg_5_2".link (id, linkText, href, parentCell) values (149, E'Aleuria Aurantia Lectin (AAL) Vector_W0119:rAAL-His-X24', E'http://www.functionalglycomics.org:80/glycomics/GBPServlet?pageType=view&view=view&operationType=view&cbpId=cbp_2450&sideMenu=no', 0);
insert into "cfg_5_2".experiment_link(experiment_id, link_id) values (25, 149);
insert into "cfg_5_2".link (id, linkText, href, parentCell) values (150, E'PROTEIN View:cbp_2450', E'http://www.functionalglycomics.org:80/glycomics/GBPServlet?pageType=view&view=view&operationType=view&cbpId=cbp_2450&sideMenu=no', 0);
insert into "cfg_5_2".experiment_link(experiment_id, link_id) values (25, 150);
insert into "cfg_5_2".link (id, linkText, href, parentCell) values (151, E'Anand Mehta', E'http://www.drexelmed.edu/Home/AboutOurFaculty/AnandMehta.aspx', 3);
insert into "cfg_5_2".experiment_link(experiment_id, link_id) values (25, 151);
insert into "cfg_5_2".link (id, linkText, href, parentCell) values (152, E' Glycan Array:3101', E'/glycomics/ResourceServlet?operation=viewById&resourceRequestId=cfg_rRequest_3101&View=View', 0);
insert into "cfg_5_2".experiment_link(experiment_id, link_id) values (25, 152);
insert into cfg_5_2.protocoldata (id, title, "Title", "Core", "Category", "Keyword", "Date__mm_dd_yyyy_", "Overview") values (25, E'Protocol : cfgPTC_242', E'Protocol Biotinylated Samples', E'H', E'Lectin-Glycan Binding', E'Biotinylated Samples', E'02/13/2009', E'Biotinylated sample is diluted to an appropriate concentration in standard binding buffer (TSM, 1% BSA and 0.05% Tween 20).  Seventy microliters is applied to the printed surface of the array, cover slip is applied, and incubated at room temperature in a humidified chamber away from light for one hour. The cover slip is removed and the slide is rinsed 4 times in standard TSM washing buffer containing 0.05% Tween and 4 times in TSM buffer without Tween.  Seventy microliters of fluorescently labeled streptavidin in standard TSM binding buffer is added to the slide for one hour at room temperature in a humidified chamber away from light as described.  Washes are performed as above, followed by 4 washes in distilled water. 
');
insert into "cfg_5_2".link (id, linkText, href, parentCell) values (153, E'Protocol Description (PDF)', E'http://www.functionalglycomics.org/glycomics/DFileServlet?operation=display&objType=protocol&protocolId=cfgPTC_242', null);
insert into "cfg_5_2".experiment_link(experiment_id, link_id) values (25, 153);
insert into "cfg_5_2".link (id, linkText, href, parentCell) values (154, E'<img src="/glycomics/common/images/presentation/array_inactive.jpg" alt="View Primary Screen Information" name="data_button_h_35" width="40" height="40" border="0" id="data_button_h_35">', E'http://www.functionalglycomics.org:80/glycomics/HServlet?operation=view&sideMenu=no&psId=primscreen_6569', 0);
insert into "cfg_5_2".experiment_link(experiment_id, link_id) values (25, 154);
insert into "cfg_5_2".link (id, linkText, href, parentCell) values (155, E'<img src="/glycomics/common/images/presentation/data_inactive.jpg" alt="Raw Data" name="dat_button_h_35" width="40" height="40" border="0" id="dat_button_h_35">', E'http://www.functionalglycomics.org:80/glycomics/HFileServlet?operation=downloadRawFile&fileType=DAT&sideMenu=no&objId=1006568', 1);
insert into "cfg_5_2".experiment_link(experiment_id, link_id) values (25, 155);
insert into "cfg_5_2".experiment (id, primscreen, sample_name, species, protein_family, investigator, request, date, sample_data_id, experiment_data_id, request_data_id, filename) values (25, '6569', E'Aleuria Aurantia Lectin (AAL) Vector_W0119:rAAL-His-X24', E'Fungus', E'Plant/Fungal Lectin', E'Anand Mehta', E'Glycan Array:3101', 'Feb 14, 18', 25, 25, 25, E'rAAL-His_5_X24_17082_v5.2_RESULTS.xls');


insert into cfg_5_2.sampledata (id, title, "Name", "Complete_Name", "Family", "Sub_Family", "Spec_Sci_Name", "1001016772", "Status", "Comments", "-436221455") values (26, E'Glycan Binding Protein : cbp_2450', E'Aleuria Aurantia Lectin (AAL) Vector_W0119', E'Lectin from Orange Peel Fungus, Vendor Vector, ,Lot# W0119', E'Plant/Fungal Lectin', E'other', E'Aleuria Aurantia', E'07/06/2011', E'Not Finalized', E'biotin-AAL from vendor: Vector Labs cat #: B-1395 lot #: W O119', E'commercial');
insert into cfg_5_2.experimentdata (id, title, "Status", "Title", "-1100022276", "Glycan_Array_Version", "Protocol_Id", "Replicate_Number", "Result_Nature", "1505767802", "-1183338289", "-491792363", "Assay_Information", "Annotation", "1635439566", "1137989877") values (26, E'Primary Screen : primscreen_6566', E'Public', E'The purpose of this request is to determine the binding specificity of two recombinant AAL lectins on the glycan array.', E'cfg_rRequest_3101', E'PA_v52', E'Protocol Biotinylated Samples', E'1', E'Data', E'50 micrograms/ml', E'09/12/2014', E'Anand Mehta', E'Sample was diluted in standard binding buffer and was detected with Cy5-Streptavidin (0.5 ug/ml).', E'rAAL-His-X24', E'Aleuria Aurantia Lectin (AAL) Vector_W0119', E'Download');
insert into cfg_5_2.requestdata (id, title, "Request_ID", "Status", "Project_Description", "CFG_Member?", "Requester_First_Name", "Requester_Last_Name", "447911925", "1339104825", "Assigned_First_Name", "Assigned_Last_Name", "Requester_Email", "Request_Date", "Institution", "Shipping_Address", "Comments", "CFG_Core", "Resource_Type", "Amount_Requested", "-1475790216", "-643239159", "2039874986", "-1235327866", "GBP_being_Addressed", "5943919") values (26, E'cfg_rRequest_3101', E'cfg_rRequest_3101', E'Approved', E'The purpose of this request is to determine the binding specificity of two recombinant AAL lectins on the glycan array.', E'Yes subgroups :To Be Assigned', E'Harmin', E'Herrera', E'Anand', E'Mehta', E'Anand', E'Mehta', E'hh435@drexel.edu', E'07/24/2014', E'Drexel University College of Medicine', E'3805 Old Easton Road, Doylestown, PA 18901 215-489-4905.', E'Our prior work has identified core fucosylation as associated with primary liver cancer. To assist in the detection of this glycan change, we have made recombinant AAL lectins that appear to have altered binding affinity to fucosylated glycan (Romano, P. R. et al. Development of recombinant Aleuria aurantia lectins with altered binding specificities to fucosylated glycans. Biochem Biophys Res Commun 414, 84–89 (2011)). We would like to determine, using the glycan array, what the true binding specificity of these recombinant lectins is.', E'H', E'MicroArray', E'', E'08/03/2014', E'To determine the binding specificity of two recombinant AAL lectins.', E'Y', E'David Smith', E'Three lectins will be sent. They will all be conjugated with Biotin.', E'* 1. Define the specificity and affinity for carbohydrate ligands');
insert into "cfg_5_2".link (id, linkText, href, parentCell) values (156, E'Aleuria Aurantia Lectin (AAL) Vector_W0119:rAAL-His-X24', E'http://www.functionalglycomics.org:80/glycomics/GBPServlet?pageType=view&view=view&operationType=view&cbpId=cbp_2450&sideMenu=no', 0);
insert into "cfg_5_2".experiment_link(experiment_id, link_id) values (26, 156);
insert into "cfg_5_2".link (id, linkText, href, parentCell) values (157, E'PROTEIN View:cbp_2450', E'http://www.functionalglycomics.org:80/glycomics/GBPServlet?pageType=view&view=view&operationType=view&cbpId=cbp_2450&sideMenu=no', 0);
insert into "cfg_5_2".experiment_link(experiment_id, link_id) values (26, 157);
insert into "cfg_5_2".link (id, linkText, href, parentCell) values (158, E'Anand Mehta', E'http://www.drexelmed.edu/Home/AboutOurFaculty/AnandMehta.aspx', 3);
insert into "cfg_5_2".experiment_link(experiment_id, link_id) values (26, 158);
insert into "cfg_5_2".link (id, linkText, href, parentCell) values (159, E' Glycan Array:3101', E'/glycomics/ResourceServlet?operation=viewById&resourceRequestId=cfg_rRequest_3101&View=View', 0);
insert into "cfg_5_2".experiment_link(experiment_id, link_id) values (26, 159);
insert into cfg_5_2.protocoldata (id, title, "Title", "Core", "Category", "Keyword", "Date__mm_dd_yyyy_", "Overview") values (26, E'Protocol : cfgPTC_242', E'Protocol Biotinylated Samples', E'H', E'Lectin-Glycan Binding', E'Biotinylated Samples', E'02/13/2009', E'Biotinylated sample is diluted to an appropriate concentration in standard binding buffer (TSM, 1% BSA and 0.05% Tween 20).  Seventy microliters is applied to the printed surface of the array, cover slip is applied, and incubated at room temperature in a humidified chamber away from light for one hour. The cover slip is removed and the slide is rinsed 4 times in standard TSM washing buffer containing 0.05% Tween and 4 times in TSM buffer without Tween.  Seventy microliters of fluorescently labeled streptavidin in standard TSM binding buffer is added to the slide for one hour at room temperature in a humidified chamber away from light as described.  Washes are performed as above, followed by 4 washes in distilled water. 
');
insert into "cfg_5_2".link (id, linkText, href, parentCell) values (160, E'Protocol Description (PDF)', E'http://www.functionalglycomics.org/glycomics/DFileServlet?operation=display&objType=protocol&protocolId=cfgPTC_242', null);
insert into "cfg_5_2".experiment_link(experiment_id, link_id) values (26, 160);
insert into "cfg_5_2".link (id, linkText, href, parentCell) values (161, E'<img src="/glycomics/common/images/presentation/array_inactive.jpg" alt="View Primary Screen Information" name="data_button_h_36" width="40" height="40" border="0" id="data_button_h_36">', E'http://www.functionalglycomics.org:80/glycomics/HServlet?operation=view&sideMenu=no&psId=primscreen_6566', 0);
insert into "cfg_5_2".experiment_link(experiment_id, link_id) values (26, 161);
insert into "cfg_5_2".link (id, linkText, href, parentCell) values (162, E'<img src="/glycomics/common/images/presentation/data_inactive.jpg" alt="Raw Data" name="dat_button_h_36" width="40" height="40" border="0" id="dat_button_h_36">', E'http://www.functionalglycomics.org:80/glycomics/HFileServlet?operation=downloadRawFile&fileType=DAT&sideMenu=no&objId=1006565', 1);
insert into "cfg_5_2".experiment_link(experiment_id, link_id) values (26, 162);
insert into "cfg_5_2".experiment (id, primscreen, sample_name, species, protein_family, investigator, request, date, sample_data_id, experiment_data_id, request_data_id, filename) values (26, '6566', E'Aleuria Aurantia Lectin (AAL) Vector_W0119:rAAL-His-X24', E'Fungus', E'Plant/Fungal Lectin', E'Anand Mehta', E'Glycan Array:3101', 'Feb 14, 18', 26, 26, 26, E'rAAL-His_50_X24_GenePix_17074_v5.2_RESULTS.xls');


insert into cfg_5_2.sampledata (id, title, "Name", "Family", "Sub_Family", "Spec_Sci_Name", "Estimated_purity", "Mutation_Chimera", "1001016772", "Status", "Primary_Sequence", "Comments", "Swiss_Prot") values (27, E'Glycan Binding Protein : cbp_3362', E'LYSMD3', E'Other', E'putative peptidoglycan-binding protein', E'Homo sapiens', E'Approx. 90% or higher', E'First 217 amino acids of protein fused to 6x his tag on carboxyl terminus', E'07/22/2014', E'Not Finalized', E'>sp|Q7Z3D4 |1-217MAGR HQNRSFPLPG VQSSGQVHAF GNCSDSDILE EDAEVYELRS
RGKEKVRRST SRDRLDDIIV LTKDIQEGDT LNAIALQYCC TVADIKRVNN LISDQDFFAL
RSIKIPVKKF SSLTETLCPP KGRQTSRHSS VQYSSEQQEI LPANDSLAYS DSAGSFLKEV
DRDIEQIVKC TDNKRENLNE VVSALTAQQM RFEPDNKNTQ RKDPYYGADW GIG', E'Pull down assay and isothermal titration calorimetry showed binding to N-acetylglucosamine', E'Swiss Prot:Q7Z3D4');
insert into cfg_5_2.experimentdata (id, title, "Status", "Title", "-1100022276", "Glycan_Array_Version", "Protocol_Id", "Replicate_Number", "Result_Nature", "1505767802", "-1183338289", "-491792363", "Assay_Information", "Annotation", "1635439566", "1137989877") values (27, E'Primary Screen : primscreen_6553', E'Public', E'The purpose of this request is to perform the analysis of a potential GBP that has been linked to the direct perception of specific glycans via RNAi and affinity precipitation on the glycan array.', E'cfg_rRequest_2899', E'PA_v52', E'Protocol Direct Binding', E'1', E'Data', E'200 micrograms/ml', E'08/29/2014', E'Christopher Lawrence', E'Sample was diluted in standard binding buffer and was directly labeled with DyLight488.', E'LysMD3-200', E'LYSMD3', E'Download');
insert into cfg_5_2.requestdata (id, title, "Request_ID", "Status", "Project_Description", "CFG_Member?", "Requester_First_Name", "Requester_Last_Name", "447911925", "1339104825", "Assigned_First_Name", "Assigned_Last_Name", "Requester_Email", "Request_Date", "Institution", "Shipping_Address", "CFG_Core", "Resource_Type", "Amount_Requested", "-1475790216", "-643239159", "2039874986", "-1235327866", "GBP_being_Addressed", "5943919") values (27, E'cfg_rRequest_2899', E'cfg_rRequest_2899', E'Approved', E'The purpose of this request is to perform the analysis of a potential GBP that has been linked to the direct perception of specific glycans via RNAi and affinity precipitation on the glycan array.', E'Yes subgroups :To Be Assigned', E'Brad', E'Howard', E'Christopher', E'Lawrence', E'Christopher', E'Lawrence', E'lawrence@vbi.vt.edu', E'07/18/2013', E'Virginia Bioinformatics Institute- Virginia Tech', E'Washington St. Blacksburg, Va 24061', E'H', E'MicroArray', E'', E'07/23/2013', E'The innate immune system is the first line of defense providing immediate responses to challenge in both plants and animals. Innate immune cells recognize a variety of specific microbes via an array of pathogen recognition receptors (PRRs) that allow for the transduction of signals that ultimate help educate the adaptive immune response. These signals arise from the interaction of PRRs on antigen-presenting and/or barrier cells in the surveillance network with pathogen-associated molecular patterns (PAMPs). Such interactions drive the expression of inflammatory mediators, as well as the chemotaxis of effector cells to the site of challenge. Glycans are a major component of most pathogenic organisms, and represent some of the most abundant molecules on earth. Specific PRRs that recognize many glycans in the plant and animal kingdom have been characterized, but the recognition mechanism(s) for a variety of other moieties has remained elusive. We submit here a potential GBP for glycomics analysis that we have linked to the direct perception of specific glycans via RNAi and affinity precipitation.', E'Y', E'Christopher Lawrence', E'The GBP will be labeled with Dylight 488 and will be submitted at a concentration of 220 ug/mL in PBS pH 7.4.', E'* 1. Define the specificity and affinity for carbohydrate ligands');
insert into "cfg_5_2".link (id, linkText, href, parentCell) values (163, E'LYSMD3:LysMD3-200', E'http://www.functionalglycomics.org:80/glycomics/GBPServlet?pageType=view&view=view&operationType=view&cbpId=cbp_3362&sideMenu=no', 0);
insert into "cfg_5_2".experiment_link(experiment_id, link_id) values (27, 163);
insert into "cfg_5_2".link (id, linkText, href, parentCell) values (164, E'PROTEIN View:cbp_3362', E'http://www.functionalglycomics.org:80/glycomics/GBPServlet?pageType=view&view=view&operationType=view&cbpId=cbp_3362&sideMenu=no', 0);
insert into "cfg_5_2".experiment_link(experiment_id, link_id) values (27, 164);
insert into "cfg_5_2".link (id, linkText, href, parentCell) values (165, E' Glycan Array:2899', E'/glycomics/ResourceServlet?operation=viewById&resourceRequestId=cfg_rRequest_2899&View=View', 0);
insert into "cfg_5_2".experiment_link(experiment_id, link_id) values (27, 165);
insert into cfg_5_2.protocoldata (id, title, "Title", "Core", "Category", "Keyword", "Date__mm_dd_yyyy_", "Overview") values (27, E'Protocol : cfgPTC_243', E'Protocol Direct Binding', E'H', E'Lectin-Glycan Binding', E'Directly Labeled Samples', E'02/13/2009', E'Fluorescently labeled sample is diluted to an appropriate concentration in standard binding buffer (TSM, 1% BSA and 0.05% Tween 20). Seventy microliters is applied to the printed surface of the array, cover slip is applied, and incubated at room temperature in a humidified chamber away from light for one hour. The cover slip is removed and the slide is rinsed 4 times in standard TSM washing buffer containing 0.05% Tween, 4 times in TSM buffer without Tween, and 4 times in distilled water. ');
insert into "cfg_5_2".link (id, linkText, href, parentCell) values (166, E'Protocol Description (PDF)', E'http://www.functionalglycomics.org/glycomics/DFileServlet?operation=display&objType=protocol&protocolId=cfgPTC_243', null);
insert into "cfg_5_2".experiment_link(experiment_id, link_id) values (27, 166);
insert into "cfg_5_2".link (id, linkText, href, parentCell) values (167, E'<img src="/glycomics/common/images/presentation/array_inactive.jpg" alt="View Primary Screen Information" name="data_button_h_44" width="40" height="40" border="0" id="data_button_h_44">', E'http://www.functionalglycomics.org:80/glycomics/HServlet?operation=view&sideMenu=no&psId=primscreen_6553', 0);
insert into "cfg_5_2".experiment_link(experiment_id, link_id) values (27, 167);
insert into "cfg_5_2".link (id, linkText, href, parentCell) values (168, E'<img src="/glycomics/common/images/presentation/data_inactive.jpg" alt="Raw Data" name="dat_button_h_44" width="40" height="40" border="0" id="dat_button_h_44">', E'http://www.functionalglycomics.org:80/glycomics/HFileServlet?operation=downloadRawFile&fileType=DAT&sideMenu=no&objId=1006552', 1);
insert into "cfg_5_2".experiment_link(experiment_id, link_id) values (27, 168);
insert into "cfg_5_2".experiment (id, primscreen, sample_name, species, protein_family, investigator, request, date, sample_data_id, experiment_data_id, request_data_id, filename) values (27, '6553', E'LYSMD3:LysMD3-200', E'Human', E'Other', E'Christopher Lawrence', E'Glycan Array:2899', 'Nov 12, 17', 27, 27, 27, E'LysMD3ec_200ug_17047_#2899_GenePix_v5.2_RESULTS.xls');


insert into cfg_5_2.sampledata (id, title, "Name", "Complete_Name", "Family", "Sub_Family", "Spec_Sci_Name", "Estimated_purity", "Mutation_Chimera", "1001016772", "Status", "Primary_Sequence", "Comments", "-436221455", "Gen_Bank", "Swiss_Prot") values (28, E'Glycan Binding Protein : cbp_3392', E'Dectin-2', E'CLEC6A, CELCSF10', E'C-Type Lectin', E'Group II', E'Homo sapiens', E'>95%', E'CRD with biotin tag', E'08/27/2014', E'Not Finalized', E'MMQEQQPQST EKRGWLSLRL WSVAGISIAL LSACFIVSCV VTYHFTYGET GKRLSELHSY
HSSLTCFSEG TKVPAWGCCP ASWKSFGSSC YFISSEEKVW SKSEQNCVEM GAHLVVFNTE
AEQNFIVQQL NESFSYFLGL SDPQGNNNWQ WIDKTPYEKN VRFWHLGEPN HSAEQCASIV
FWKPTGWGWN DVICETRRNS ICEMNKIYL', E'Purified by affinity chromatography on immobilized mannose.', E'Expressed in E. coli, refolded and purified by affinity chromatography.', E'GenBank:CLEC6A', E'Swiss Prot:Q6EIG7');
insert into cfg_5_2.experimentdata (id, title, "Status", "Title", "-1100022276", "Glycan_Array_Version", "Protocol_Id", "Replicate_Number", "Result_Nature", "1505767802", "-1183338289", "-491792363", "Assay_Information", "Annotation", "1635439566", "1137989877") values (28, E'Primary Screen : primscreen_6520', E'Public', E'Screen Dectin-2 against the current version of the array to compare to screening of earlier versions.', E'cfg_rRequest_3108', E'PA_v52', E'Protocol Direct Binding', E'1', E'Data', E'200 micrograms/ml', E'08/29/2014', E'Kurt Drickamer', E'Sample was diluted in buffer with 10 mM calcium chloride and 1% BSA and was directly labeled with Alexa-488.', E'Dectin-2 plus calcium', E'Dectin-2', E'Download');
insert into cfg_5_2.requestdata (id, title, "Request_ID", "Status", "Project_Description", "CFG_Member?", "Requester_First_Name", "Requester_Last_Name", "447911925", "1339104825", "Assigned_First_Name", "Assigned_Last_Name", "Requester_Email", "Requester_Interest", "Request_Date", "Institution", "Comments", "CFG_Core", "Resource_Type", "Amount_Requested", "-1475790216", "-643239159", "2039874986", "-1235327866", "GBP_being_Addressed", "5943919") values (28, E'cfg_rRequest_3108', E'cfg_rRequest_3108', E'Approved', E'Screen Dectin-2 against the current version of the array to compare to screening of earlier versions.', E'Yes subgroups :4 :Glycans in development and physiology ,2 :Glycans in immune recognition and function', E'Kurt', E'Drickamer', E'Kurt', E'Drickamer', E'Kurt', E'Drickamer', E'k.drickamer@imperial.ac.uk', E'Dr. Drickamer\'s laboratory is interested in the structure, function and evolution of C-type lectins involved in innate immunity, cell-cell adhesion and turnover of serum glycoproteins. This laboratory\'s primary emphasis is on developing a molecular understanding of how these proteins perform their biological functions.', E'08/04/2014', E'Imperial College London', E'We are aware that we may be charged for this screening if it is not completed under the current funding arrangements.', E'H', E'MicroArray', E'', E'08/05/2014', E'We have recently screened the C-type lectin BDCA2 against the current version of the array and found a number of novel ligands compared to screening of earlier versions. We would like to do a parallel experiment with Dectin-2, which is similar in organisation and sequence, but which is reported to bind a very different spectrum of ligands. It has only been screened against very early versions of the array: in the ELISA format and version 1 of the printed array.', E'Y', E'Core H', E'Directly labeled with Alexa-488 as streptavidin complex', E'* 1. Define the specificity and affinity for carbohydrate ligands * 3. Identify the ligand(s) that mediate GBP binding');
insert into "cfg_5_2".link (id, linkText, href, parentCell) values (169, E'Dectin-2:Dectin-2 plus calcium', E'http://www.functionalglycomics.org:80/glycomics/GBPServlet?pageType=view&view=view&operationType=view&cbpId=cbp_3392&sideMenu=no', 0);
insert into "cfg_5_2".experiment_link(experiment_id, link_id) values (28, 169);
insert into "cfg_5_2".link (id, linkText, href, parentCell) values (170, E'PROTEIN View:cbp_3392', E'http://www.functionalglycomics.org:80/glycomics/GBPServlet?pageType=view&view=view&operationType=view&cbpId=cbp_3392&sideMenu=no', 0);
insert into "cfg_5_2".experiment_link(experiment_id, link_id) values (28, 170);
insert into "cfg_5_2".link (id, linkText, href, parentCell) values (171, E'Kurt Drickamer', E'http://www3.imperial.ac.uk/portal/page?_pageid=61,491101&_dad=portallive&_schema=PORTALLIVE', 3);
insert into "cfg_5_2".experiment_link(experiment_id, link_id) values (28, 171);
insert into "cfg_5_2".link (id, linkText, href, parentCell) values (172, E' Glycan Array:3108', E'/glycomics/ResourceServlet?operation=viewById&resourceRequestId=cfg_rRequest_3108&View=View', 0);
insert into "cfg_5_2".experiment_link(experiment_id, link_id) values (28, 172);
insert into cfg_5_2.protocoldata (id, title, "Title", "Core", "Category", "Keyword", "Date__mm_dd_yyyy_", "Overview") values (28, E'Protocol : cfgPTC_243', E'Protocol Direct Binding', E'H', E'Lectin-Glycan Binding', E'Directly Labeled Samples', E'02/13/2009', E'Fluorescently labeled sample is diluted to an appropriate concentration in standard binding buffer (TSM, 1% BSA and 0.05% Tween 20). Seventy microliters is applied to the printed surface of the array, cover slip is applied, and incubated at room temperature in a humidified chamber away from light for one hour. The cover slip is removed and the slide is rinsed 4 times in standard TSM washing buffer containing 0.05% Tween, 4 times in TSM buffer without Tween, and 4 times in distilled water. ');
insert into "cfg_5_2".link (id, linkText, href, parentCell) values (173, E'Protocol Description (PDF)', E'http://www.functionalglycomics.org/glycomics/DFileServlet?operation=display&objType=protocol&protocolId=cfgPTC_243', null);
insert into "cfg_5_2".experiment_link(experiment_id, link_id) values (28, 173);
insert into "cfg_5_2".link (id, linkText, href, parentCell) values (174, E'<img src="/glycomics/common/images/presentation/array_inactive.jpg" alt="View Primary Screen Information" name="data_button_h_47" width="40" height="40" border="0" id="data_button_h_47">', E'http://www.functionalglycomics.org:80/glycomics/HServlet?operation=view&sideMenu=no&psId=primscreen_6520', 0);
insert into "cfg_5_2".experiment_link(experiment_id, link_id) values (28, 174);
insert into "cfg_5_2".link (id, linkText, href, parentCell) values (175, E'<img src="/glycomics/common/images/presentation/data_inactive.jpg" alt="Raw Data" name="dat_button_h_47" width="40" height="40" border="0" id="dat_button_h_47">', E'http://www.functionalglycomics.org:80/glycomics/HFileServlet?operation=downloadRawFile&fileType=DAT&sideMenu=no&objId=1006519', 1);
insert into "cfg_5_2".experiment_link(experiment_id, link_id) values (28, 175);
insert into "cfg_5_2".experiment (id, primscreen, sample_name, species, protein_family, investigator, request, date, sample_data_id, experiment_data_id, request_data_id, filename) values (28, '6520', E'Dectin-2:Dectin-2 plus calcium', E'Human', E'C-Type Lectin', E'Kurt Drickamer', E'Glycan Array:3108', 'Nov 08, 17', 28, 28, 28, E'HuDectin2_17045_GenePix478_RESULT.xls');


insert into cfg_5_2.sampledata (id, title, "Name", "Complete_Name", "Family", "Sub_Family", "Spec_Sci_Name", "Estimated_purity", "Mutation_Chimera", "1001016772", "Status", "Primary_Sequence", "Comments", "-436221455", "Gen_Bank", "Swiss_Prot") values (29, E'Glycan Binding Protein : cbp_3392', E'Dectin-2', E'CLEC6A, CELCSF10', E'C-Type Lectin', E'Group II', E'Homo sapiens', E'>95%', E'CRD with biotin tag', E'08/27/2014', E'Not Finalized', E'MMQEQQPQST EKRGWLSLRL WSVAGISIAL LSACFIVSCV VTYHFTYGET GKRLSELHSY
HSSLTCFSEG TKVPAWGCCP ASWKSFGSSC YFISSEEKVW SKSEQNCVEM GAHLVVFNTE
AEQNFIVQQL NESFSYFLGL SDPQGNNNWQ WIDKTPYEKN VRFWHLGEPN HSAEQCASIV
FWKPTGWGWN DVICETRRNS ICEMNKIYL', E'Purified by affinity chromatography on immobilized mannose.', E'Expressed in E. coli, refolded and purified by affinity chromatography.', E'GenBank:CLEC6A', E'Swiss Prot:Q6EIG7');
insert into cfg_5_2.experimentdata (id, title, "Status", "Title", "-1100022276", "Glycan_Array_Version", "Protocol_Id", "Replicate_Number", "Result_Nature", "Brief_Comments", "1505767802", "-1183338289", "-491792363", "Assay_Information", "Annotation", "1635439566", "1137989877") values (29, E'Primary Screen : primscreen_6521', E'Public', E'Screen Dectin-2 against the current version of the array to compare to screening of earlier versions.', E'cfg_rRequest_3108', E'PA_v52', E'Protocol Direct Binding', E'1', E'Data', E'Negative control- lacking free calcium', E'200 micrograms/ml', E'08/29/2014', E'Kurt Drickamer', E'Sample was assayed in EDTA buffer and was directly labeled with Alexa-488.', E'Dectin-2 plus EDTA', E'Dectin-2', E'Download');
insert into cfg_5_2.requestdata (id, title, "Request_ID", "Status", "Project_Description", "CFG_Member?", "Requester_First_Name", "Requester_Last_Name", "447911925", "1339104825", "Assigned_First_Name", "Assigned_Last_Name", "Requester_Email", "Requester_Interest", "Request_Date", "Institution", "Comments", "CFG_Core", "Resource_Type", "Amount_Requested", "-1475790216", "-643239159", "2039874986", "-1235327866", "GBP_being_Addressed", "5943919") values (29, E'cfg_rRequest_3108', E'cfg_rRequest_3108', E'Approved', E'Screen Dectin-2 against the current version of the array to compare to screening of earlier versions.', E'Yes subgroups :4 :Glycans in development and physiology ,2 :Glycans in immune recognition and function', E'Kurt', E'Drickamer', E'Kurt', E'Drickamer', E'Kurt', E'Drickamer', E'k.drickamer@imperial.ac.uk', E'Dr. Drickamer\'s laboratory is interested in the structure, function and evolution of C-type lectins involved in innate immunity, cell-cell adhesion and turnover of serum glycoproteins. This laboratory\'s primary emphasis is on developing a molecular understanding of how these proteins perform their biological functions.', E'08/04/2014', E'Imperial College London', E'We are aware that we may be charged for this screening if it is not completed under the current funding arrangements.', E'H', E'MicroArray', E'', E'08/05/2014', E'We have recently screened the C-type lectin BDCA2 against the current version of the array and found a number of novel ligands compared to screening of earlier versions. We would like to do a parallel experiment with Dectin-2, which is similar in organisation and sequence, but which is reported to bind a very different spectrum of ligands. It has only been screened against very early versions of the array: in the ELISA format and version 1 of the printed array.', E'Y', E'Core H', E'Directly labeled with Alexa-488 as streptavidin complex', E'* 1. Define the specificity and affinity for carbohydrate ligands * 3. Identify the ligand(s) that mediate GBP binding');
insert into "cfg_5_2".link (id, linkText, href, parentCell) values (176, E'Dectin-2:Dectin-2 plus EDTA', E'http://www.functionalglycomics.org:80/glycomics/GBPServlet?pageType=view&view=view&operationType=view&cbpId=cbp_3392&sideMenu=no', 0);
insert into "cfg_5_2".experiment_link(experiment_id, link_id) values (29, 176);
insert into "cfg_5_2".link (id, linkText, href, parentCell) values (177, E'PROTEIN View:cbp_3392', E'http://www.functionalglycomics.org:80/glycomics/GBPServlet?pageType=view&view=view&operationType=view&cbpId=cbp_3392&sideMenu=no', 0);
insert into "cfg_5_2".experiment_link(experiment_id, link_id) values (29, 177);
insert into "cfg_5_2".link (id, linkText, href, parentCell) values (178, E'Kurt Drickamer', E'http://www3.imperial.ac.uk/portal/page?_pageid=61,491101&_dad=portallive&_schema=PORTALLIVE', 3);
insert into "cfg_5_2".experiment_link(experiment_id, link_id) values (29, 178);
insert into "cfg_5_2".link (id, linkText, href, parentCell) values (179, E' Glycan Array:3108', E'/glycomics/ResourceServlet?operation=viewById&resourceRequestId=cfg_rRequest_3108&View=View', 0);
insert into "cfg_5_2".experiment_link(experiment_id, link_id) values (29, 179);
insert into cfg_5_2.protocoldata (id, title, "Title", "Core", "Category", "Keyword", "Date__mm_dd_yyyy_", "Overview") values (29, E'Protocol : cfgPTC_243', E'Protocol Direct Binding', E'H', E'Lectin-Glycan Binding', E'Directly Labeled Samples', E'02/13/2009', E'Fluorescently labeled sample is diluted to an appropriate concentration in standard binding buffer (TSM, 1% BSA and 0.05% Tween 20). Seventy microliters is applied to the printed surface of the array, cover slip is applied, and incubated at room temperature in a humidified chamber away from light for one hour. The cover slip is removed and the slide is rinsed 4 times in standard TSM washing buffer containing 0.05% Tween, 4 times in TSM buffer without Tween, and 4 times in distilled water. ');
insert into "cfg_5_2".link (id, linkText, href, parentCell) values (180, E'Protocol Description (PDF)', E'http://www.functionalglycomics.org/glycomics/DFileServlet?operation=display&objType=protocol&protocolId=cfgPTC_243', null);
insert into "cfg_5_2".experiment_link(experiment_id, link_id) values (29, 180);
insert into "cfg_5_2".link (id, linkText, href, parentCell) values (181, E'<img src="/glycomics/common/images/presentation/array_inactive.jpg" alt="View Primary Screen Information" name="data_button_h_48" width="40" height="40" border="0" id="data_button_h_48">', E'http://www.functionalglycomics.org:80/glycomics/HServlet?operation=view&sideMenu=no&psId=primscreen_6521', 0);
insert into "cfg_5_2".experiment_link(experiment_id, link_id) values (29, 181);
insert into "cfg_5_2".link (id, linkText, href, parentCell) values (182, E'<img src="/glycomics/common/images/presentation/data_inactive.jpg" alt="Raw Data" name="dat_button_h_48" width="40" height="40" border="0" id="dat_button_h_48">', E'http://www.functionalglycomics.org:80/glycomics/HFileServlet?operation=downloadRawFile&fileType=DAT&sideMenu=no&objId=1006520', 1);
insert into "cfg_5_2".experiment_link(experiment_id, link_id) values (29, 182);
insert into "cfg_5_2".experiment (id, primscreen, sample_name, species, protein_family, investigator, request, date, sample_data_id, experiment_data_id, request_data_id, filename) values (29, '6521', E'Dectin-2:Dectin-2 plus EDTA', E'Human', E'C-Type Lectin', E'Kurt Drickamer', E'Glycan Array:3108', 'Nov 08, 17', 29, 29, 29, E'HuDectin2_NoCa_17045_GenePix_RESULT.xls');


insert into cfg_5_2.sampledata (id, title, "Name", "Family", "Sub_Family", "Mutation_Chimera", "1001016772", "Status", "Primary_Sequence", "Comments", "-436221455") values (30, E'Glycan Binding Protein : cbp_3349', E'CBM40_CPF071', E'Viral / Bacterial Lectin', E'CBM_40', E'isolated domain of sialidase', E'07/07/2014', E'Not Finalized', E'MAHHHHHHVG TGSNDDDDKS PDPMLSSLGE YKDINLESSN ASNITYDLEK YKNLDEGTIV
VRFNSKDSKI QSLLGISNSK TKNGYFNFYV TNSRVGFELR NQKNEGNTQN GTENLVHMYK
DVALNDGDNT VALKIEKNKG YKLFLNGKMI KEVKDTNTKF LNNIENLDSA FIGKTNRYGQ
SNEYNFKGNI GFMNIYNEPL GDDYLLSKTG ETK', E'CBM40 domain from Clostridium Perfringens ATCC13124 sialidase with addition of His tag. Produced in E. coli with sialic acid binding activity checked by titration microcalorimetry.', E'Clostridium perfringens');
insert into cfg_5_2.experimentdata (id, title, "Status", "Title", "-1100022276", "Glycan_Array_Version", "Protocol_Id", "Replicate_Number", "Result_Nature", "1505767802", "-1183338289", "-491792363", "Assay_Information", "Annotation", "1635439566", "1137989877") values (30, E'Primary Screen : primscreen_6532', E'Public', E'The purpose of this request is to perform the analysis of two CBM40s from the Clostridium perfringens genome on the glycan array.', E'cfg_rRequest_3082', E'PA_v52', E'Protocol Direct Binding', E'1', E'Data', E'200 micrograms/ml', E'07/23/2014', E'Anne Imberty', E'Sample was diluted in standard binding buffer and was directly labeled with Alexa488.', E'CBM40_CPF0721', E'CBM40_CPF071', E'Download');
insert into cfg_5_2.requestdata (id, title, "Request_ID", "Status", "Project_Description", "CFG_Member?", "Requester_First_Name", "Requester_Last_Name", "447911925", "1339104825", "Assigned_First_Name", "Assigned_Last_Name", "Requester_Email", "Requester_Interest", "Request_Date", "Institution", "Shipping_Address", "Comments", "CFG_Core", "Resource_Type", "Amount_Requested", "-1475790216", "-643239159", "2039874986", "GBP_being_Addressed", "5943919") values (30, E'cfg_rRequest_3082', E'cfg_rRequest_3082', E'Approved', E'The purpose of this request is to perform the analysis of two CBM40s from the Clostridium perfringens genome on the glycan array.', E'Yes subgroups :2 :Glycans in immune recognition and function ,1 :Glycans in host-microbe interactions ,5 :Structural glycobiology', E'João', E'Ribeiro', E'Anne', E'Imberty', E'Anne', E'Imberty', E'imberty@cermav.cnrs.fr', E'This laboratory focuses on structural and thermodynamical characterization of lectin-carbohydrate interactions.', E'06/11/2014', E'CERMAV-CNRS (Centre de recherches sur les macromolécules végétales - Centre national de la recherche scientifique)', E'CERMAV-CNRS BP 53, 38041 Grenoble cedex 9, France Telephone: +33 (0)4 76 03 76 63', E'A collaborative effort between our group and the Mahal lab (NYU, United States) resulted in the identification and recombinant expression of new carbohydrate binding modules (CBMs) from Clostridium Perfringens.', E'H', E'MicroArray', E'', E'07/23/2014', E'The CBM40s are a family of carbohydrate binding modules that bind to sialic acid residues. These modules are located in the vicinity of enzymatic pockets, helping increasing the local concentration of the substrate and thus the efficiency of the enzymatic reaction. We have cloned and expressed the two CBM40 existant in Clostridium Perfringens genome. Hemmaglutination (HA) assays show to be positive for both CBMs and only showed inhibition by 3-sialyl and 6-sialyllactose. The analysis by glycan microarrays would cover a wide range of putative ligands, completing with excellence the binding epitope mapping and indicate the most relevant ligands to be used in ITC experiments and co-crystallization studies.', E'Y', E'The CBMs will be labelled with Alexa Fluor 488.', E'* 1. Define the specificity and affinity for carbohydrate ligands * 3. Identify the ligand(s) that mediate GBP binding * 5. Determine the structures of selected GBPs');
insert into "cfg_5_2".link (id, linkText, href, parentCell) values (183, E'CBM40_CPF071 :CBM40_CPF0721', E'http://www.functionalglycomics.org:80/glycomics/GBPServlet?pageType=view&view=view&operationType=view&cbpId=cbp_3349&sideMenu=no', 0);
insert into "cfg_5_2".experiment_link(experiment_id, link_id) values (30, 183);
insert into "cfg_5_2".link (id, linkText, href, parentCell) values (184, E'PROTEIN View:cbp_3349', E'http://www.functionalglycomics.org:80/glycomics/GBPServlet?pageType=view&view=view&operationType=view&cbpId=cbp_3349&sideMenu=no', 0);
insert into "cfg_5_2".experiment_link(experiment_id, link_id) values (30, 184);
insert into "cfg_5_2".link (id, linkText, href, parentCell) values (185, E'Anne Imberty', E'http://www.cermav.cnrs.fr/en/pages_perso/imberty_anne.htm', 3);
insert into "cfg_5_2".experiment_link(experiment_id, link_id) values (30, 185);
insert into "cfg_5_2".link (id, linkText, href, parentCell) values (186, E' Glycan Array:3082', E'/glycomics/ResourceServlet?operation=viewById&resourceRequestId=cfg_rRequest_3082&View=View', 0);
insert into "cfg_5_2".experiment_link(experiment_id, link_id) values (30, 186);
insert into cfg_5_2.protocoldata (id, title, "Title", "Core", "Category", "Keyword", "Date__mm_dd_yyyy_", "Overview") values (30, E'Protocol : cfgPTC_243', E'Protocol Direct Binding', E'H', E'Lectin-Glycan Binding', E'Directly Labeled Samples', E'02/13/2009', E'Fluorescently labeled sample is diluted to an appropriate concentration in standard binding buffer (TSM, 1% BSA and 0.05% Tween 20). Seventy microliters is applied to the printed surface of the array, cover slip is applied, and incubated at room temperature in a humidified chamber away from light for one hour. The cover slip is removed and the slide is rinsed 4 times in standard TSM washing buffer containing 0.05% Tween, 4 times in TSM buffer without Tween, and 4 times in distilled water. ');
insert into "cfg_5_2".link (id, linkText, href, parentCell) values (187, E'Protocol Description (PDF)', E'http://www.functionalglycomics.org/glycomics/DFileServlet?operation=display&objType=protocol&protocolId=cfgPTC_243', null);
insert into "cfg_5_2".experiment_link(experiment_id, link_id) values (30, 187);
insert into "cfg_5_2".link (id, linkText, href, parentCell) values (188, E'<img src="/glycomics/common/images/presentation/array_inactive.jpg" alt="View Primary Screen Information" name="data_button_h_49" width="40" height="40" border="0" id="data_button_h_49">', E'http://www.functionalglycomics.org:80/glycomics/HServlet?operation=view&sideMenu=no&psId=primscreen_6532', 0);
insert into "cfg_5_2".experiment_link(experiment_id, link_id) values (30, 188);
insert into "cfg_5_2".link (id, linkText, href, parentCell) values (189, E'<img src="/glycomics/common/images/presentation/data_inactive.jpg" alt="Raw Data" name="dat_button_h_49" width="40" height="40" border="0" id="dat_button_h_49">', E'http://www.functionalglycomics.org:80/glycomics/HFileServlet?operation=downloadRawFile&fileType=DAT&sideMenu=no&objId=1006531', 1);
insert into "cfg_5_2".experiment_link(experiment_id, link_id) values (30, 189);
insert into "cfg_5_2".experiment (id, primscreen, sample_name, species, protein_family, investigator, request, date, sample_data_id, experiment_data_id, request_data_id, filename) values (30, '6532', E'CBM40_CPF071 :CBM40_CPF0721', E'Bacteria', E'Viral / Bacterial Lectin', E'Anne Imberty', E'Glycan Array:3082', 'Nov 08, 17', 30, 30, 30, E'CBM40_CPF0721_200ug_16975_v5.2_PA_Results.xls');


insert into cfg_5_2.sampledata (id, title, "Name", "Family", "Sub_Family", "Spec_Sci_Name", "Mutation_Chimera", "1001016772", "Status", "Primary_Sequence", "Comments") values (31, E'Glycan Binding Protein : cbp_3350', E'diCBM40_CPF071', E'Viral / Bacterial Lectin', E'CBM40', E'Clostridium perfringens', E'divalent isolated domain of sialidase', E'07/07/2014', E'Not Finalized', E'MAHHHHHHVG TGSNDDDDKS PDPMLSSLGE YKDINLESSN ASNITYDLEK YKNLDEGTIV
VRFNSKDSKI QSLLGISNSK TKNGYFNFYV TNSRVGFELR NQKNEGNTQN GTENLVHMYK
DVALNDGDNT VALKIEKNKG YKLFLNGKMI KEVKDTNTKF LNNIENLDSA FIGKTNRYGQ
SNEYNFKGNI GFMNIYNEPL GDDYLLSKTG ETKALNGSEL GSGSGLSSLG EYKDINLESS
NASNITYDLE KYKNLDEGTI VVRFNSKDSK IQSLLGISNS KTKNGYFNFY VTNSRVGFEL
RNQKNEGNTQ NGTENLVHMY KDVALNDGDN TVALKIEKNK GYKLFLNGKM IKEVKDTNTK
FLNNIENLDS AFIGKTNRYG QSNEYNFKGN IGFMNIYNEP LGDDYLLSKT GETK', E'Two CBM40 domains from Clostridium Perfringens ATCC13124 sialidase with addition of His tag and of linker peptide. Produced in E. coli with sialic acid binding activity checked by titration microcalorimetry.');
insert into cfg_5_2.experimentdata (id, title, "Status", "Title", "-1100022276", "Glycan_Array_Version", "Protocol_Id", "Replicate_Number", "Result_Nature", "1505767802", "-1183338289", "-491792363", "Assay_Information", "Annotation", "1635439566", "1137989877") values (31, E'Primary Screen : primscreen_6533', E'Public', E'The purpose of this request is to perform the analysis of two CBM40s from the Clostridium perfringens genome on the glycan array.', E'cfg_rRequest_3082', E'PA_v52', E'Protocol Direct Binding', E'1', E'Data', E'200 micrograms/ml', E'07/23/2014', E'Anne Imberty', E'Sample was diluted in standard binding buffer and was directly labeled with Alexa488.', E'diCBM40_CPF0721', E'diCBM40_CPF071', E'Download');
insert into cfg_5_2.requestdata (id, title, "Request_ID", "Status", "Project_Description", "CFG_Member?", "Requester_First_Name", "Requester_Last_Name", "447911925", "1339104825", "Assigned_First_Name", "Assigned_Last_Name", "Requester_Email", "Requester_Interest", "Request_Date", "Institution", "Shipping_Address", "Comments", "CFG_Core", "Resource_Type", "Amount_Requested", "-1475790216", "-643239159", "2039874986", "GBP_being_Addressed", "5943919") values (31, E'cfg_rRequest_3082', E'cfg_rRequest_3082', E'Approved', E'The purpose of this request is to perform the analysis of two CBM40s from the Clostridium perfringens genome on the glycan array.', E'Yes subgroups :2 :Glycans in immune recognition and function ,1 :Glycans in host-microbe interactions ,5 :Structural glycobiology', E'João', E'Ribeiro', E'Anne', E'Imberty', E'Anne', E'Imberty', E'imberty@cermav.cnrs.fr', E'This laboratory focuses on structural and thermodynamical characterization of lectin-carbohydrate interactions.', E'06/11/2014', E'CERMAV-CNRS (Centre de recherches sur les macromolécules végétales - Centre national de la recherche scientifique)', E'CERMAV-CNRS BP 53, 38041 Grenoble cedex 9, France Telephone: +33 (0)4 76 03 76 63', E'A collaborative effort between our group and the Mahal lab (NYU, United States) resulted in the identification and recombinant expression of new carbohydrate binding modules (CBMs) from Clostridium Perfringens.', E'H', E'MicroArray', E'', E'07/23/2014', E'The CBM40s are a family of carbohydrate binding modules that bind to sialic acid residues. These modules are located in the vicinity of enzymatic pockets, helping increasing the local concentration of the substrate and thus the efficiency of the enzymatic reaction. We have cloned and expressed the two CBM40 existant in Clostridium Perfringens genome. Hemmaglutination (HA) assays show to be positive for both CBMs and only showed inhibition by 3-sialyl and 6-sialyllactose. The analysis by glycan microarrays would cover a wide range of putative ligands, completing with excellence the binding epitope mapping and indicate the most relevant ligands to be used in ITC experiments and co-crystallization studies.', E'Y', E'The CBMs will be labelled with Alexa Fluor 488.', E'* 1. Define the specificity and affinity for carbohydrate ligands * 3. Identify the ligand(s) that mediate GBP binding * 5. Determine the structures of selected GBPs');
insert into "cfg_5_2".link (id, linkText, href, parentCell) values (190, E'diCBM40_CPF071:diCBM40_CPF0721', E'http://www.functionalglycomics.org:80/glycomics/GBPServlet?pageType=view&view=view&operationType=view&cbpId=cbp_3350&sideMenu=no', 0);
insert into "cfg_5_2".experiment_link(experiment_id, link_id) values (31, 190);
insert into "cfg_5_2".link (id, linkText, href, parentCell) values (191, E'PROTEIN View:cbp_3350', E'http://www.functionalglycomics.org:80/glycomics/GBPServlet?pageType=view&view=view&operationType=view&cbpId=cbp_3350&sideMenu=no', 0);
insert into "cfg_5_2".experiment_link(experiment_id, link_id) values (31, 191);
insert into "cfg_5_2".link (id, linkText, href, parentCell) values (192, E'Anne Imberty', E'http://www.cermav.cnrs.fr/en/pages_perso/imberty_anne.htm', 3);
insert into "cfg_5_2".experiment_link(experiment_id, link_id) values (31, 192);
insert into "cfg_5_2".link (id, linkText, href, parentCell) values (193, E' Glycan Array:3082', E'/glycomics/ResourceServlet?operation=viewById&resourceRequestId=cfg_rRequest_3082&View=View', 0);
insert into "cfg_5_2".experiment_link(experiment_id, link_id) values (31, 193);
insert into cfg_5_2.protocoldata (id, title, "Title", "Core", "Category", "Keyword", "Date__mm_dd_yyyy_", "Overview") values (31, E'Protocol : cfgPTC_243', E'Protocol Direct Binding', E'H', E'Lectin-Glycan Binding', E'Directly Labeled Samples', E'02/13/2009', E'Fluorescently labeled sample is diluted to an appropriate concentration in standard binding buffer (TSM, 1% BSA and 0.05% Tween 20). Seventy microliters is applied to the printed surface of the array, cover slip is applied, and incubated at room temperature in a humidified chamber away from light for one hour. The cover slip is removed and the slide is rinsed 4 times in standard TSM washing buffer containing 0.05% Tween, 4 times in TSM buffer without Tween, and 4 times in distilled water. ');
insert into "cfg_5_2".link (id, linkText, href, parentCell) values (194, E'Protocol Description (PDF)', E'http://www.functionalglycomics.org/glycomics/DFileServlet?operation=display&objType=protocol&protocolId=cfgPTC_243', null);
insert into "cfg_5_2".experiment_link(experiment_id, link_id) values (31, 194);
insert into "cfg_5_2".link (id, linkText, href, parentCell) values (195, E'<img src="/glycomics/common/images/presentation/array_inactive.jpg" alt="View Primary Screen Information" name="data_button_h_50" width="40" height="40" border="0" id="data_button_h_50">', E'http://www.functionalglycomics.org:80/glycomics/HServlet?operation=view&sideMenu=no&psId=primscreen_6533', 0);
insert into "cfg_5_2".experiment_link(experiment_id, link_id) values (31, 195);
insert into "cfg_5_2".link (id, linkText, href, parentCell) values (196, E'<img src="/glycomics/common/images/presentation/data_inactive.jpg" alt="Raw Data" name="dat_button_h_50" width="40" height="40" border="0" id="dat_button_h_50">', E'http://www.functionalglycomics.org:80/glycomics/HFileServlet?operation=downloadRawFile&fileType=DAT&sideMenu=no&objId=1006532', 1);
insert into "cfg_5_2".experiment_link(experiment_id, link_id) values (31, 196);
insert into "cfg_5_2".experiment (id, primscreen, sample_name, species, protein_family, investigator, request, date, sample_data_id, experiment_data_id, request_data_id, filename) values (31, '6533', E'diCBM40_CPF071:diCBM40_CPF0721', E'Bacteria', E'Viral / Bacterial Lectin', E'Anne Imberty', E'Glycan Array:3082', 'Nov 08, 17', 31, 31, 31, E'DiCBM40_CPF0721_200ug_16976_v5.2_PA_Results.xls');


insert into cfg_5_2.sampledata (id, title, "Name", "Family", "Sub_Family", "Spec_Sci_Name", "Estimated_purity", "1001016772", "Status", "Primary_Sequence", "Comments", "Gen_Bank") values (32, E'Glycan Binding Protein : cbp_2826', E'Drgal9-L2', E'Galectin', E'tandem-repeat galectin', E'Danio rerio', E'95%', E'05/01/2012', E'Not Finalized', E'MAFYQQPPYY NPRIPFSGPI QGGLQDGKSI IISGRVLPGA NRFHVNLQCG SHSEANVALH
FNPRYEDTDY VVNNSYLNRT WGSEERKYES PFAQGQTFTL QILVAQDKYK ISTNGRHFMD
YKHRIPFTQV DTVAVEGMVE VNSVAFQNPA GFIPPQAGYA PQYAVPPGCG FPAFPSAPNY
TIPHKTVMNG GLHPGKNIVI NGVVNPNAKS IIFNLCYRSG IAFHYNPRFD ENVVVRNTNQ
MEKWGAEERF GGLPFHKGQP FQVTISCNPQ HYNVFVNGKQ EHTYKHRYTK LNDIDILEIC
GDLQLTSVQA', E'Binding to lactose column', E'GenBank:NM_200072');
insert into cfg_5_2.experimentdata (id, title, "Status", "Title", "-1100022276", "Glycan_Array_Version", "Protocol_Id", "Replicate_Number", "Result_Nature", "Brief_Comments", "1505767802", "-1183338289", "-491792363", "Assay_Information", "Annotation", "1635439566", "1137989877") values (32, E'Primary Screen : primscreen_6512', E'Public', E'The purpose of this request is to analyze recombinant zebrafish galectin-1, galectin-3 and galectin-9.', E'cfg_rRequest_3073', E'PA_v52', E'Protocol Tertiary step', E'1', E'Data', E'Compare to anti-DrGal-9 antibody alone', E'20 micrograms/ml', E'10/07/2014', E'Gerardo Vasta', E'Sample was diluted in PBS buffer with 10 mM beta-mercaptoethanol and 1% BSA, followed by detection with anti-DrGal-9 antibody (from PI, diluted 1:250 in PBS binding buffer), and detection with anti-rabbit IgG-Alexa488 (5 ug/ml).', E'DrGal-9 20', E'Drgal9-L2', E'Download');
insert into cfg_5_2.requestdata (id, title, "Request_ID", "Status", "Project_Description", "CFG_Member?", "Requester_First_Name", "Requester_Last_Name", "447911925", "1339104825", "Assigned_First_Name", "Assigned_Last_Name", "Requester_Email", "Requester_Interest", "Request_Date", "Institution", "Shipping_Address", "CFG_Core", "Resource_Type", "Amount_Requested", "-1475790216", "-643239159", "2039874986", "GBP_being_Addressed", "5943919") values (32, E'cfg_rRequest_3073', E'cfg_rRequest_3073', E'Approved', E'The purpose of this request is to analyze recombinant zebrafish galectin-1, galectin-3 and galectin-9.', E'Yes subgroups :5 :Structural glycobiology ,7 :Glycomics and glycoinformatics ,3 :Glycans in cancer biology ,4 :Glycans in development and physiology ,1 :Glycans in host-microbe interactions ,2 :Glycans in immune recognition and function', E'Gerardo', E'Vasta', E'Gerardo', E'Vasta', E'Gerardo', E'Vasta', E'GVasta@som.umaryland.edu', E'Dr. Vasta\'s research focuses on the use of biochemical, molecular and structural approaches to the study of animal lectins and their carbohydrate ligands.', E'06/03/2014', E'Department of Microbiology and Immunology University of Maryland School of Medicine', E'IMET, Columbus Center 701 East Pratt Street Baltimore, MD 21202 Phone: 410.234.8826', E'H', E'MicroArray', E'', E'06/09/2014', E'Request to the CFG (Core H) for glycoarray analysis of galectins -1, -3, and -9 from zebrafish (Danio rerio) Gerardo R. Vasta, Ph.D. Professor Department of Microbiology and Immunology University of Maryland School of Medicine Program in the Biology of Model Systems IMET, Columbus Center 701 East Pratt Street Baltimore, MD 21202 Phone: 410.234.8826 Lab: 410.234.8827 E-mail: GVasta@som.umaryland.edu Background: Galectins are a family of carbohydrate-binding proteins that are widely distributed in nature having been identified in vertebrates, invertebrates, and protists. Members of this family are defined by their binding affinity for ß-galactosides and the presence of a conserved sequence motif within their carbohydrate recognition domain (CRD). Recent studies in mammals have demonstrated that galectins participate both directly and indirectly in mediating immune responses such as host-pathogen interactions, inflammation, and autoimmunity. We have shown that the galectins from invertebrate species such as the eastern oyster Crassostrea virginica and the protochordate Clavelina picta can recognize microbial pathogens. Given their evolutionary conservation, galectins may be part of an ancient mechanism of host defense. To gain insight into the origin and evolution of galectin function in immune responses and early development along the chordate lineages leading to mammals we characterized the galectin repertoire of the zebrafish (Danio rerio). We have recently discovered that the infectious hematopoietic necrosis virus (IHNV), a pathogen of the zebrafish (Danio rerio) and other teleost fish is recognized by the zebrafish galectins -1 (proto type), -3 (chimera type), and -9 (tandem repeat type) in a carbohydrate-dependent manner. Therefore, to gain detailed understanding of the molecular basis of this interaction it will be critical to obtain information about the specificity and biological role(s) of the zebrafish galectins. Although the Core H has previously analyzed samples of zebrafish galectins-1, -3, and -9, the binding to the glycan array has been very weak. In our laboratory, galectin samples from the same preparations bound strongly to asialofetuin in ELISA prior to their shipment to Emory, and we suspect that their binding activity was lost during transport. However, to ensure that the assay will be successful we have made new preparations, protected them from oxidative inactivation by carboxamidomethylation, and will be tested for binding to asialofetuin by ELISA on the same day prior to shipping. Significance: The biological roles of galectins have only been partly elucidated, encompassing embryogenesis and roles in innate and adaptive immunity mediated by the binding to endogenous and exogenous ligands. Like the oyster galectins CvGal1 and CvGal2, and the ascidian galectin CpGal16, the zebrafish galectins-1, -3, and -9 recognize exogenous ligands such as the glycosylated envelope of a viral pathogen. A detailed study through the glycan array at the CFG, aligned with Specific Aims 1 (Define the specificity and affinity for carbohydrate ligands) and 3 (Identify the ligand(s) that mediate GBP binding) should elucidate the carbohydrate specificity of the zebrafish galectins, and facilitate further studies by SPR and their crystallization in complex with the strongest ligands (Specific Aim 5: Determine the structures of selected GBPs). Analysis of the relationships between specificity and structure of galectins from taxa (invertebrates, protochordates and ectothermic vertebrates such as fish) ancestral to the mammals will contribute further to our understanding of the evolution of their roles in health and disease.', E'Y', E'Number of samples: We request glycoarray analysis of one sample of each recombinant zebrafish galectin-1, galectin-3 and galectin-9. Detection method: The zebrafish recombinant proteins are unlabeled. We will provide specific anti-galectin purified Igs. Detection method should be that routinely used by the Core H', E'* 1. Define the specificity and affinity for carbohydrate ligands * 3. Identify the ligand(s) that mediate GBP binding * 5. Determine the structures of selected GBPs');
insert into "cfg_5_2".link (id, linkText, href, parentCell) values (197, E'Drgal9-L2:DrGal-9 20', E'http://www.functionalglycomics.org:80/glycomics/GBPServlet?pageType=view&view=view&operationType=view&cbpId=cbp_2826&sideMenu=no', 0);
insert into "cfg_5_2".experiment_link(experiment_id, link_id) values (32, 197);
insert into "cfg_5_2".link (id, linkText, href, parentCell) values (198, E'PROTEIN View:cbp_2826', E'http://www.functionalglycomics.org:80/glycomics/GBPServlet?pageType=view&view=view&operationType=view&cbpId=cbp_2826&sideMenu=no', 0);
insert into "cfg_5_2".experiment_link(experiment_id, link_id) values (32, 198);
insert into "cfg_5_2".link (id, linkText, href, parentCell) values (199, E'Gerardo Vasta', E'http://www.umbi.umd.edu/comb/faculty-directory/vasta/index.php', 3);
insert into "cfg_5_2".experiment_link(experiment_id, link_id) values (32, 199);
insert into "cfg_5_2".link (id, linkText, href, parentCell) values (200, E' Glycan Array:3073', E'/glycomics/ResourceServlet?operation=viewById&resourceRequestId=cfg_rRequest_3073&View=View', 0);
insert into "cfg_5_2".experiment_link(experiment_id, link_id) values (32, 200);
insert into cfg_5_2.protocoldata (id, title, "Title", "Core", "Category", "Keyword", "Date__mm_dd_yyyy_", "Overview") values (32, E'Protocol : cfgPTC_247', E'Protocol Tertiary step', E'H', E'Lectin-Glycan Binding', E'Unlabeled Sample and Unlabeled Primary (3 step)', E'02/13/2009', E'Unlabeled sample is diluted to an appropriate concentration in standard binding buffer (TSM, 1% BSA and 0.05% Tween 20).  Seventy microliters is applied to the printed surface of the array, cover slip is applied, and incubated at room temperature in a humidified chamber away from light for one hour.  The cover slip was removed and the slide is rinsed 4 times in standard TSM washing buffer containing 0.05 percent Tween and 4 times in TSM buffer without Tween. A second step is performed with seventy microliters of antibody/reagent specific for the unlabeled sample diluted in TSM binding buffer is added to the slide for one hour at room temperature in a humidified chamber away from light as described.  Washes were performed as above. A tertiary step is performed with seventy microliters of fluorescently labeled antibody/reagent to the antibody/reagent in the second step, diluted in TSM buffer for one hour in a humidified chamber away from light as described. Washes are performed as above, followed by 4 washes in distilled water. 
');
insert into "cfg_5_2".link (id, linkText, href, parentCell) values (201, E'Protocol Description (PDF)', E'http://www.functionalglycomics.org/glycomics/DFileServlet?operation=display&objType=protocol&protocolId=cfgPTC_247', null);
insert into "cfg_5_2".experiment_link(experiment_id, link_id) values (32, 201);
insert into "cfg_5_2".link (id, linkText, href, parentCell) values (202, E'<img src="/glycomics/common/images/presentation/array_inactive.jpg" alt="View Primary Screen Information" name="data_button_h_61" width="40" height="40" border="0" id="data_button_h_61">', E'http://www.functionalglycomics.org:80/glycomics/HServlet?operation=view&sideMenu=no&psId=primscreen_6512', 0);
insert into "cfg_5_2".experiment_link(experiment_id, link_id) values (32, 202);
insert into "cfg_5_2".link (id, linkText, href, parentCell) values (203, E'<img src="/glycomics/common/images/presentation/data_inactive.jpg" alt="Raw Data" name="dat_button_h_61" width="40" height="40" border="0" id="dat_button_h_61">', E'http://www.functionalglycomics.org:80/glycomics/HFileServlet?operation=downloadRawFile&fileType=DAT&sideMenu=no&objId=1006511', 1);
insert into "cfg_5_2".experiment_link(experiment_id, link_id) values (32, 203);
insert into "cfg_5_2".experiment (id, primscreen, sample_name, species, protein_family, investigator, request, date, sample_data_id, experiment_data_id, request_data_id, filename) values (32, '6512', E'Drgal9-L2:DrGal-9 20', E'Other', E'Galectin', E'Gerardo Vasta', E'Glycan Array:3073', 'Nov 08, 17', 32, 32, 32, E'DrGal9_20ug_17113_GenePix_RESULTS.xls');


insert into cfg_5_2.sampledata (id, title, "Name", "Family", "Sub_Family", "Spec_Sci_Name", "Estimated_purity", "1001016772", "Status", "Primary_Sequence", "Comments", "Gen_Bank") values (33, E'Glycan Binding Protein : cbp_2826', E'Drgal9-L2', E'Galectin', E'tandem-repeat galectin', E'Danio rerio', E'95%', E'05/01/2012', E'Not Finalized', E'MAFYQQPPYY NPRIPFSGPI QGGLQDGKSI IISGRVLPGA NRFHVNLQCG SHSEANVALH
FNPRYEDTDY VVNNSYLNRT WGSEERKYES PFAQGQTFTL QILVAQDKYK ISTNGRHFMD
YKHRIPFTQV DTVAVEGMVE VNSVAFQNPA GFIPPQAGYA PQYAVPPGCG FPAFPSAPNY
TIPHKTVMNG GLHPGKNIVI NGVVNPNAKS IIFNLCYRSG IAFHYNPRFD ENVVVRNTNQ
MEKWGAEERF GGLPFHKGQP FQVTISCNPQ HYNVFVNGKQ EHTYKHRYTK LNDIDILEIC
GDLQLTSVQA', E'Binding to lactose column', E'GenBank:NM_200072');
insert into cfg_5_2.experimentdata (id, title, "Status", "Title", "-1100022276", "Glycan_Array_Version", "Protocol_Id", "Replicate_Number", "Result_Nature", "Brief_Comments", "1505767802", "-1183338289", "-491792363", "Assay_Information", "Annotation", "1635439566", "1137989877") values (33, E'Primary Screen : primscreen_6513', E'Public', E'The purpose of this request is to analyze recombinant zebrafish galectin-1, galectin-3 and galectin-9.', E'cfg_rRequest_3073', E'PA_v52', E'Protocol Tertiary step', E'1', E'Data', E'Compare to anti-DrGal-9 antibody alone', E'2 micrograms/ml', E'10/06/2014', E'Gerardo Vasta', E'Sample was diluted in PBS buffer with 10 mM beta-mercaptoethanol and 1% BSA, followed by detection with anti-DrGal-9 antibody (from PI, diluted 1:250 in PBS binding buffer), and detection with anti-rabbit IgG-Alexa488 (5 ug/ml).', E'DrGal-9 2', E'Drgal9-L2', E'Download');
insert into cfg_5_2.requestdata (id, title, "Request_ID", "Status", "Project_Description", "CFG_Member?", "Requester_First_Name", "Requester_Last_Name", "447911925", "1339104825", "Assigned_First_Name", "Assigned_Last_Name", "Requester_Email", "Requester_Interest", "Request_Date", "Institution", "Shipping_Address", "CFG_Core", "Resource_Type", "Amount_Requested", "-1475790216", "-643239159", "2039874986", "GBP_being_Addressed", "5943919") values (33, E'cfg_rRequest_3073', E'cfg_rRequest_3073', E'Approved', E'The purpose of this request is to analyze recombinant zebrafish galectin-1, galectin-3 and galectin-9.', E'Yes subgroups :5 :Structural glycobiology ,7 :Glycomics and glycoinformatics ,3 :Glycans in cancer biology ,4 :Glycans in development and physiology ,1 :Glycans in host-microbe interactions ,2 :Glycans in immune recognition and function', E'Gerardo', E'Vasta', E'Gerardo', E'Vasta', E'Gerardo', E'Vasta', E'GVasta@som.umaryland.edu', E'Dr. Vasta\'s research focuses on the use of biochemical, molecular and structural approaches to the study of animal lectins and their carbohydrate ligands.', E'06/03/2014', E'Department of Microbiology and Immunology University of Maryland School of Medicine', E'IMET, Columbus Center 701 East Pratt Street Baltimore, MD 21202 Phone: 410.234.8826', E'H', E'MicroArray', E'', E'06/09/2014', E'Request to the CFG (Core H) for glycoarray analysis of galectins -1, -3, and -9 from zebrafish (Danio rerio) Gerardo R. Vasta, Ph.D. Professor Department of Microbiology and Immunology University of Maryland School of Medicine Program in the Biology of Model Systems IMET, Columbus Center 701 East Pratt Street Baltimore, MD 21202 Phone: 410.234.8826 Lab: 410.234.8827 E-mail: GVasta@som.umaryland.edu Background: Galectins are a family of carbohydrate-binding proteins that are widely distributed in nature having been identified in vertebrates, invertebrates, and protists. Members of this family are defined by their binding affinity for ß-galactosides and the presence of a conserved sequence motif within their carbohydrate recognition domain (CRD). Recent studies in mammals have demonstrated that galectins participate both directly and indirectly in mediating immune responses such as host-pathogen interactions, inflammation, and autoimmunity. We have shown that the galectins from invertebrate species such as the eastern oyster Crassostrea virginica and the protochordate Clavelina picta can recognize microbial pathogens. Given their evolutionary conservation, galectins may be part of an ancient mechanism of host defense. To gain insight into the origin and evolution of galectin function in immune responses and early development along the chordate lineages leading to mammals we characterized the galectin repertoire of the zebrafish (Danio rerio). We have recently discovered that the infectious hematopoietic necrosis virus (IHNV), a pathogen of the zebrafish (Danio rerio) and other teleost fish is recognized by the zebrafish galectins -1 (proto type), -3 (chimera type), and -9 (tandem repeat type) in a carbohydrate-dependent manner. Therefore, to gain detailed understanding of the molecular basis of this interaction it will be critical to obtain information about the specificity and biological role(s) of the zebrafish galectins. Although the Core H has previously analyzed samples of zebrafish galectins-1, -3, and -9, the binding to the glycan array has been very weak. In our laboratory, galectin samples from the same preparations bound strongly to asialofetuin in ELISA prior to their shipment to Emory, and we suspect that their binding activity was lost during transport. However, to ensure that the assay will be successful we have made new preparations, protected them from oxidative inactivation by carboxamidomethylation, and will be tested for binding to asialofetuin by ELISA on the same day prior to shipping. Significance: The biological roles of galectins have only been partly elucidated, encompassing embryogenesis and roles in innate and adaptive immunity mediated by the binding to endogenous and exogenous ligands. Like the oyster galectins CvGal1 and CvGal2, and the ascidian galectin CpGal16, the zebrafish galectins-1, -3, and -9 recognize exogenous ligands such as the glycosylated envelope of a viral pathogen. A detailed study through the glycan array at the CFG, aligned with Specific Aims 1 (Define the specificity and affinity for carbohydrate ligands) and 3 (Identify the ligand(s) that mediate GBP binding) should elucidate the carbohydrate specificity of the zebrafish galectins, and facilitate further studies by SPR and their crystallization in complex with the strongest ligands (Specific Aim 5: Determine the structures of selected GBPs). Analysis of the relationships between specificity and structure of galectins from taxa (invertebrates, protochordates and ectothermic vertebrates such as fish) ancestral to the mammals will contribute further to our understanding of the evolution of their roles in health and disease.', E'Y', E'Number of samples: We request glycoarray analysis of one sample of each recombinant zebrafish galectin-1, galectin-3 and galectin-9. Detection method: The zebrafish recombinant proteins are unlabeled. We will provide specific anti-galectin purified Igs. Detection method should be that routinely used by the Core H', E'* 1. Define the specificity and affinity for carbohydrate ligands * 3. Identify the ligand(s) that mediate GBP binding * 5. Determine the structures of selected GBPs');
insert into "cfg_5_2".link (id, linkText, href, parentCell) values (204, E'Drgal9-L2:DrGal-9 2', E'http://www.functionalglycomics.org:80/glycomics/GBPServlet?pageType=view&view=view&operationType=view&cbpId=cbp_2826&sideMenu=no', 0);
insert into "cfg_5_2".experiment_link(experiment_id, link_id) values (33, 204);
insert into "cfg_5_2".link (id, linkText, href, parentCell) values (205, E'PROTEIN View:cbp_2826', E'http://www.functionalglycomics.org:80/glycomics/GBPServlet?pageType=view&view=view&operationType=view&cbpId=cbp_2826&sideMenu=no', 0);
insert into "cfg_5_2".experiment_link(experiment_id, link_id) values (33, 205);
insert into "cfg_5_2".link (id, linkText, href, parentCell) values (206, E'Gerardo Vasta', E'http://www.umbi.umd.edu/comb/faculty-directory/vasta/index.php', 3);
insert into "cfg_5_2".experiment_link(experiment_id, link_id) values (33, 206);
insert into "cfg_5_2".link (id, linkText, href, parentCell) values (207, E' Glycan Array:3073', E'/glycomics/ResourceServlet?operation=viewById&resourceRequestId=cfg_rRequest_3073&View=View', 0);
insert into "cfg_5_2".experiment_link(experiment_id, link_id) values (33, 207);
insert into cfg_5_2.protocoldata (id, title, "Title", "Core", "Category", "Keyword", "Date__mm_dd_yyyy_", "Overview") values (33, E'Protocol : cfgPTC_247', E'Protocol Tertiary step', E'H', E'Lectin-Glycan Binding', E'Unlabeled Sample and Unlabeled Primary (3 step)', E'02/13/2009', E'Unlabeled sample is diluted to an appropriate concentration in standard binding buffer (TSM, 1% BSA and 0.05% Tween 20).  Seventy microliters is applied to the printed surface of the array, cover slip is applied, and incubated at room temperature in a humidified chamber away from light for one hour.  The cover slip was removed and the slide is rinsed 4 times in standard TSM washing buffer containing 0.05 percent Tween and 4 times in TSM buffer without Tween. A second step is performed with seventy microliters of antibody/reagent specific for the unlabeled sample diluted in TSM binding buffer is added to the slide for one hour at room temperature in a humidified chamber away from light as described.  Washes were performed as above. A tertiary step is performed with seventy microliters of fluorescently labeled antibody/reagent to the antibody/reagent in the second step, diluted in TSM buffer for one hour in a humidified chamber away from light as described. Washes are performed as above, followed by 4 washes in distilled water. 
');
insert into "cfg_5_2".link (id, linkText, href, parentCell) values (208, E'Protocol Description (PDF)', E'http://www.functionalglycomics.org/glycomics/DFileServlet?operation=display&objType=protocol&protocolId=cfgPTC_247', null);
insert into "cfg_5_2".experiment_link(experiment_id, link_id) values (33, 208);
insert into "cfg_5_2".link (id, linkText, href, parentCell) values (209, E'<img src="/glycomics/common/images/presentation/array_inactive.jpg" alt="View Primary Screen Information" name="data_button_h_62" width="40" height="40" border="0" id="data_button_h_62">', E'http://www.functionalglycomics.org:80/glycomics/HServlet?operation=view&sideMenu=no&psId=primscreen_6513', 0);
insert into "cfg_5_2".experiment_link(experiment_id, link_id) values (33, 209);
insert into "cfg_5_2".link (id, linkText, href, parentCell) values (210, E'<img src="/glycomics/common/images/presentation/data_inactive.jpg" alt="Raw Data" name="dat_button_h_62" width="40" height="40" border="0" id="dat_button_h_62">', E'http://www.functionalglycomics.org:80/glycomics/HFileServlet?operation=downloadRawFile&fileType=DAT&sideMenu=no&objId=1006512', 1);
insert into "cfg_5_2".experiment_link(experiment_id, link_id) values (33, 210);
insert into "cfg_5_2".experiment (id, primscreen, sample_name, species, protein_family, investigator, request, date, sample_data_id, experiment_data_id, request_data_id, filename) values (33, '6513', E'Drgal9-L2:DrGal-9 2', E'Other', E'Galectin', E'Gerardo Vasta', E'Glycan Array:3073', 'Nov 08, 17', 33, 33, 33, E'DrGal-9_2ug_17113v5.2_GenePix_RESULTS.xls');


insert into cfg_5_2.sampledata (id, title, "Name", "Family", "Sub_Family", "Spec_Sci_Name", "Estimated_purity", "1001016772", "Status", "Primary_Sequence", "Comments", "Gen_Bank") values (34, E'Glycan Binding Protein : cbp_2825', E'Drgal3-L1', E'Galectin', E'chimera galectin', E'Danio rerio', E'95%', E'05/01/2012', E'Not Finalized', E'MDLSDALDAP PQQNNQQAGG PVWPGQPANP VWPGQPANPT WPGQPNQPAW PGQPNQQWPG
QPGQPTAPGW PGPAPQTGPY GAPGQAPQVL TVPLDFPLQN GAYNKMLITI NGEVKPNAKQ
FTVNLRRGND IAFHINPRFS EGGKPVIVRN SMIGNNWGRE ERELPSFPFV PGKPFEMKIL
ITDTEYKVAV NKSHLLEFKH RVFELNQITG LSIYNDVTLS TVNVETLQ', E'Binding to lactose column', E'GenBank:AAR84191');
insert into cfg_5_2.experimentdata (id, title, "Status", "Title", "-1100022276", "Glycan_Array_Version", "Protocol_Id", "Replicate_Number", "Result_Nature", "Brief_Comments", "1505767802", "-1183338289", "-491792363", "Assay_Information", "Annotation", "1635439566", "1137989877") values (34, E'Primary Screen : primscreen_6515', E'Public', E'The purpose of this request is to analyze recombinant zebrafish galectin-1, galectin-3 and galectin-9.', E'cfg_rRequest_3073', E'PA_v52', E'Protocol Tertiary step', E'1', E'Data', E'Compare to anti-DrGal-3 antibody alone', E'200 micrograms/ml', E'09/29/2014', E'Gerardo Vasta', E'Sample was diluted in PBS buffer with 10 mM beta-mercaptoethanol and 1% BSA, followed by detection with anti-DrGal-3 antibody (from PI, diluted 1:1000 in PBS binding buffer), and detection with anti-rabbit IgG-Alexa488 (5 ug/ml).', E'DrGal-3 200', E'Drgal3-L1', E'Download');
insert into cfg_5_2.requestdata (id, title, "Request_ID", "Status", "Project_Description", "CFG_Member?", "Requester_First_Name", "Requester_Last_Name", "447911925", "1339104825", "Assigned_First_Name", "Assigned_Last_Name", "Requester_Email", "Requester_Interest", "Request_Date", "Institution", "Shipping_Address", "CFG_Core", "Resource_Type", "Amount_Requested", "-1475790216", "-643239159", "2039874986", "GBP_being_Addressed", "5943919") values (34, E'cfg_rRequest_3073', E'cfg_rRequest_3073', E'Approved', E'The purpose of this request is to analyze recombinant zebrafish galectin-1, galectin-3 and galectin-9.', E'Yes subgroups :5 :Structural glycobiology ,7 :Glycomics and glycoinformatics ,3 :Glycans in cancer biology ,4 :Glycans in development and physiology ,1 :Glycans in host-microbe interactions ,2 :Glycans in immune recognition and function', E'Gerardo', E'Vasta', E'Gerardo', E'Vasta', E'Gerardo', E'Vasta', E'GVasta@som.umaryland.edu', E'Dr. Vasta\'s research focuses on the use of biochemical, molecular and structural approaches to the study of animal lectins and their carbohydrate ligands.', E'06/03/2014', E'Department of Microbiology and Immunology University of Maryland School of Medicine', E'IMET, Columbus Center 701 East Pratt Street Baltimore, MD 21202 Phone: 410.234.8826', E'H', E'MicroArray', E'', E'06/09/2014', E'Request to the CFG (Core H) for glycoarray analysis of galectins -1, -3, and -9 from zebrafish (Danio rerio) Gerardo R. Vasta, Ph.D. Professor Department of Microbiology and Immunology University of Maryland School of Medicine Program in the Biology of Model Systems IMET, Columbus Center 701 East Pratt Street Baltimore, MD 21202 Phone: 410.234.8826 Lab: 410.234.8827 E-mail: GVasta@som.umaryland.edu Background: Galectins are a family of carbohydrate-binding proteins that are widely distributed in nature having been identified in vertebrates, invertebrates, and protists. Members of this family are defined by their binding affinity for ß-galactosides and the presence of a conserved sequence motif within their carbohydrate recognition domain (CRD). Recent studies in mammals have demonstrated that galectins participate both directly and indirectly in mediating immune responses such as host-pathogen interactions, inflammation, and autoimmunity. We have shown that the galectins from invertebrate species such as the eastern oyster Crassostrea virginica and the protochordate Clavelina picta can recognize microbial pathogens. Given their evolutionary conservation, galectins may be part of an ancient mechanism of host defense. To gain insight into the origin and evolution of galectin function in immune responses and early development along the chordate lineages leading to mammals we characterized the galectin repertoire of the zebrafish (Danio rerio). We have recently discovered that the infectious hematopoietic necrosis virus (IHNV), a pathogen of the zebrafish (Danio rerio) and other teleost fish is recognized by the zebrafish galectins -1 (proto type), -3 (chimera type), and -9 (tandem repeat type) in a carbohydrate-dependent manner. Therefore, to gain detailed understanding of the molecular basis of this interaction it will be critical to obtain information about the specificity and biological role(s) of the zebrafish galectins. Although the Core H has previously analyzed samples of zebrafish galectins-1, -3, and -9, the binding to the glycan array has been very weak. In our laboratory, galectin samples from the same preparations bound strongly to asialofetuin in ELISA prior to their shipment to Emory, and we suspect that their binding activity was lost during transport. However, to ensure that the assay will be successful we have made new preparations, protected them from oxidative inactivation by carboxamidomethylation, and will be tested for binding to asialofetuin by ELISA on the same day prior to shipping. Significance: The biological roles of galectins have only been partly elucidated, encompassing embryogenesis and roles in innate and adaptive immunity mediated by the binding to endogenous and exogenous ligands. Like the oyster galectins CvGal1 and CvGal2, and the ascidian galectin CpGal16, the zebrafish galectins-1, -3, and -9 recognize exogenous ligands such as the glycosylated envelope of a viral pathogen. A detailed study through the glycan array at the CFG, aligned with Specific Aims 1 (Define the specificity and affinity for carbohydrate ligands) and 3 (Identify the ligand(s) that mediate GBP binding) should elucidate the carbohydrate specificity of the zebrafish galectins, and facilitate further studies by SPR and their crystallization in complex with the strongest ligands (Specific Aim 5: Determine the structures of selected GBPs). Analysis of the relationships between specificity and structure of galectins from taxa (invertebrates, protochordates and ectothermic vertebrates such as fish) ancestral to the mammals will contribute further to our understanding of the evolution of their roles in health and disease.', E'Y', E'Number of samples: We request glycoarray analysis of one sample of each recombinant zebrafish galectin-1, galectin-3 and galectin-9. Detection method: The zebrafish recombinant proteins are unlabeled. We will provide specific anti-galectin purified Igs. Detection method should be that routinely used by the Core H', E'* 1. Define the specificity and affinity for carbohydrate ligands * 3. Identify the ligand(s) that mediate GBP binding * 5. Determine the structures of selected GBPs');
insert into "cfg_5_2".link (id, linkText, href, parentCell) values (211, E'Drgal3-L1:DrGal-3 200', E'http://www.functionalglycomics.org:80/glycomics/GBPServlet?pageType=view&view=view&operationType=view&cbpId=cbp_2825&sideMenu=no', 0);
insert into "cfg_5_2".experiment_link(experiment_id, link_id) values (34, 211);
insert into "cfg_5_2".link (id, linkText, href, parentCell) values (212, E'PROTEIN View:cbp_2825', E'http://www.functionalglycomics.org:80/glycomics/GBPServlet?pageType=view&view=view&operationType=view&cbpId=cbp_2825&sideMenu=no', 0);
insert into "cfg_5_2".experiment_link(experiment_id, link_id) values (34, 212);
insert into "cfg_5_2".link (id, linkText, href, parentCell) values (213, E'Gerardo Vasta', E'http://www.umbi.umd.edu/comb/faculty-directory/vasta/index.php', 3);
insert into "cfg_5_2".experiment_link(experiment_id, link_id) values (34, 213);
insert into "cfg_5_2".link (id, linkText, href, parentCell) values (214, E' Glycan Array:3073', E'/glycomics/ResourceServlet?operation=viewById&resourceRequestId=cfg_rRequest_3073&View=View', 0);
insert into "cfg_5_2".experiment_link(experiment_id, link_id) values (34, 214);
insert into cfg_5_2.protocoldata (id, title, "Title", "Core", "Category", "Keyword", "Date__mm_dd_yyyy_", "Overview") values (34, E'Protocol : cfgPTC_247', E'Protocol Tertiary step', E'H', E'Lectin-Glycan Binding', E'Unlabeled Sample and Unlabeled Primary (3 step)', E'02/13/2009', E'Unlabeled sample is diluted to an appropriate concentration in standard binding buffer (TSM, 1% BSA and 0.05% Tween 20).  Seventy microliters is applied to the printed surface of the array, cover slip is applied, and incubated at room temperature in a humidified chamber away from light for one hour.  The cover slip was removed and the slide is rinsed 4 times in standard TSM washing buffer containing 0.05 percent Tween and 4 times in TSM buffer without Tween. A second step is performed with seventy microliters of antibody/reagent specific for the unlabeled sample diluted in TSM binding buffer is added to the slide for one hour at room temperature in a humidified chamber away from light as described.  Washes were performed as above. A tertiary step is performed with seventy microliters of fluorescently labeled antibody/reagent to the antibody/reagent in the second step, diluted in TSM buffer for one hour in a humidified chamber away from light as described. Washes are performed as above, followed by 4 washes in distilled water. 
');
insert into "cfg_5_2".link (id, linkText, href, parentCell) values (215, E'Protocol Description (PDF)', E'http://www.functionalglycomics.org/glycomics/DFileServlet?operation=display&objType=protocol&protocolId=cfgPTC_247', null);
insert into "cfg_5_2".experiment_link(experiment_id, link_id) values (34, 215);
insert into "cfg_5_2".link (id, linkText, href, parentCell) values (216, E'<img src="/glycomics/common/images/presentation/array_inactive.jpg" alt="View Primary Screen Information" name="data_button_h_64" width="40" height="40" border="0" id="data_button_h_64">', E'http://www.functionalglycomics.org:80/glycomics/HServlet?operation=view&sideMenu=no&psId=primscreen_6515', 0);
insert into "cfg_5_2".experiment_link(experiment_id, link_id) values (34, 216);
insert into "cfg_5_2".link (id, linkText, href, parentCell) values (217, E'<img src="/glycomics/common/images/presentation/data_inactive.jpg" alt="Raw Data" name="dat_button_h_64" width="40" height="40" border="0" id="dat_button_h_64">', E'http://www.functionalglycomics.org:80/glycomics/HFileServlet?operation=downloadRawFile&fileType=DAT&sideMenu=no&objId=1006514', 1);
insert into "cfg_5_2".experiment_link(experiment_id, link_id) values (34, 217);
insert into "cfg_5_2".experiment (id, primscreen, sample_name, species, protein_family, investigator, request, date, sample_data_id, experiment_data_id, request_data_id, filename) values (34, '6515', E'Drgal3-L1:DrGal-3 200', E'Other', E'Galectin', E'Gerardo Vasta', E'Glycan Array:3073', 'Nov 08, 17', 34, 34, 34, E'DrGal-3_17062v5.2_GenePix_RESULTS.xls');


insert into cfg_5_2.sampledata (id, title, "Name", "Family", "Sub_Family", "Spec_Sci_Name", "Estimated_purity", "1001016772", "Status", "Primary_Sequence", "Comments", "Gen_Bank") values (35, E'Glycan Binding Protein : cbp_2825', E'Drgal3-L1', E'Galectin', E'chimera galectin', E'Danio rerio', E'95%', E'05/01/2012', E'Not Finalized', E'MDLSDALDAP PQQNNQQAGG PVWPGQPANP VWPGQPANPT WPGQPNQPAW PGQPNQQWPG
QPGQPTAPGW PGPAPQTGPY GAPGQAPQVL TVPLDFPLQN GAYNKMLITI NGEVKPNAKQ
FTVNLRRGND IAFHINPRFS EGGKPVIVRN SMIGNNWGRE ERELPSFPFV PGKPFEMKIL
ITDTEYKVAV NKSHLLEFKH RVFELNQITG LSIYNDVTLS TVNVETLQ', E'Binding to lactose column', E'GenBank:AAR84191');
insert into cfg_5_2.experimentdata (id, title, "Status", "Title", "-1100022276", "Glycan_Array_Version", "Protocol_Id", "Replicate_Number", "Result_Nature", "Brief_Comments", "1505767802", "-1183338289", "-491792363", "Assay_Information", "Annotation", "1635439566", "1137989877") values (35, E'Primary Screen : primscreen_6516', E'Public', E'The purpose of this request is to analyze recombinant zebrafish galectin-1, galectin-3 and galectin-9.', E'cfg_rRequest_3073', E'PA_v52', E'Protocol Tertiary step', E'1', E'Data', E'Compare to anti-DrGal-3 antibody alone', E'20 micrograms/ml', E'10/07/2014', E'Gerardo Vasta', E'Sample was diluted in PBS buffer with 10 mM beta-mercaptoethanol and 1% BSA, followed by detection with anti-DrGal-3 antibody (from PI, diluted 1:1000 in PBS binding buffer), and detection with anti-rabbit IgG-Alexa488 (5 ug/ml).', E'DrGal-3 20', E'Drgal3-L1', E'Download');
insert into cfg_5_2.requestdata (id, title, "Request_ID", "Status", "Project_Description", "CFG_Member?", "Requester_First_Name", "Requester_Last_Name", "447911925", "1339104825", "Assigned_First_Name", "Assigned_Last_Name", "Requester_Email", "Requester_Interest", "Request_Date", "Institution", "Shipping_Address", "CFG_Core", "Resource_Type", "Amount_Requested", "-1475790216", "-643239159", "2039874986", "GBP_being_Addressed", "5943919") values (35, E'cfg_rRequest_3073', E'cfg_rRequest_3073', E'Approved', E'The purpose of this request is to analyze recombinant zebrafish galectin-1, galectin-3 and galectin-9.', E'Yes subgroups :5 :Structural glycobiology ,7 :Glycomics and glycoinformatics ,3 :Glycans in cancer biology ,4 :Glycans in development and physiology ,1 :Glycans in host-microbe interactions ,2 :Glycans in immune recognition and function', E'Gerardo', E'Vasta', E'Gerardo', E'Vasta', E'Gerardo', E'Vasta', E'GVasta@som.umaryland.edu', E'Dr. Vasta\'s research focuses on the use of biochemical, molecular and structural approaches to the study of animal lectins and their carbohydrate ligands.', E'06/03/2014', E'Department of Microbiology and Immunology University of Maryland School of Medicine', E'IMET, Columbus Center 701 East Pratt Street Baltimore, MD 21202 Phone: 410.234.8826', E'H', E'MicroArray', E'', E'06/09/2014', E'Request to the CFG (Core H) for glycoarray analysis of galectins -1, -3, and -9 from zebrafish (Danio rerio) Gerardo R. Vasta, Ph.D. Professor Department of Microbiology and Immunology University of Maryland School of Medicine Program in the Biology of Model Systems IMET, Columbus Center 701 East Pratt Street Baltimore, MD 21202 Phone: 410.234.8826 Lab: 410.234.8827 E-mail: GVasta@som.umaryland.edu Background: Galectins are a family of carbohydrate-binding proteins that are widely distributed in nature having been identified in vertebrates, invertebrates, and protists. Members of this family are defined by their binding affinity for ß-galactosides and the presence of a conserved sequence motif within their carbohydrate recognition domain (CRD). Recent studies in mammals have demonstrated that galectins participate both directly and indirectly in mediating immune responses such as host-pathogen interactions, inflammation, and autoimmunity. We have shown that the galectins from invertebrate species such as the eastern oyster Crassostrea virginica and the protochordate Clavelina picta can recognize microbial pathogens. Given their evolutionary conservation, galectins may be part of an ancient mechanism of host defense. To gain insight into the origin and evolution of galectin function in immune responses and early development along the chordate lineages leading to mammals we characterized the galectin repertoire of the zebrafish (Danio rerio). We have recently discovered that the infectious hematopoietic necrosis virus (IHNV), a pathogen of the zebrafish (Danio rerio) and other teleost fish is recognized by the zebrafish galectins -1 (proto type), -3 (chimera type), and -9 (tandem repeat type) in a carbohydrate-dependent manner. Therefore, to gain detailed understanding of the molecular basis of this interaction it will be critical to obtain information about the specificity and biological role(s) of the zebrafish galectins. Although the Core H has previously analyzed samples of zebrafish galectins-1, -3, and -9, the binding to the glycan array has been very weak. In our laboratory, galectin samples from the same preparations bound strongly to asialofetuin in ELISA prior to their shipment to Emory, and we suspect that their binding activity was lost during transport. However, to ensure that the assay will be successful we have made new preparations, protected them from oxidative inactivation by carboxamidomethylation, and will be tested for binding to asialofetuin by ELISA on the same day prior to shipping. Significance: The biological roles of galectins have only been partly elucidated, encompassing embryogenesis and roles in innate and adaptive immunity mediated by the binding to endogenous and exogenous ligands. Like the oyster galectins CvGal1 and CvGal2, and the ascidian galectin CpGal16, the zebrafish galectins-1, -3, and -9 recognize exogenous ligands such as the glycosylated envelope of a viral pathogen. A detailed study through the glycan array at the CFG, aligned with Specific Aims 1 (Define the specificity and affinity for carbohydrate ligands) and 3 (Identify the ligand(s) that mediate GBP binding) should elucidate the carbohydrate specificity of the zebrafish galectins, and facilitate further studies by SPR and their crystallization in complex with the strongest ligands (Specific Aim 5: Determine the structures of selected GBPs). Analysis of the relationships between specificity and structure of galectins from taxa (invertebrates, protochordates and ectothermic vertebrates such as fish) ancestral to the mammals will contribute further to our understanding of the evolution of their roles in health and disease.', E'Y', E'Number of samples: We request glycoarray analysis of one sample of each recombinant zebrafish galectin-1, galectin-3 and galectin-9. Detection method: The zebrafish recombinant proteins are unlabeled. We will provide specific anti-galectin purified Igs. Detection method should be that routinely used by the Core H', E'* 1. Define the specificity and affinity for carbohydrate ligands * 3. Identify the ligand(s) that mediate GBP binding * 5. Determine the structures of selected GBPs');
insert into "cfg_5_2".link (id, linkText, href, parentCell) values (218, E'Drgal3-L1:DrGal-3 20', E'http://www.functionalglycomics.org:80/glycomics/GBPServlet?pageType=view&view=view&operationType=view&cbpId=cbp_2825&sideMenu=no', 0);
insert into "cfg_5_2".experiment_link(experiment_id, link_id) values (35, 218);
insert into "cfg_5_2".link (id, linkText, href, parentCell) values (219, E'PROTEIN View:cbp_2825', E'http://www.functionalglycomics.org:80/glycomics/GBPServlet?pageType=view&view=view&operationType=view&cbpId=cbp_2825&sideMenu=no', 0);
insert into "cfg_5_2".experiment_link(experiment_id, link_id) values (35, 219);
insert into "cfg_5_2".link (id, linkText, href, parentCell) values (220, E'Gerardo Vasta', E'http://www.umbi.umd.edu/comb/faculty-directory/vasta/index.php', 3);
insert into "cfg_5_2".experiment_link(experiment_id, link_id) values (35, 220);
insert into "cfg_5_2".link (id, linkText, href, parentCell) values (221, E' Glycan Array:3073', E'/glycomics/ResourceServlet?operation=viewById&resourceRequestId=cfg_rRequest_3073&View=View', 0);
insert into "cfg_5_2".experiment_link(experiment_id, link_id) values (35, 221);
insert into cfg_5_2.protocoldata (id, title, "Title", "Core", "Category", "Keyword", "Date__mm_dd_yyyy_", "Overview") values (35, E'Protocol : cfgPTC_247', E'Protocol Tertiary step', E'H', E'Lectin-Glycan Binding', E'Unlabeled Sample and Unlabeled Primary (3 step)', E'02/13/2009', E'Unlabeled sample is diluted to an appropriate concentration in standard binding buffer (TSM, 1% BSA and 0.05% Tween 20).  Seventy microliters is applied to the printed surface of the array, cover slip is applied, and incubated at room temperature in a humidified chamber away from light for one hour.  The cover slip was removed and the slide is rinsed 4 times in standard TSM washing buffer containing 0.05 percent Tween and 4 times in TSM buffer without Tween. A second step is performed with seventy microliters of antibody/reagent specific for the unlabeled sample diluted in TSM binding buffer is added to the slide for one hour at room temperature in a humidified chamber away from light as described.  Washes were performed as above. A tertiary step is performed with seventy microliters of fluorescently labeled antibody/reagent to the antibody/reagent in the second step, diluted in TSM buffer for one hour in a humidified chamber away from light as described. Washes are performed as above, followed by 4 washes in distilled water. 
');
insert into "cfg_5_2".link (id, linkText, href, parentCell) values (222, E'Protocol Description (PDF)', E'http://www.functionalglycomics.org/glycomics/DFileServlet?operation=display&objType=protocol&protocolId=cfgPTC_247', null);
insert into "cfg_5_2".experiment_link(experiment_id, link_id) values (35, 222);
insert into "cfg_5_2".link (id, linkText, href, parentCell) values (223, E'<img src="/glycomics/common/images/presentation/array_inactive.jpg" alt="View Primary Screen Information" name="data_button_h_65" width="40" height="40" border="0" id="data_button_h_65">', E'http://www.functionalglycomics.org:80/glycomics/HServlet?operation=view&sideMenu=no&psId=primscreen_6516', 0);
insert into "cfg_5_2".experiment_link(experiment_id, link_id) values (35, 223);
insert into "cfg_5_2".link (id, linkText, href, parentCell) values (224, E'<img src="/glycomics/common/images/presentation/data_inactive.jpg" alt="Raw Data" name="dat_button_h_65" width="40" height="40" border="0" id="dat_button_h_65">', E'http://www.functionalglycomics.org:80/glycomics/HFileServlet?operation=downloadRawFile&fileType=DAT&sideMenu=no&objId=1006515', 1);
insert into "cfg_5_2".experiment_link(experiment_id, link_id) values (35, 224);
insert into "cfg_5_2".experiment (id, primscreen, sample_name, species, protein_family, investigator, request, date, sample_data_id, experiment_data_id, request_data_id, filename) values (35, '6516', E'Drgal3-L1:DrGal-3 20', E'Other', E'Galectin', E'Gerardo Vasta', E'Glycan Array:3073', 'Nov 08, 17', 35, 35, 35, E'DrGal3_20ug_17112_GenePix_RESULTS.xls');


insert into cfg_5_2.sampledata (id, title, "Name", "Family", "Sub_Family", "Spec_Sci_Name", "Estimated_purity", "1001016772", "Status", "Primary_Sequence", "Comments", "Gen_Bank") values (36, E'Glycan Binding Protein : cbp_2825', E'Drgal3-L1', E'Galectin', E'chimera galectin', E'Danio rerio', E'95%', E'05/01/2012', E'Not Finalized', E'MDLSDALDAP PQQNNQQAGG PVWPGQPANP VWPGQPANPT WPGQPNQPAW PGQPNQQWPG
QPGQPTAPGW PGPAPQTGPY GAPGQAPQVL TVPLDFPLQN GAYNKMLITI NGEVKPNAKQ
FTVNLRRGND IAFHINPRFS EGGKPVIVRN SMIGNNWGRE ERELPSFPFV PGKPFEMKIL
ITDTEYKVAV NKSHLLEFKH RVFELNQITG LSIYNDVTLS TVNVETLQ', E'Binding to lactose column', E'GenBank:AAR84191');
insert into cfg_5_2.experimentdata (id, title, "Status", "Title", "-1100022276", "Glycan_Array_Version", "Protocol_Id", "Replicate_Number", "Result_Nature", "Brief_Comments", "1505767802", "-1183338289", "-491792363", "Assay_Information", "Annotation", "1635439566", "1137989877") values (36, E'Primary Screen : primscreen_6517', E'Public', E'The purpose of this request is to analyze recombinant zebrafish galectin-1, galectin-3 and galectin-9.', E'cfg_rRequest_3073', E'PA_v52', E'Protocol Tertiary step', E'1', E'Data', E'Compare to anti-DrGal-3 antibody alone', E'2 micrograms/ml', E'10/06/2014', E'Gerardo Vasta', E'Sample was diluted in PBS buffer with 10 mM beta-mercaptoethanol and 1% BSA, followed by detection with anti-DrGal-3 antibody (from PI, diluted 1:1000 in PBS binding buffer), and detection with anti-rabbit IgG-Alexa488 (5 ug/ml).', E'DrGal-3 2', E'Drgal3-L1', E'Download');
insert into cfg_5_2.requestdata (id, title, "Request_ID", "Status", "Project_Description", "CFG_Member?", "Requester_First_Name", "Requester_Last_Name", "447911925", "1339104825", "Assigned_First_Name", "Assigned_Last_Name", "Requester_Email", "Requester_Interest", "Request_Date", "Institution", "Shipping_Address", "CFG_Core", "Resource_Type", "Amount_Requested", "-1475790216", "-643239159", "2039874986", "GBP_being_Addressed", "5943919") values (36, E'cfg_rRequest_3073', E'cfg_rRequest_3073', E'Approved', E'The purpose of this request is to analyze recombinant zebrafish galectin-1, galectin-3 and galectin-9.', E'Yes subgroups :5 :Structural glycobiology ,7 :Glycomics and glycoinformatics ,3 :Glycans in cancer biology ,4 :Glycans in development and physiology ,1 :Glycans in host-microbe interactions ,2 :Glycans in immune recognition and function', E'Gerardo', E'Vasta', E'Gerardo', E'Vasta', E'Gerardo', E'Vasta', E'GVasta@som.umaryland.edu', E'Dr. Vasta\'s research focuses on the use of biochemical, molecular and structural approaches to the study of animal lectins and their carbohydrate ligands.', E'06/03/2014', E'Department of Microbiology and Immunology University of Maryland School of Medicine', E'IMET, Columbus Center 701 East Pratt Street Baltimore, MD 21202 Phone: 410.234.8826', E'H', E'MicroArray', E'', E'06/09/2014', E'Request to the CFG (Core H) for glycoarray analysis of galectins -1, -3, and -9 from zebrafish (Danio rerio) Gerardo R. Vasta, Ph.D. Professor Department of Microbiology and Immunology University of Maryland School of Medicine Program in the Biology of Model Systems IMET, Columbus Center 701 East Pratt Street Baltimore, MD 21202 Phone: 410.234.8826 Lab: 410.234.8827 E-mail: GVasta@som.umaryland.edu Background: Galectins are a family of carbohydrate-binding proteins that are widely distributed in nature having been identified in vertebrates, invertebrates, and protists. Members of this family are defined by their binding affinity for ß-galactosides and the presence of a conserved sequence motif within their carbohydrate recognition domain (CRD). Recent studies in mammals have demonstrated that galectins participate both directly and indirectly in mediating immune responses such as host-pathogen interactions, inflammation, and autoimmunity. We have shown that the galectins from invertebrate species such as the eastern oyster Crassostrea virginica and the protochordate Clavelina picta can recognize microbial pathogens. Given their evolutionary conservation, galectins may be part of an ancient mechanism of host defense. To gain insight into the origin and evolution of galectin function in immune responses and early development along the chordate lineages leading to mammals we characterized the galectin repertoire of the zebrafish (Danio rerio). We have recently discovered that the infectious hematopoietic necrosis virus (IHNV), a pathogen of the zebrafish (Danio rerio) and other teleost fish is recognized by the zebrafish galectins -1 (proto type), -3 (chimera type), and -9 (tandem repeat type) in a carbohydrate-dependent manner. Therefore, to gain detailed understanding of the molecular basis of this interaction it will be critical to obtain information about the specificity and biological role(s) of the zebrafish galectins. Although the Core H has previously analyzed samples of zebrafish galectins-1, -3, and -9, the binding to the glycan array has been very weak. In our laboratory, galectin samples from the same preparations bound strongly to asialofetuin in ELISA prior to their shipment to Emory, and we suspect that their binding activity was lost during transport. However, to ensure that the assay will be successful we have made new preparations, protected them from oxidative inactivation by carboxamidomethylation, and will be tested for binding to asialofetuin by ELISA on the same day prior to shipping. Significance: The biological roles of galectins have only been partly elucidated, encompassing embryogenesis and roles in innate and adaptive immunity mediated by the binding to endogenous and exogenous ligands. Like the oyster galectins CvGal1 and CvGal2, and the ascidian galectin CpGal16, the zebrafish galectins-1, -3, and -9 recognize exogenous ligands such as the glycosylated envelope of a viral pathogen. A detailed study through the glycan array at the CFG, aligned with Specific Aims 1 (Define the specificity and affinity for carbohydrate ligands) and 3 (Identify the ligand(s) that mediate GBP binding) should elucidate the carbohydrate specificity of the zebrafish galectins, and facilitate further studies by SPR and their crystallization in complex with the strongest ligands (Specific Aim 5: Determine the structures of selected GBPs). Analysis of the relationships between specificity and structure of galectins from taxa (invertebrates, protochordates and ectothermic vertebrates such as fish) ancestral to the mammals will contribute further to our understanding of the evolution of their roles in health and disease.', E'Y', E'Number of samples: We request glycoarray analysis of one sample of each recombinant zebrafish galectin-1, galectin-3 and galectin-9. Detection method: The zebrafish recombinant proteins are unlabeled. We will provide specific anti-galectin purified Igs. Detection method should be that routinely used by the Core H', E'* 1. Define the specificity and affinity for carbohydrate ligands * 3. Identify the ligand(s) that mediate GBP binding * 5. Determine the structures of selected GBPs');
insert into "cfg_5_2".link (id, linkText, href, parentCell) values (225, E'Drgal3-L1:DrGal-3 2', E'http://www.functionalglycomics.org:80/glycomics/GBPServlet?pageType=view&view=view&operationType=view&cbpId=cbp_2825&sideMenu=no', 0);
insert into "cfg_5_2".experiment_link(experiment_id, link_id) values (36, 225);
insert into "cfg_5_2".link (id, linkText, href, parentCell) values (226, E'PROTEIN View:cbp_2825', E'http://www.functionalglycomics.org:80/glycomics/GBPServlet?pageType=view&view=view&operationType=view&cbpId=cbp_2825&sideMenu=no', 0);
insert into "cfg_5_2".experiment_link(experiment_id, link_id) values (36, 226);
insert into "cfg_5_2".link (id, linkText, href, parentCell) values (227, E'Gerardo Vasta', E'http://www.umbi.umd.edu/comb/faculty-directory/vasta/index.php', 3);
insert into "cfg_5_2".experiment_link(experiment_id, link_id) values (36, 227);
insert into "cfg_5_2".link (id, linkText, href, parentCell) values (228, E' Glycan Array:3073', E'/glycomics/ResourceServlet?operation=viewById&resourceRequestId=cfg_rRequest_3073&View=View', 0);
insert into "cfg_5_2".experiment_link(experiment_id, link_id) values (36, 228);
insert into cfg_5_2.protocoldata (id, title, "Title", "Core", "Category", "Keyword", "Date__mm_dd_yyyy_", "Overview") values (36, E'Protocol : cfgPTC_247', E'Protocol Tertiary step', E'H', E'Lectin-Glycan Binding', E'Unlabeled Sample and Unlabeled Primary (3 step)', E'02/13/2009', E'Unlabeled sample is diluted to an appropriate concentration in standard binding buffer (TSM, 1% BSA and 0.05% Tween 20).  Seventy microliters is applied to the printed surface of the array, cover slip is applied, and incubated at room temperature in a humidified chamber away from light for one hour.  The cover slip was removed and the slide is rinsed 4 times in standard TSM washing buffer containing 0.05 percent Tween and 4 times in TSM buffer without Tween. A second step is performed with seventy microliters of antibody/reagent specific for the unlabeled sample diluted in TSM binding buffer is added to the slide for one hour at room temperature in a humidified chamber away from light as described.  Washes were performed as above. A tertiary step is performed with seventy microliters of fluorescently labeled antibody/reagent to the antibody/reagent in the second step, diluted in TSM buffer for one hour in a humidified chamber away from light as described. Washes are performed as above, followed by 4 washes in distilled water. 
');
insert into "cfg_5_2".link (id, linkText, href, parentCell) values (229, E'Protocol Description (PDF)', E'http://www.functionalglycomics.org/glycomics/DFileServlet?operation=display&objType=protocol&protocolId=cfgPTC_247', null);
insert into "cfg_5_2".experiment_link(experiment_id, link_id) values (36, 229);
insert into "cfg_5_2".link (id, linkText, href, parentCell) values (230, E'<img src="/glycomics/common/images/presentation/array_inactive.jpg" alt="View Primary Screen Information" name="data_button_h_66" width="40" height="40" border="0" id="data_button_h_66">', E'http://www.functionalglycomics.org:80/glycomics/HServlet?operation=view&sideMenu=no&psId=primscreen_6517', 0);
insert into "cfg_5_2".experiment_link(experiment_id, link_id) values (36, 230);
insert into "cfg_5_2".link (id, linkText, href, parentCell) values (231, E'<img src="/glycomics/common/images/presentation/data_inactive.jpg" alt="Raw Data" name="dat_button_h_66" width="40" height="40" border="0" id="dat_button_h_66">', E'http://www.functionalglycomics.org:80/glycomics/HFileServlet?operation=downloadRawFile&fileType=DAT&sideMenu=no&objId=1006516', 1);
insert into "cfg_5_2".experiment_link(experiment_id, link_id) values (36, 231);
insert into "cfg_5_2".experiment (id, primscreen, sample_name, species, protein_family, investigator, request, date, sample_data_id, experiment_data_id, request_data_id, filename) values (36, '6517', E'Drgal3-L1:DrGal-3 2', E'Other', E'Galectin', E'Gerardo Vasta', E'Glycan Array:3073', 'Nov 08, 17', 36, 36, 36, E'DrGal-3_2ug_17112v5.2_GenePix759_RESULTS.xls');


insert into cfg_5_2.sampledata (id, title, "Name", "Family", "Sub_Family", "Spec_Sci_Name", "1001016772", "Status", "Primary_Sequence", "Comments", "-436221455") values (37, E'Glycan Binding Protein : cbp_3348', E'LecB_LY19', E'Viral / Bacterial Lectin', E'LecB', E'Pseudomonas aeruginosa', E'07/07/2014', E'Not Finalized', E'MATQGVFTLP ANTQFGVTAF ANSAGTQTVN VQVNNETVAT FTGQSTNNGI IGSKVLNSGG
GGKVQILVSV NGRSSDLVSA QVILANELNF ALVGSEDSTD NDYNDAVVVI NWPLG', E'Variant of LecB from Pseudomonas aeruginosa obtained from a new clinical strain', E'Recombinant protein verified by hemagglutination');
insert into cfg_5_2.experimentdata (id, title, "Status", "Title", "-1100022276", "Glycan_Array_Version", "Protocol_Id", "Replicate_Number", "Result_Nature", "1505767802", "-1183338289", "-491792363", "Assay_Information", "Annotation", "1635439566", "1137989877") values (37, E'Primary Screen : primscreen_6528', E'Public', E'The purpose of this request is to analyze the specificity of We produced the LecB sequence from PA7, a clinical isolate, with 10 amino acid differences compared to PA01.', E'cfg_rRequest_3074', E'PA_v52', E'Protocol Direct Binding', E'1', E'Data', E'200 micrograms/ml', E'07/22/2014', E'Anne Imberty', E'Sample was diluted in standard binding buffer and was directly labeled with Alexa488.', E'LecB_LY19', E'LecB_LY19', E'Download');
insert into cfg_5_2.requestdata (id, title, "Request_ID", "Status", "Project_Description", "CFG_Member?", "Requester_First_Name", "Requester_Last_Name", "447911925", "1339104825", "Assigned_First_Name", "Assigned_Last_Name", "Requester_Email", "Requester_Interest", "Request_Date", "Institution", "Comments", "CFG_Core", "Resource_Type", "Amount_Requested", "-643239159", "2039874986", "-1235327866", "GBP_being_Addressed", "5943919") values (37, E'cfg_rRequest_3074', E'cfg_rRequest_3074', E'Approved', E'The purpose of this request is to analyze the specificity of We produced the LecB sequence from PA7, a clinical isolate, with 10 amino acid differences compared to PA01.', E'Yes subgroups :2 :Glycans in immune recognition and function ,1 :Glycans in host-microbe interactions ,5 :Structural glycobiology', E'Anne', E'Imberty', E'Anne', E'Imberty', E'Anne', E'Imberty', E'anne.imberty@cermav.cnrs.fr', E'This laboratory focuses on structural and thermodynamical characterization of lectin-carbohydrate interactions.', E'06/05/2014', E'Centre de Recherche sur les Macromolecules Végétales', E'Our laboratory is interested in analysing the human oligosaccharide epitopes for lectins and adhesins from pathogenic microorganisms', E'H', E'MicroArray', E'', E'Soluble lectins from Pseudomonas aeruginosa are virulence factors involved in adhesion on host tissues. We investigated previously, with the help of CFG, the specificity of LecA (galactose binding) and LecB (fucose binding) from the P.aeruginosa PA01 strain. This strain is the classical laboratory one but may differ from the clinical ones. A wide genetic analysis of clinical and environmental P. aeruginosa indicated that LecA does not present much variation, while LecB sequences cluster into at least 5 families (not published). Some variations occur close to the fucose binding site, and might result in specificity change (fucose to mannose or other change). We produced the LecB sequence from PA7, a clinical isolate, with 10 amino acid differences compared to PA01. We have solved the crystal structure and we now need to correlate the sequence/structure differences with the variations in specificity.', E'Y', E'David Smith', E'The lectin will be labeled with Alexa 488', E'* 1. Define the specificity and affinity for carbohydrate ligands * 3. Identify the ligand(s) that mediate GBP binding * 5. Determine the structures of selected GBPs');
insert into "cfg_5_2".link (id, linkText, href, parentCell) values (232, E'LecB_LY19:LecB_LY19', E'http://www.functionalglycomics.org:80/glycomics/GBPServlet?pageType=view&view=view&operationType=view&cbpId=cbp_3348&sideMenu=no', 0);
insert into "cfg_5_2".experiment_link(experiment_id, link_id) values (37, 232);
insert into "cfg_5_2".link (id, linkText, href, parentCell) values (233, E'PROTEIN View:cbp_3348', E'http://www.functionalglycomics.org:80/glycomics/GBPServlet?pageType=view&view=view&operationType=view&cbpId=cbp_3348&sideMenu=no', 0);
insert into "cfg_5_2".experiment_link(experiment_id, link_id) values (37, 233);
insert into "cfg_5_2".link (id, linkText, href, parentCell) values (234, E'Anne Imberty', E'http://www.cermav.cnrs.fr/en/pages_perso/imberty_anne.htm', 3);
insert into "cfg_5_2".experiment_link(experiment_id, link_id) values (37, 234);
insert into "cfg_5_2".link (id, linkText, href, parentCell) values (235, E' Glycan Array:3074', E'/glycomics/ResourceServlet?operation=viewById&resourceRequestId=cfg_rRequest_3074&View=View', 0);
insert into "cfg_5_2".experiment_link(experiment_id, link_id) values (37, 235);
insert into cfg_5_2.protocoldata (id, title, "Title", "Core", "Category", "Keyword", "Date__mm_dd_yyyy_", "Overview") values (37, E'Protocol : cfgPTC_243', E'Protocol Direct Binding', E'H', E'Lectin-Glycan Binding', E'Directly Labeled Samples', E'02/13/2009', E'Fluorescently labeled sample is diluted to an appropriate concentration in standard binding buffer (TSM, 1% BSA and 0.05% Tween 20). Seventy microliters is applied to the printed surface of the array, cover slip is applied, and incubated at room temperature in a humidified chamber away from light for one hour. The cover slip is removed and the slide is rinsed 4 times in standard TSM washing buffer containing 0.05% Tween, 4 times in TSM buffer without Tween, and 4 times in distilled water. ');
insert into "cfg_5_2".link (id, linkText, href, parentCell) values (236, E'Protocol Description (PDF)', E'http://www.functionalglycomics.org/glycomics/DFileServlet?operation=display&objType=protocol&protocolId=cfgPTC_243', null);
insert into "cfg_5_2".experiment_link(experiment_id, link_id) values (37, 236);
insert into "cfg_5_2".link (id, linkText, href, parentCell) values (237, E'<img src="/glycomics/common/images/presentation/array_inactive.jpg" alt="View Primary Screen Information" name="data_button_h_71" width="40" height="40" border="0" id="data_button_h_71">', E'http://www.functionalglycomics.org:80/glycomics/HServlet?operation=view&sideMenu=no&psId=primscreen_6528', 0);
insert into "cfg_5_2".experiment_link(experiment_id, link_id) values (37, 237);
insert into "cfg_5_2".link (id, linkText, href, parentCell) values (238, E'<img src="/glycomics/common/images/presentation/data_inactive.jpg" alt="Raw Data" name="dat_button_h_71" width="40" height="40" border="0" id="dat_button_h_71">', E'http://www.functionalglycomics.org:80/glycomics/HFileServlet?operation=downloadRawFile&fileType=DAT&sideMenu=no&objId=1006527', 1);
insert into "cfg_5_2".experiment_link(experiment_id, link_id) values (37, 238);
insert into "cfg_5_2".experiment (id, primscreen, sample_name, species, protein_family, investigator, request, date, sample_data_id, experiment_data_id, request_data_id, filename) values (37, '6528', E'LecB_LY19:LecB_LY19', E'Bacteria', E'Viral / Bacterial Lectin', E'Anne Imberty', E'Glycan Array:3074', 'Nov 08, 17', 37, 37, 37, E'LecBLY19_1697_v5.2_RESULTS.xls');


insert into cfg_5_2.sampledata (id, title, "Name", "Family", "Sub_Family", "Spec_Sci_Name", "Estimated_purity", "1001016772", "Status", "Primary_Sequence", "Comments", "-436221455") values (38, E'Glycan Binding Protein : cbp_3347', E'LecB_PA7', E'Viral / Bacterial Lectin', E'LecB', E'Pseudomonas aeruginosa', E'95', E'07/07/2014', E'Not Finalized', E'MATQGVFTLP ANTRFGVTAF ANSSATQTVK VLVNNETAAT FTGQSTNNAV IGSQVLNSGG
GGKVQIQVSV NGRSSDLVSA QVILANELNV ALVGSEDSTD NDYNDAVVVI NWPLG', E'Variant of LecB from Pseudomonas aerugonosa clinical strain PA7', E'Recombinant protein verified by hemagglutination');
insert into cfg_5_2.experimentdata (id, title, "Status", "Title", "-1100022276", "Glycan_Array_Version", "Protocol_Id", "Replicate_Number", "Result_Nature", "1505767802", "-1183338289", "-491792363", "Assay_Information", "Annotation", "1635439566", "1137989877") values (38, E'Primary Screen : primscreen_6529', E'Public', E'The purpose of this request is to analyze the specificity of We produced the LecB sequence from PA7, a clinical isolate, with 10 amino acid differences compared to PA01.', E'cfg_rRequest_3074', E'PA_v52', E'Protocol Direct Binding', E'1', E'Data', E'200 micrograms/ml', E'07/22/2014', E'Anne Imberty', E'Sample was diluted in standard binding buffer and was directly labeled with Alexa488.', E'LecB_PA7', E'LecB_PA7', E'Download');
insert into cfg_5_2.requestdata (id, title, "Request_ID", "Status", "Project_Description", "CFG_Member?", "Requester_First_Name", "Requester_Last_Name", "447911925", "1339104825", "Assigned_First_Name", "Assigned_Last_Name", "Requester_Email", "Requester_Interest", "Request_Date", "Institution", "Comments", "CFG_Core", "Resource_Type", "Amount_Requested", "-643239159", "2039874986", "-1235327866", "GBP_being_Addressed", "5943919") values (38, E'cfg_rRequest_3074', E'cfg_rRequest_3074', E'Approved', E'The purpose of this request is to analyze the specificity of We produced the LecB sequence from PA7, a clinical isolate, with 10 amino acid differences compared to PA01.', E'Yes subgroups :2 :Glycans in immune recognition and function ,1 :Glycans in host-microbe interactions ,5 :Structural glycobiology', E'Anne', E'Imberty', E'Anne', E'Imberty', E'Anne', E'Imberty', E'anne.imberty@cermav.cnrs.fr', E'This laboratory focuses on structural and thermodynamical characterization of lectin-carbohydrate interactions.', E'06/05/2014', E'Centre de Recherche sur les Macromolecules Végétales', E'Our laboratory is interested in analysing the human oligosaccharide epitopes for lectins and adhesins from pathogenic microorganisms', E'H', E'MicroArray', E'', E'Soluble lectins from Pseudomonas aeruginosa are virulence factors involved in adhesion on host tissues. We investigated previously, with the help of CFG, the specificity of LecA (galactose binding) and LecB (fucose binding) from the P.aeruginosa PA01 strain. This strain is the classical laboratory one but may differ from the clinical ones. A wide genetic analysis of clinical and environmental P. aeruginosa indicated that LecA does not present much variation, while LecB sequences cluster into at least 5 families (not published). Some variations occur close to the fucose binding site, and might result in specificity change (fucose to mannose or other change). We produced the LecB sequence from PA7, a clinical isolate, with 10 amino acid differences compared to PA01. We have solved the crystal structure and we now need to correlate the sequence/structure differences with the variations in specificity.', E'Y', E'David Smith', E'The lectin will be labeled with Alexa 488', E'* 1. Define the specificity and affinity for carbohydrate ligands * 3. Identify the ligand(s) that mediate GBP binding * 5. Determine the structures of selected GBPs');
insert into "cfg_5_2".link (id, linkText, href, parentCell) values (239, E'LecB_PA7:LecB_PA7', E'http://www.functionalglycomics.org:80/glycomics/GBPServlet?pageType=view&view=view&operationType=view&cbpId=cbp_3347&sideMenu=no', 0);
insert into "cfg_5_2".experiment_link(experiment_id, link_id) values (38, 239);
insert into "cfg_5_2".link (id, linkText, href, parentCell) values (240, E'PROTEIN View:cbp_3347', E'http://www.functionalglycomics.org:80/glycomics/GBPServlet?pageType=view&view=view&operationType=view&cbpId=cbp_3347&sideMenu=no', 0);
insert into "cfg_5_2".experiment_link(experiment_id, link_id) values (38, 240);
insert into "cfg_5_2".link (id, linkText, href, parentCell) values (241, E'Anne Imberty', E'http://www.cermav.cnrs.fr/en/pages_perso/imberty_anne.htm', 3);
insert into "cfg_5_2".experiment_link(experiment_id, link_id) values (38, 241);
insert into "cfg_5_2".link (id, linkText, href, parentCell) values (242, E' Glycan Array:3074', E'/glycomics/ResourceServlet?operation=viewById&resourceRequestId=cfg_rRequest_3074&View=View', 0);
insert into "cfg_5_2".experiment_link(experiment_id, link_id) values (38, 242);
insert into cfg_5_2.protocoldata (id, title, "Title", "Core", "Category", "Keyword", "Date__mm_dd_yyyy_", "Overview") values (38, E'Protocol : cfgPTC_243', E'Protocol Direct Binding', E'H', E'Lectin-Glycan Binding', E'Directly Labeled Samples', E'02/13/2009', E'Fluorescently labeled sample is diluted to an appropriate concentration in standard binding buffer (TSM, 1% BSA and 0.05% Tween 20). Seventy microliters is applied to the printed surface of the array, cover slip is applied, and incubated at room temperature in a humidified chamber away from light for one hour. The cover slip is removed and the slide is rinsed 4 times in standard TSM washing buffer containing 0.05% Tween, 4 times in TSM buffer without Tween, and 4 times in distilled water. ');
insert into "cfg_5_2".link (id, linkText, href, parentCell) values (243, E'Protocol Description (PDF)', E'http://www.functionalglycomics.org/glycomics/DFileServlet?operation=display&objType=protocol&protocolId=cfgPTC_243', null);
insert into "cfg_5_2".experiment_link(experiment_id, link_id) values (38, 243);
insert into "cfg_5_2".link (id, linkText, href, parentCell) values (244, E'<img src="/glycomics/common/images/presentation/array_inactive.jpg" alt="View Primary Screen Information" name="data_button_h_72" width="40" height="40" border="0" id="data_button_h_72">', E'http://www.functionalglycomics.org:80/glycomics/HServlet?operation=view&sideMenu=no&psId=primscreen_6529', 0);
insert into "cfg_5_2".experiment_link(experiment_id, link_id) values (38, 244);
insert into "cfg_5_2".link (id, linkText, href, parentCell) values (245, E'<img src="/glycomics/common/images/presentation/data_inactive.jpg" alt="Raw Data" name="dat_button_h_72" width="40" height="40" border="0" id="dat_button_h_72">', E'http://www.functionalglycomics.org:80/glycomics/HFileServlet?operation=downloadRawFile&fileType=DAT&sideMenu=no&objId=1006528', 1);
insert into "cfg_5_2".experiment_link(experiment_id, link_id) values (38, 245);
insert into "cfg_5_2".experiment (id, primscreen, sample_name, species, protein_family, investigator, request, date, sample_data_id, experiment_data_id, request_data_id, filename) values (38, '6529', E'LecB_PA7:LecB_PA7', E'Bacteria', E'Viral / Bacterial Lectin', E'Anne Imberty', E'Glycan Array:3074', 'Nov 08, 17', 38, 38, 38, E'LecB PA7_16973_v5.2_RESULTS.xls');


insert into cfg_5_2.sampledata (id, title, "Name", "Family", "Sub_Family", "Spec_Sci_Name", "1001016772", "Status", "Primary_Sequence", "-436221455", "Gen_Bank", "Swiss_Prot") values (39, E'Glycan Binding Protein : cbp_3171', E'AFL6', E'Plant/Fungal Lectin', E'Fungal lectin', E'Asergillus fumigatus', E'08/02/2013', E'Not Finalized', E'MSFHLTAEDI RIEDGHRLVA RLRNADGDLQ DASIDLNTCL GNDNGHFQWD GVDFSHSAQD
VHFAIEGGGQ VPVLRAQLAN QDGEFQDADV NLSERIENIN GEFVFH', E'recombinant in E. coli', E'GenBank:Afu1g02290', E'Swiss Prot:Q4WKJ1');
insert into cfg_5_2.experimentdata (id, title, "Status", "Title", "-1100022276", "Glycan_Array_Version", "Protocol_Id", "Replicate_Number", "Result_Nature", "1505767802", "-1183338289", "-491792363", "Assay_Information", "Annotation", "1635439566", "1137989877") values (39, E'Primary Screen : primscreen_6531', E'Public', E'The purpose of this request is to analyze the glycan binding specificity of the lectin AFL1 from Aspergillus fumigatus, a pathogenic fungi responsible of air-borne infection in immunocompromised patients.', E'cfg_rRequest_3077', E'PA_v52', E'Protocol Biotinylated Samples', E'1', E'Data', E'200 micrograms/ml', E'07/23/2014', E'Anne Imberty', E'Biotinylated sample was diluted in standard binding buffer and detected with Cy5-labeled streptavidin (5 ug/ml).', E'AFL6', E'AFL6', E'Download');
insert into cfg_5_2.requestdata (id, title, "Request_ID", "Status", "Project_Description", "CFG_Member?", "Requester_First_Name", "Requester_Last_Name", "447911925", "1339104825", "Assigned_First_Name", "Assigned_Last_Name", "Requester_Email", "Requester_Interest", "Request_Date", "Institution", "Comments", "CFG_Core", "Resource_Type", "Amount_Requested", "-1475790216", "-643239159", "2039874986", "GBP_being_Addressed", "5943919") values (39, E'cfg_rRequest_3077', E'cfg_rRequest_3077', E'Approved', E'The purpose of this request is to analyze the glycan binding specificity of the lectin AFL1 from Aspergillus fumigatus, a pathogenic fungi responsible of air-borne infection in immunocompromised patients.', E'Yes subgroups :2 :Glycans in immune recognition and function ,1 :Glycans in host-microbe interactions ,5 :Structural glycobiology', E'Dorte', E'Hundling', E'Anne', E'Imberty', E'Anne', E'Imberty', E'anne.imberty@cermav.cnrs.fr', E'This laboratory focuses on structural and thermodynamical characterization of lectin-carbohydrate interactions.', E'06/05/2014', E'Centre de Recherche sur les Macromolécules Végétales', E'Our laboratory is interested in analysing the human oligosaccharide epitopes for lectins and adhesins from pathogenic microorganisms', E'H', E'MicroArray', E'', E'06/20/2014', E'Aspergillus fumigatus is a pathogenic fungi responsible of air-borne infection in immunocompromised patients. Several lectins have been identified, including AFL1 that has been caracterized by CFG (Houser et al., Plos one, 2013). We produced AFL6 that has sequence similarity with cyanovirin-N lectin. AFL6 is monomeric and binds to mannose disaccharide. We anticipate that monomeric AFL will bind weakly to the microarray, so we propose to use antibody labelling to form dimers. Crystal structure has been solved for the apo-protein and complexes will be crystallized, according to the result from the glycan array.', E'Y', E'AFL6 is carrying a avitag and can be biotinylated. If the CFG has anti-biotin antibody available, this would be useful. If not, we can provide the antibody.', E'* 1. Define the specificity and affinity for carbohydrate ligands * 3. Identify the ligand(s) that mediate GBP binding * 5. Determine the structures of selected GBPs');
insert into "cfg_5_2".link (id, linkText, href, parentCell) values (246, E'AFL6:AFL6', E'http://www.functionalglycomics.org:80/glycomics/GBPServlet?pageType=view&view=view&operationType=view&cbpId=cbp_3171&sideMenu=no', 0);
insert into "cfg_5_2".experiment_link(experiment_id, link_id) values (39, 246);
insert into "cfg_5_2".link (id, linkText, href, parentCell) values (247, E'PROTEIN View:cbp_3171', E'http://www.functionalglycomics.org:80/glycomics/GBPServlet?pageType=view&view=view&operationType=view&cbpId=cbp_3171&sideMenu=no', 0);
insert into "cfg_5_2".experiment_link(experiment_id, link_id) values (39, 247);
insert into "cfg_5_2".link (id, linkText, href, parentCell) values (248, E'Anne Imberty', E'http://www.cermav.cnrs.fr/en/pages_perso/imberty_anne.htm', 3);
insert into "cfg_5_2".experiment_link(experiment_id, link_id) values (39, 248);
insert into "cfg_5_2".link (id, linkText, href, parentCell) values (249, E' Glycan Array:3077', E'/glycomics/ResourceServlet?operation=viewById&resourceRequestId=cfg_rRequest_3077&View=View', 0);
insert into "cfg_5_2".experiment_link(experiment_id, link_id) values (39, 249);
insert into cfg_5_2.protocoldata (id, title, "Title", "Core", "Category", "Keyword", "Date__mm_dd_yyyy_", "Overview") values (39, E'Protocol : cfgPTC_242', E'Protocol Biotinylated Samples', E'H', E'Lectin-Glycan Binding', E'Biotinylated Samples', E'02/13/2009', E'Biotinylated sample is diluted to an appropriate concentration in standard binding buffer (TSM, 1% BSA and 0.05% Tween 20).  Seventy microliters is applied to the printed surface of the array, cover slip is applied, and incubated at room temperature in a humidified chamber away from light for one hour. The cover slip is removed and the slide is rinsed 4 times in standard TSM washing buffer containing 0.05% Tween and 4 times in TSM buffer without Tween.  Seventy microliters of fluorescently labeled streptavidin in standard TSM binding buffer is added to the slide for one hour at room temperature in a humidified chamber away from light as described.  Washes are performed as above, followed by 4 washes in distilled water. 
');
insert into "cfg_5_2".link (id, linkText, href, parentCell) values (250, E'Protocol Description (PDF)', E'http://www.functionalglycomics.org/glycomics/DFileServlet?operation=display&objType=protocol&protocolId=cfgPTC_242', null);
insert into "cfg_5_2".experiment_link(experiment_id, link_id) values (39, 250);
insert into "cfg_5_2".link (id, linkText, href, parentCell) values (251, E'<img src="/glycomics/common/images/presentation/array_inactive.jpg" alt="View Primary Screen Information" name="data_button_h_74" width="40" height="40" border="0" id="data_button_h_74">', E'http://www.functionalglycomics.org:80/glycomics/HServlet?operation=view&sideMenu=no&psId=primscreen_6531', 0);
insert into "cfg_5_2".experiment_link(experiment_id, link_id) values (39, 251);
insert into "cfg_5_2".link (id, linkText, href, parentCell) values (252, E'<img src="/glycomics/common/images/presentation/data_inactive.jpg" alt="Raw Data" name="dat_button_h_74" width="40" height="40" border="0" id="dat_button_h_74">', E'http://www.functionalglycomics.org:80/glycomics/HFileServlet?operation=downloadRawFile&fileType=DAT&sideMenu=no&objId=1006530', 1);
insert into "cfg_5_2".experiment_link(experiment_id, link_id) values (39, 252);
insert into "cfg_5_2".experiment (id, primscreen, sample_name, species, protein_family, investigator, request, date, sample_data_id, experiment_data_id, request_data_id, filename) values (39, '6531', E'AFL6:AFL6', E'Fungus', E'Plant/Fungal Lectin', E'Anne Imberty', E'Glycan Array:3077', 'Nov 08, 17', 39, 39, 39, E'AFL6_16974_Cy5_v5.2_RESULTS.xls');


insert into cfg_5_2.sampledata (id, title, "Name", "Family", "Sub_Family", "Estimated_purity", "1001016772", "Status", "Primary_Sequence") values (40, E'Glycan Binding Protein : cbp_3297', E'H9N2(2007)', E'Viral / Bacterial Lectin', E'influenza hemagglutinin', E'greater than 90% purity, in 20 mM Tris-HCl, 150 mM NaCl, pH 8.0 buffer', E'04/16/2014', E'Not Finalized', E'DKICIGYQST NSTETVDTLT ENNVPVTHAQ ELLHTEHNGM LCATNLGRPL ILDTCTIEGL
IYGNPSCDLL LGGREWSYIV ERPSAVNGLC YPGNVENLEE LRSLFSSASS YQRIQIFPDT
IWNVSYSGTS KACSDSFYRS MRWLTQNNAY PVQDAQYTNN RGRNILFMWG INHPPTDTAQ
TNLYTRTDTT TSVATEEINR TFKPLIGPRP LVNGLQGRID YYWAVLKPGQ TLRVRSNGNL
IAPWYGILSG ESHGRILKTD LNSGNVVQCQ TERGGLNTTL PFHNVSKYAF GNCPKYVGLK
SLKLAVGLRN VPARSSGLFG AIAGFIEGGW SGLVAGWYGF QHSNDQGTGM AADRDSTQKA
VDKITSKVNN IVDKMNKQYE IIDHEFSEVE TRLNMINNKI DDQIQDIWAY NAELLVLLEN
QKTLDEHDAN VNNLYNKVKR ALGSNAVEDG KGCFELYHKC DDQCMETIRN GTYNRRKYKE
ESRLERQKIE GVLLSTFLGH HHHHH');
insert into cfg_5_2.experimentdata (id, title, "Status", "Title", "-1100022276", "Glycan_Array_Version", "Protocol_Id", "Replicate_Number", "Result_Nature", "1505767802", "-1183338289", "-491792363", "Assay_Information", "Annotation", "1635439566", "1137989877") values (40, E'Primary Screen : primscreen_6542', E'Public', E'This project proposes to study the structural determinants for host tropisms of influenza viruses by investigating glycan binding profiles of influenza viruses and their mutants.', E'cfg_rRequest_3028', E'PA_v52', E'Protocol Direct Binding', E'1', E'Data', E'200 micrograms/ml', E'08/11/2014', E'George Fu Gao', E'Sample was precomplexed with antibody: 15.5 ul Binding Buffer in a tube, added 15 ul sample and mixed, added 37.5 ul of anti-HIS mAb-Alexa488 (200 ug/ml, sent by PI) and 2 ul Alexa488-labeled anti-mouse IgG (2mg/ml Invitrogen), mixed well, and incubated on ice for 20-30 minutes. The HA/HIS precomplex was added to the slide for 2 hours at room temp.', E'H9N2(2007)', E'H9N2(2007)', E'Download');
insert into cfg_5_2.requestdata (id, title, "Request_ID", "Status", "Project_Description", "CFG_Member?", "Requester_First_Name", "Requester_Last_Name", "447911925", "1339104825", "Assigned_First_Name", "Assigned_Last_Name", "Requester_Email", "Requester_Interest", "Request_Date", "Institution", "Shipping_Address", "Comments", "CFG_Core", "Resource_Type", "Amount_Requested", "-1475790216", "-643239159", "2039874986", "GBP_being_Addressed", "5943919") values (40, E'cfg_rRequest_3028', E'cfg_rRequest_3028', E'Approved', E'This project proposes to study the structural determinants for host tropisms of influenza viruses by investigating glycan binding profiles of influenza viruses and their mutants.', E'Yes subgroups :1 :Glycans in host-microbe interactions ,5 :Structural glycobiology ,6 :Glycan synthesis and microarrays', E'min', E'WANG', E'George', E'Gao', E'George Fu', E'Gao', E'11wm11@163.com', E'This laboratory is working on (1) the molecular basis on how enveloped viruses, e.g. avian influenza virus, HIV, SARS coronavirus, paramyxovirus (e.g., Sendai virus and Newcastle disease virus), get into the host cells.', E'03/27/2014', E'CAS Key Laboratory of Pathogenic Microbiology and Immunology, Institute of Microbiology, Chinese Academy of Sciences', E'NO.1 West Beichen Road, Chaoyang District, Beijing 100101, P.R.China Telephone: 86-10-64807589', E'This laboratory is working on the molecular basis on how enveloped viruses, e.g. avian influenza virus, HIV, SARS coronavirus, paramyxovirus (e.g., Sendai virus and Newcastle disease virus), get into the host cells.', E'H', E'MicroArray', E'', E'04/27/2014', E'We purified 10 hemagglutinin(HA) proteins [H9N2(2007), H9N2(2007-MUT), H9N2(2012), H9N2(2013), H10N8(2013), H10N8(2013-MUT1), H10N8(2013-MUT2), H6N1(2013), H6N1(2013-MUT1), H6N1(2013-MUT2)]. Our previous studies show that those proteins can bind &#945;-2, 3 or &#945;-2, 6 sialic acid. This project proposes to study the structural determinants for host tropisms of influenza viruses by investigating glycan binding profiles of influenza viruses and their mutants.', E'N', E'his-tag protein, purified by NI-NTA column and Gel filtration.The protein is stored in PBS buffer', E'* 1. Define the specificity and affinity for carbohydrate ligands * 3. Identify the ligand(s) that mediate GBP binding');
insert into "cfg_5_2".link (id, linkText, href, parentCell) values (253, E'H9N2(2007):H9N2(2007)', E'http://www.functionalglycomics.org:80/glycomics/GBPServlet?pageType=view&view=view&operationType=view&cbpId=cbp_3297&sideMenu=no', 0);
insert into "cfg_5_2".experiment_link(experiment_id, link_id) values (40, 253);
insert into "cfg_5_2".link (id, linkText, href, parentCell) values (254, E'PROTEIN View:cbp_3297', E'http://www.functionalglycomics.org:80/glycomics/GBPServlet?pageType=view&view=view&operationType=view&cbpId=cbp_3297&sideMenu=no', 0);
insert into "cfg_5_2".experiment_link(experiment_id, link_id) values (40, 254);
insert into "cfg_5_2".link (id, linkText, href, parentCell) values (255, E'George Fu Gao', E'http://www.im.ac.cn/english1/pi/gaofu.htm', 3);
insert into "cfg_5_2".experiment_link(experiment_id, link_id) values (40, 255);
insert into "cfg_5_2".link (id, linkText, href, parentCell) values (256, E' Glycan Array:3028', E'/glycomics/ResourceServlet?operation=viewById&resourceRequestId=cfg_rRequest_3028&View=View', 0);
insert into "cfg_5_2".experiment_link(experiment_id, link_id) values (40, 256);
insert into cfg_5_2.protocoldata (id, title, "Title", "Core", "Category", "Keyword", "Date__mm_dd_yyyy_", "Overview") values (40, E'Protocol : cfgPTC_243', E'Protocol Direct Binding', E'H', E'Lectin-Glycan Binding', E'Directly Labeled Samples', E'02/13/2009', E'Fluorescently labeled sample is diluted to an appropriate concentration in standard binding buffer (TSM, 1% BSA and 0.05% Tween 20). Seventy microliters is applied to the printed surface of the array, cover slip is applied, and incubated at room temperature in a humidified chamber away from light for one hour. The cover slip is removed and the slide is rinsed 4 times in standard TSM washing buffer containing 0.05% Tween, 4 times in TSM buffer without Tween, and 4 times in distilled water. ');
insert into "cfg_5_2".link (id, linkText, href, parentCell) values (257, E'Protocol Description (PDF)', E'http://www.functionalglycomics.org/glycomics/DFileServlet?operation=display&objType=protocol&protocolId=cfgPTC_243', null);
insert into "cfg_5_2".experiment_link(experiment_id, link_id) values (40, 257);
insert into "cfg_5_2".link (id, linkText, href, parentCell) values (258, E'<img src="/glycomics/common/images/presentation/array_inactive.jpg" alt="View Primary Screen Information" name="data_button_h_86" width="40" height="40" border="0" id="data_button_h_86">', E'http://www.functionalglycomics.org:80/glycomics/HServlet?operation=view&sideMenu=no&psId=primscreen_6542', 0);
insert into "cfg_5_2".experiment_link(experiment_id, link_id) values (40, 258);
insert into "cfg_5_2".link (id, linkText, href, parentCell) values (259, E'<img src="/glycomics/common/images/presentation/data_inactive.jpg" alt="Raw Data" name="dat_button_h_86" width="40" height="40" border="0" id="dat_button_h_86">', E'http://www.functionalglycomics.org:80/glycomics/HFileServlet?operation=downloadRawFile&fileType=DAT&sideMenu=no&objId=1006541', 1);
insert into "cfg_5_2".experiment_link(experiment_id, link_id) values (40, 259);
insert into "cfg_5_2".experiment (id, primscreen, sample_name, species, protein_family, investigator, request, date, sample_data_id, experiment_data_id, request_data_id, filename) values (40, '6542', E'H9N2(2007):H9N2(2007)', E'Virus', E'Viral / Bacterial Lectin', E'George Fu Gao', E'Glycan Array:3028', 'Nov 08, 17', 40, 40, 40, E'H9N2_2007_17015_v5.2_GenePixP550_Results.xls');


insert into cfg_5_2.sampledata (id, title, "Name", "Family", "Sub_Family", "Estimated_purity", "Mutation_Chimera", "1001016772", "Status", "Primary_Sequence") values (41, E'Glycan Binding Protein : cbp_3305', E'H6N1(2013-MUT1 H181V, G195S)', E'Viral / Bacterial Lectin', E'influenza hemagglutinin', E'greater than 90% purity, in 20 mM Tris-HCl, 150 mM NaCl, pH 8.0 buffer', E'mutant- H181V, G195S', E'04/16/2014', E'Not Finalized', E'DKICIGYHAN NSTTQVDTIL EKNVTVTHSV ELLENQKEER FCKILNKAPL DLGVCTIEGW
ILGNPQCDLL LGDKSWSYIV ERPTAQNGIC YPGALNEVEE LKALIGSGER VERFEMFPKS
TWTGVDTSSG VTKACPYHSG SSFYRNLLWI IKTKSAAYPV IKGTYSNTGN QPILYFWGVH
vPPDTNEQNT LYGSsDRYVK MGTESMNFAK GPEIAARPAV NGQRGRIDYY WSVLKPGETL
NVESNGNLIA PWYAYKFIST NNKGAVFKSN LPIENCDATC QTIAGVLRTN KTFQNVSPLW
IGECPKYVKS ESLRLATGLR NVPQIETRGL FGAIAGFIEG GWTGMIDGWY GYHHENSQGS
GYAADKESTQ KAIDGITNKV NSIIDKMNTQ FEAVDHEFSN LERRIDNLNK RMEDGFLDVW
TYNAELLVLL ENERTLDLHD ANVKNLYEKV KSQLRDNAND LGNGCFEFWH KCDNECIESV
RNGTYDYPKY QDESKLNRQE IESVLLSTFL GHHHHHH');
insert into cfg_5_2.experimentdata (id, title, "Status", "Title", "-1100022276", "Glycan_Array_Version", "Protocol_Id", "Replicate_Number", "Result_Nature", "1505767802", "-1183338289", "-491792363", "Assay_Information", "Annotation", "1635439566", "1137989877") values (41, E'Primary Screen : primscreen_6550', E'Public', E'This project proposes to study the structural determinants for host tropisms of influenza viruses by investigating glycan binding profiles of influenza viruses and their mutants.', E'cfg_rRequest_3028', E'PA_v52', E'Protocol Direct Binding', E'1', E'Data', E'200 micrograms/ml', E'08/11/2014', E'George Fu Gao', E'Sample was precomplexed with antibody: 15.5 ul Binding Buffer in a tube, added 15 ul sample and mixed, added 37.5 ul of anti-HIS mAb-Alexa488 (200 ug/ml, sent by PI) and 2 ul Alexa488-labeled anti-mouse IgG (2mg/ml Invitrogen), mixed well, and incubated on ice for 20-30 minutes. The HA/HIS precomplex was added to the slide for 2 hours at room temp.', E'H6N1(2013-Mut1-H181V,G195S)', E'H6N1(2013-MUT1 H181V, G195S)', E'Download');
insert into cfg_5_2.requestdata (id, title, "Request_ID", "Status", "Project_Description", "CFG_Member?", "Requester_First_Name", "Requester_Last_Name", "447911925", "1339104825", "Assigned_First_Name", "Assigned_Last_Name", "Requester_Email", "Requester_Interest", "Request_Date", "Institution", "Shipping_Address", "Comments", "CFG_Core", "Resource_Type", "Amount_Requested", "-1475790216", "-643239159", "2039874986", "GBP_being_Addressed", "5943919") values (41, E'cfg_rRequest_3028', E'cfg_rRequest_3028', E'Approved', E'This project proposes to study the structural determinants for host tropisms of influenza viruses by investigating glycan binding profiles of influenza viruses and their mutants.', E'Yes subgroups :1 :Glycans in host-microbe interactions ,5 :Structural glycobiology ,6 :Glycan synthesis and microarrays', E'min', E'WANG', E'George', E'Gao', E'George Fu', E'Gao', E'11wm11@163.com', E'This laboratory is working on (1) the molecular basis on how enveloped viruses, e.g. avian influenza virus, HIV, SARS coronavirus, paramyxovirus (e.g., Sendai virus and Newcastle disease virus), get into the host cells.', E'03/27/2014', E'CAS Key Laboratory of Pathogenic Microbiology and Immunology, Institute of Microbiology, Chinese Academy of Sciences', E'NO.1 West Beichen Road, Chaoyang District, Beijing 100101, P.R.China Telephone: 86-10-64807589', E'This laboratory is working on the molecular basis on how enveloped viruses, e.g. avian influenza virus, HIV, SARS coronavirus, paramyxovirus (e.g., Sendai virus and Newcastle disease virus), get into the host cells.', E'H', E'MicroArray', E'', E'04/27/2014', E'We purified 10 hemagglutinin(HA) proteins [H9N2(2007), H9N2(2007-MUT), H9N2(2012), H9N2(2013), H10N8(2013), H10N8(2013-MUT1), H10N8(2013-MUT2), H6N1(2013), H6N1(2013-MUT1), H6N1(2013-MUT2)]. Our previous studies show that those proteins can bind &#945;-2, 3 or &#945;-2, 6 sialic acid. This project proposes to study the structural determinants for host tropisms of influenza viruses by investigating glycan binding profiles of influenza viruses and their mutants.', E'N', E'his-tag protein, purified by NI-NTA column and Gel filtration.The protein is stored in PBS buffer', E'* 1. Define the specificity and affinity for carbohydrate ligands * 3. Identify the ligand(s) that mediate GBP binding');
insert into "cfg_5_2".link (id, linkText, href, parentCell) values (260, E'H6N1(2013-MUT1 H181V, G195S):H6N1(2013-Mut1-H181V,G195S)', E'http://www.functionalglycomics.org:80/glycomics/GBPServlet?pageType=view&view=view&operationType=view&cbpId=cbp_3305&sideMenu=no', 0);
insert into "cfg_5_2".experiment_link(experiment_id, link_id) values (41, 260);
insert into "cfg_5_2".link (id, linkText, href, parentCell) values (261, E'PROTEIN View:cbp_3305', E'http://www.functionalglycomics.org:80/glycomics/GBPServlet?pageType=view&view=view&operationType=view&cbpId=cbp_3305&sideMenu=no', 0);
insert into "cfg_5_2".experiment_link(experiment_id, link_id) values (41, 261);
insert into "cfg_5_2".link (id, linkText, href, parentCell) values (262, E'George Fu Gao', E'http://www.im.ac.cn/english1/pi/gaofu.htm', 3);
insert into "cfg_5_2".experiment_link(experiment_id, link_id) values (41, 262);
insert into "cfg_5_2".link (id, linkText, href, parentCell) values (263, E' Glycan Array:3028', E'/glycomics/ResourceServlet?operation=viewById&resourceRequestId=cfg_rRequest_3028&View=View', 0);
insert into "cfg_5_2".experiment_link(experiment_id, link_id) values (41, 263);
insert into cfg_5_2.protocoldata (id, title, "Title", "Core", "Category", "Keyword", "Date__mm_dd_yyyy_", "Overview") values (41, E'Protocol : cfgPTC_243', E'Protocol Direct Binding', E'H', E'Lectin-Glycan Binding', E'Directly Labeled Samples', E'02/13/2009', E'Fluorescently labeled sample is diluted to an appropriate concentration in standard binding buffer (TSM, 1% BSA and 0.05% Tween 20). Seventy microliters is applied to the printed surface of the array, cover slip is applied, and incubated at room temperature in a humidified chamber away from light for one hour. The cover slip is removed and the slide is rinsed 4 times in standard TSM washing buffer containing 0.05% Tween, 4 times in TSM buffer without Tween, and 4 times in distilled water. ');
insert into "cfg_5_2".link (id, linkText, href, parentCell) values (264, E'Protocol Description (PDF)', E'http://www.functionalglycomics.org/glycomics/DFileServlet?operation=display&objType=protocol&protocolId=cfgPTC_243', null);
insert into "cfg_5_2".experiment_link(experiment_id, link_id) values (41, 264);
insert into "cfg_5_2".link (id, linkText, href, parentCell) values (265, E'<img src="/glycomics/common/images/presentation/array_inactive.jpg" alt="View Primary Screen Information" name="data_button_h_94" width="40" height="40" border="0" id="data_button_h_94">', E'http://www.functionalglycomics.org:80/glycomics/HServlet?operation=view&sideMenu=no&psId=primscreen_6550', 0);
insert into "cfg_5_2".experiment_link(experiment_id, link_id) values (41, 265);
insert into "cfg_5_2".link (id, linkText, href, parentCell) values (266, E'<img src="/glycomics/common/images/presentation/data_inactive.jpg" alt="Raw Data" name="dat_button_h_94" width="40" height="40" border="0" id="dat_button_h_94">', E'http://www.functionalglycomics.org:80/glycomics/HFileServlet?operation=downloadRawFile&fileType=DAT&sideMenu=no&objId=1006549', 1);
insert into "cfg_5_2".experiment_link(experiment_id, link_id) values (41, 266);
insert into "cfg_5_2".experiment (id, primscreen, sample_name, species, protein_family, investigator, request, date, sample_data_id, experiment_data_id, request_data_id, filename) values (41, '6550', E'H6N1(2013-MUT1 H181V, G195S):H6N1(2013-Mut1-H181V,G195S)', E'Virus', E'Viral / Bacterial Lectin', E'George Fu Gao', E'Glycan Array:3028', 'Nov 08, 17', 41, 41, 41, E'H6N1_2013_Mut1_17009_v5.2_GenePixP550_Results.xls');


insert into cfg_5_2.sampledata (id, title, "Name", "Family", "Sub_Family", "Spec_Sci_Name", "Estimated_purity", "1001016772", "Status", "Primary_Sequence", "Comments", "Gen_Bank") values (42, E'Glycan Binding Protein : cbp_2826', E'Drgal9-L2', E'Galectin', E'tandem-repeat galectin', E'Danio rerio', E'95%', E'05/01/2012', E'Not Finalized', E'MAFYQQPPYY NPRIPFSGPI QGGLQDGKSI IISGRVLPGA NRFHVNLQCG SHSEANVALH
FNPRYEDTDY VVNNSYLNRT WGSEERKYES PFAQGQTFTL QILVAQDKYK ISTNGRHFMD
YKHRIPFTQV DTVAVEGMVE VNSVAFQNPA GFIPPQAGYA PQYAVPPGCG FPAFPSAPNY
TIPHKTVMNG GLHPGKNIVI NGVVNPNAKS IIFNLCYRSG IAFHYNPRFD ENVVVRNTNQ
MEKWGAEERF GGLPFHKGQP FQVTISCNPQ HYNVFVNGKQ EHTYKHRYTK LNDIDILEIC
GDLQLTSVQA', E'Binding to lactose column', E'GenBank:NM_200072');
insert into cfg_5_2.experimentdata (id, title, "Status", "Title", "-1100022276", "Glycan_Array_Version", "Protocol_Id", "Replicate_Number", "Result_Nature", "Brief_Comments", "1505767802", "-1183338289", "-491792363", "Assay_Information", "Annotation", "1635439566", "1137989877") values (42, E'Primary Screen : primscreen_6511', E'Public', E'The purpose of this request is to analyze recombinant zebrafish galectin-1, galectin-3 and galectin-9.', E'cfg_rRequest_3073', E'PA_v52', E'Protocol Tertiary step', E'1', E'Data', E'Compare to anti-DrGal-9 antibody alone', E'200 micrograms/ml', E'09/29/2014', E'Gerardo Vasta', E'Sample was diluted in PBS buffer with 10 mM beta-mercaptoethanol and 1% BSA, followed by detection with anti-DrGal-9 antibody (from PI, diluted 1:250 in PBS binding buffer), and detection with anti-rabbit IgG-Alexa488 (5 ug/ml).', E'DrGal-9 200', E'Drgal9-L2', E'Download');
insert into cfg_5_2.requestdata (id, title, "Request_ID", "Status", "Project_Description", "CFG_Member?", "Requester_First_Name", "Requester_Last_Name", "447911925", "1339104825", "Assigned_First_Name", "Assigned_Last_Name", "Requester_Email", "Requester_Interest", "Request_Date", "Institution", "Shipping_Address", "CFG_Core", "Resource_Type", "Amount_Requested", "-1475790216", "-643239159", "2039874986", "GBP_being_Addressed", "5943919") values (42, E'cfg_rRequest_3073', E'cfg_rRequest_3073', E'Approved', E'The purpose of this request is to analyze recombinant zebrafish galectin-1, galectin-3 and galectin-9.', E'Yes subgroups :5 :Structural glycobiology ,7 :Glycomics and glycoinformatics ,3 :Glycans in cancer biology ,4 :Glycans in development and physiology ,1 :Glycans in host-microbe interactions ,2 :Glycans in immune recognition and function', E'Gerardo', E'Vasta', E'Gerardo', E'Vasta', E'Gerardo', E'Vasta', E'GVasta@som.umaryland.edu', E'Dr. Vasta\'s research focuses on the use of biochemical, molecular and structural approaches to the study of animal lectins and their carbohydrate ligands.', E'06/03/2014', E'Department of Microbiology and Immunology University of Maryland School of Medicine', E'IMET, Columbus Center 701 East Pratt Street Baltimore, MD 21202 Phone: 410.234.8826', E'H', E'MicroArray', E'', E'06/09/2014', E'Request to the CFG (Core H) for glycoarray analysis of galectins -1, -3, and -9 from zebrafish (Danio rerio) Gerardo R. Vasta, Ph.D. Professor Department of Microbiology and Immunology University of Maryland School of Medicine Program in the Biology of Model Systems IMET, Columbus Center 701 East Pratt Street Baltimore, MD 21202 Phone: 410.234.8826 Lab: 410.234.8827 E-mail: GVasta@som.umaryland.edu Background: Galectins are a family of carbohydrate-binding proteins that are widely distributed in nature having been identified in vertebrates, invertebrates, and protists. Members of this family are defined by their binding affinity for ß-galactosides and the presence of a conserved sequence motif within their carbohydrate recognition domain (CRD). Recent studies in mammals have demonstrated that galectins participate both directly and indirectly in mediating immune responses such as host-pathogen interactions, inflammation, and autoimmunity. We have shown that the galectins from invertebrate species such as the eastern oyster Crassostrea virginica and the protochordate Clavelina picta can recognize microbial pathogens. Given their evolutionary conservation, galectins may be part of an ancient mechanism of host defense. To gain insight into the origin and evolution of galectin function in immune responses and early development along the chordate lineages leading to mammals we characterized the galectin repertoire of the zebrafish (Danio rerio). We have recently discovered that the infectious hematopoietic necrosis virus (IHNV), a pathogen of the zebrafish (Danio rerio) and other teleost fish is recognized by the zebrafish galectins -1 (proto type), -3 (chimera type), and -9 (tandem repeat type) in a carbohydrate-dependent manner. Therefore, to gain detailed understanding of the molecular basis of this interaction it will be critical to obtain information about the specificity and biological role(s) of the zebrafish galectins. Although the Core H has previously analyzed samples of zebrafish galectins-1, -3, and -9, the binding to the glycan array has been very weak. In our laboratory, galectin samples from the same preparations bound strongly to asialofetuin in ELISA prior to their shipment to Emory, and we suspect that their binding activity was lost during transport. However, to ensure that the assay will be successful we have made new preparations, protected them from oxidative inactivation by carboxamidomethylation, and will be tested for binding to asialofetuin by ELISA on the same day prior to shipping. Significance: The biological roles of galectins have only been partly elucidated, encompassing embryogenesis and roles in innate and adaptive immunity mediated by the binding to endogenous and exogenous ligands. Like the oyster galectins CvGal1 and CvGal2, and the ascidian galectin CpGal16, the zebrafish galectins-1, -3, and -9 recognize exogenous ligands such as the glycosylated envelope of a viral pathogen. A detailed study through the glycan array at the CFG, aligned with Specific Aims 1 (Define the specificity and affinity for carbohydrate ligands) and 3 (Identify the ligand(s) that mediate GBP binding) should elucidate the carbohydrate specificity of the zebrafish galectins, and facilitate further studies by SPR and their crystallization in complex with the strongest ligands (Specific Aim 5: Determine the structures of selected GBPs). Analysis of the relationships between specificity and structure of galectins from taxa (invertebrates, protochordates and ectothermic vertebrates such as fish) ancestral to the mammals will contribute further to our understanding of the evolution of their roles in health and disease.', E'Y', E'Number of samples: We request glycoarray analysis of one sample of each recombinant zebrafish galectin-1, galectin-3 and galectin-9. Detection method: The zebrafish recombinant proteins are unlabeled. We will provide specific anti-galectin purified Igs. Detection method should be that routinely used by the Core H', E'* 1. Define the specificity and affinity for carbohydrate ligands * 3. Identify the ligand(s) that mediate GBP binding * 5. Determine the structures of selected GBPs');
insert into "cfg_5_2".link (id, linkText, href, parentCell) values (267, E'Drgal9-L2:DrGal-9 200', E'http://www.functionalglycomics.org:80/glycomics/GBPServlet?pageType=view&view=view&operationType=view&cbpId=cbp_2826&sideMenu=no', 0);
insert into "cfg_5_2".experiment_link(experiment_id, link_id) values (42, 267);
insert into "cfg_5_2".link (id, linkText, href, parentCell) values (268, E'PROTEIN View:cbp_2826', E'http://www.functionalglycomics.org:80/glycomics/GBPServlet?pageType=view&view=view&operationType=view&cbpId=cbp_2826&sideMenu=no', 0);
insert into "cfg_5_2".experiment_link(experiment_id, link_id) values (42, 268);
insert into "cfg_5_2".link (id, linkText, href, parentCell) values (269, E'Gerardo Vasta', E'http://www.umbi.umd.edu/comb/faculty-directory/vasta/index.php', 3);
insert into "cfg_5_2".experiment_link(experiment_id, link_id) values (42, 269);
insert into "cfg_5_2".link (id, linkText, href, parentCell) values (270, E' Glycan Array:3073', E'/glycomics/ResourceServlet?operation=viewById&resourceRequestId=cfg_rRequest_3073&View=View', 0);
insert into "cfg_5_2".experiment_link(experiment_id, link_id) values (42, 270);
insert into cfg_5_2.protocoldata (id, title, "Title", "Core", "Category", "Keyword", "Date__mm_dd_yyyy_", "Overview") values (42, E'Protocol : cfgPTC_247', E'Protocol Tertiary step', E'H', E'Lectin-Glycan Binding', E'Unlabeled Sample and Unlabeled Primary (3 step)', E'02/13/2009', E'Unlabeled sample is diluted to an appropriate concentration in standard binding buffer (TSM, 1% BSA and 0.05% Tween 20).  Seventy microliters is applied to the printed surface of the array, cover slip is applied, and incubated at room temperature in a humidified chamber away from light for one hour.  The cover slip was removed and the slide is rinsed 4 times in standard TSM washing buffer containing 0.05 percent Tween and 4 times in TSM buffer without Tween. A second step is performed with seventy microliters of antibody/reagent specific for the unlabeled sample diluted in TSM binding buffer is added to the slide for one hour at room temperature in a humidified chamber away from light as described.  Washes were performed as above. A tertiary step is performed with seventy microliters of fluorescently labeled antibody/reagent to the antibody/reagent in the second step, diluted in TSM buffer for one hour in a humidified chamber away from light as described. Washes are performed as above, followed by 4 washes in distilled water. 
');
insert into "cfg_5_2".link (id, linkText, href, parentCell) values (271, E'Protocol Description (PDF)', E'http://www.functionalglycomics.org/glycomics/DFileServlet?operation=display&objType=protocol&protocolId=cfgPTC_247', null);
insert into "cfg_5_2".experiment_link(experiment_id, link_id) values (42, 271);
insert into "cfg_5_2".link (id, linkText, href, parentCell) values (272, E'<img src="/glycomics/common/images/presentation/array_inactive.jpg" alt="View Primary Screen Information" name="data_button_h_95" width="40" height="40" border="0" id="data_button_h_95">', E'http://www.functionalglycomics.org:80/glycomics/HServlet?operation=view&sideMenu=no&psId=primscreen_6511', 0);
insert into "cfg_5_2".experiment_link(experiment_id, link_id) values (42, 272);
insert into "cfg_5_2".link (id, linkText, href, parentCell) values (273, E'<img src="/glycomics/common/images/presentation/data_inactive.jpg" alt="Raw Data" name="dat_button_h_95" width="40" height="40" border="0" id="dat_button_h_95">', E'http://www.functionalglycomics.org:80/glycomics/HFileServlet?operation=downloadRawFile&fileType=DAT&sideMenu=no&objId=1006510', 1);
insert into "cfg_5_2".experiment_link(experiment_id, link_id) values (42, 273);
insert into "cfg_5_2".experiment (id, primscreen, sample_name, species, protein_family, investigator, request, date, sample_data_id, experiment_data_id, request_data_id, filename) values (42, '6511', E'Drgal9-L2:DrGal-9 200', E'Other', E'Galectin', E'Gerardo Vasta', E'Glycan Array:3073', 'Nov 08, 17', 42, 42, 42, E'DrGal-9_17063v5.2_GenePix_RESULTS.xls');


insert into cfg_5_2.sampledata (id, title, "Name", "Complete_Name", "Family", "Sub_Family", "Spec_Sci_Name", "Estimated_purity", "Mutation_Chimera", "1001016772", "Status", "Primary_Sequence", "Comments", "-436221455") values (43, E'Glycan Binding Protein : cbp_3053', E'PNGase F R911 N-Glycan Lectenz', E'PNGase F mutant R911', E'Other', E'Other', E'Elizabethkingia meningoseptica', E'high purity sample', E'R911 is a multiple point mutant clone of PNGase F which doesn\'t have catalytic activity but retains wild type specificity for N-glycans.', E'01/04/2013', E'Not Finalized', E'GIPAPADNTV NIKTFDKVKN AFGDGLSQSA EGTFTFPADV TAVKTIKMFI KNECPNKTCD
EWDRYANVYV KNKTTGEWYE IGRFITPYWV GTEKLPRGLE IDVTDFKSLL SGNTELKIYT
ETWLAKGREY SVDFDIVYGT PDYKYSAVVP VVQYNKSSID GVPYGKAHTL ALKKNIQLPT
NTEKAYLRTT ISGWGHAKPY DAGSRGCAEW CFRTHTIAIN NSNTFQHQLG ALGCSANPIN
NQSPGNWTPD RAGWCPGMAV PTRIDVLNNS LIGSTFSYEY KFQNWTNNGT NGDAFYAISS
FVIAKSNTPI SAPVVTNLDP HHHHHH', E'The R911 N-glycan Lectenz was engineered and cloned in a custom designed expression vector designated pOPH6 II. The expressed protein was initially purified using Immobilied Metal Affinity Chromatography. High purity sample was subsequently prepared by Size Exclusion Chromatography. Norris, G. E., T. J. Stillman, et al. (1994). "The three-dimensional structure of PNGase F, a glycosylasparaginase from Flavobacterium meningosepticum." Structure 2(11): 1049-1059.', E'The R911 clone has sub-micromolar affinity for dRNAse B (single N-glycosylation site). Specificity of D60A for dRNAse B over dRNAseA (no N-glycosylation site) was confirmed via affinity chromatography.');
insert into cfg_5_2.experimentdata (id, title, "Status", "Title", "-1100022276", "Glycan_Array_Version", "Protocol_Id", "Replicate_Number", "Result_Nature", "1505767802", "-1183338289", "-491792363", "Assay_Information", "Annotation", "1635439566", "1137989877") values (43, E'Primary Screen : primscreen_6498', E'Public', E'The purpose of this request is to broadly define the glycan specificity and affinity of PNGase F from Flavobacterium meningosepticum, which has been converted to a catalytically inactive protein with enhanced affinity for the substrates of the wild-type enzyme using the glycan array.\r\n\r\n', E'cfg_rRequest_3025', E'PA_v52', E'Protocol Direct Binding', E'1', E'Data', E'200 micrograms/ml', E'03/19/2015', E'Robert J. Woods', E'Sample was diluted in 10 mM HEPES, 10 mM NaCl buffer, pH 7.4 and was directly labeled with DyLight-488.', E'R911-Dy488', E'PNGase F R911 N-Glycan Lectenz', E'Download');
insert into cfg_5_2.requestdata (id, title, "Request_ID", "Status", "Project_Description", "CFG_Member?", "Requester_First_Name", "Requester_Last_Name", "447911925", "1339104825", "Assigned_First_Name", "Assigned_Last_Name", "Requester_Email", "Requester_Interest", "Request_Date", "Institution", "Shipping_Address", "CFG_Core", "Resource_Type", "Amount_Requested", "-1475790216", "-643239159", "2039874986", "-1235327866", "GBP_being_Addressed", "5943919") values (43, E'cfg_rRequest_3025', E'cfg_rRequest_3025', E'Approved', E'The purpose of this request is to broadly define the glycan specificity and affinity of PNGase F from Flavobacterium meningosepticum, which has been converted to a catalytically inactive protein with enhanced affinity for the substrates of the wild-type enzyme using the glycan array.\r\n\r\n', E'Yes subgroups :5 :Structural glycobiology ,1 :Glycans in host-microbe interactions ,2 :Glycans in immune recognition and function ,7 :Glycomics and glycoinformatics', E'Kausar', E'Samli', E'Robert', E'Woods', E'Robert J.', E'Woods', E'ksamli@uga.edu', E'This laboratory focusing on set of modeling tools (http://glycam.ccrc.uga.edu) and force field parameters (GLYCAM) which we distribute freely. These tools are of general use to all structural glycoscientists.', E'03/21/2014', E'The University of Georgia', E'The Complex Carbohydrate Research Center 315 Riverbend Rd Athens, GA 30602 706-542-3508 lab', E'H', E'MicroArray', E'', E'05/01/2014', E'This laboratory is focusing on set of modeling tools (http://glycam.ccrc.uga.edu) and force field parameters (GLYCAM) which we distribute freely. These tools are of general use to all structural glycoscientists. The purpose of this experiment is to validate computational modeling data pertaining to carbohydrate binding protein and glycan interactions.', E'Y', E'Kausar Samli', E'GBP will be directly labeled (DyLite488). We are resubmitting GBP ID cbp_3053 for screening. The data was inconclusive in the previous attempt (cfg_request_2738). For this resubmission, the sample preparation and labeling process has been further optimized.', E'* 1. Define the specificity and affinity for carbohydrate ligands');
insert into "cfg_5_2".link (id, linkText, href, parentCell) values (274, E'PNGase F R911 N-Glycan Lectenz:R911-Dy488', E'http://www.functionalglycomics.org:80/glycomics/GBPServlet?pageType=view&view=view&operationType=view&cbpId=cbp_3053&sideMenu=no', 0);
insert into "cfg_5_2".experiment_link(experiment_id, link_id) values (43, 274);
insert into "cfg_5_2".link (id, linkText, href, parentCell) values (275, E'PROTEIN View:cbp_3053', E'http://www.functionalglycomics.org:80/glycomics/GBPServlet?pageType=view&view=view&operationType=view&cbpId=cbp_3053&sideMenu=no', 0);
insert into "cfg_5_2".experiment_link(experiment_id, link_id) values (43, 275);
insert into "cfg_5_2".link (id, linkText, href, parentCell) values (276, E'Robert J. Woods', E'http://www.ccrc.uga.edu/personnel/woods/woods1.html', 3);
insert into "cfg_5_2".experiment_link(experiment_id, link_id) values (43, 276);
insert into "cfg_5_2".link (id, linkText, href, parentCell) values (277, E' Glycan Array:3025', E'/glycomics/ResourceServlet?operation=viewById&resourceRequestId=cfg_rRequest_3025&View=View', 0);
insert into "cfg_5_2".experiment_link(experiment_id, link_id) values (43, 277);
insert into cfg_5_2.protocoldata (id, title, "Title", "Core", "Category", "Keyword", "Date__mm_dd_yyyy_", "Overview") values (43, E'Protocol : cfgPTC_243', E'Protocol Direct Binding', E'H', E'Lectin-Glycan Binding', E'Directly Labeled Samples', E'02/13/2009', E'Fluorescently labeled sample is diluted to an appropriate concentration in standard binding buffer (TSM, 1% BSA and 0.05% Tween 20). Seventy microliters is applied to the printed surface of the array, cover slip is applied, and incubated at room temperature in a humidified chamber away from light for one hour. The cover slip is removed and the slide is rinsed 4 times in standard TSM washing buffer containing 0.05% Tween, 4 times in TSM buffer without Tween, and 4 times in distilled water. ');
insert into "cfg_5_2".link (id, linkText, href, parentCell) values (278, E'Protocol Description (PDF)', E'http://www.functionalglycomics.org/glycomics/DFileServlet?operation=display&objType=protocol&protocolId=cfgPTC_243', null);
insert into "cfg_5_2".experiment_link(experiment_id, link_id) values (43, 278);
insert into "cfg_5_2".link (id, linkText, href, parentCell) values (279, E'<img src="/glycomics/common/images/presentation/array_inactive.jpg" alt="View Primary Screen Information" name="data_button_h_103" width="40" height="40" border="0" id="data_button_h_103">', E'http://www.functionalglycomics.org:80/glycomics/HServlet?operation=view&sideMenu=no&psId=primscreen_6498', 0);
insert into "cfg_5_2".experiment_link(experiment_id, link_id) values (43, 279);
insert into "cfg_5_2".link (id, linkText, href, parentCell) values (280, E'<img src="/glycomics/common/images/presentation/data_inactive.jpg" alt="Raw Data" name="dat_button_h_103" width="40" height="40" border="0" id="dat_button_h_103">', E'http://www.functionalglycomics.org:80/glycomics/HFileServlet?operation=downloadRawFile&fileType=DAT&sideMenu=no&objId=1006497', 1);
insert into "cfg_5_2".experiment_link(experiment_id, link_id) values (43, 280);
insert into "cfg_5_2".experiment (id, primscreen, sample_name, species, protein_family, investigator, request, date, sample_data_id, experiment_data_id, request_data_id, filename) values (43, '6498', E'PNGase F R911 N-Glycan Lectenz:R911-Dy488', E'Other', E'Other', E'Robert J. Woods', E'Glycan Array:3025', 'Nov 05, 17', 43, 43, 43, E'R911_200ug_17252_A488P528L10_V5.2_Results.xls');


insert into cfg_5_2.sampledata (id, title, "Sample_Name", "2102082671", "443812426", "790714772", "-1396494765", "-100409677", "-728300322") values (44, E'Sample Information : lamprey serum - HM_3630', E'lamprey serum - HM', E'lamprey serum - HM', E'Breadth of lamprey VLR antibody anti-glycan specificities elicited by immunization with human erythrocytes', E'sea lamprey (Petromyzon marinus)', E'1.Soluble whole human breast milk, 2. N/A, 3. 35 ul, intracoelomic injection, 4. Weekly x 6', E'1. 30 mM EDTA, 2. PBS, 3. 4 degrees C, 5. None', E'ELISA using anti-VLRB mouse monoclonal antibody for detection');
insert into cfg_5_2.experimentdata (id, title, "Status", "Title", "-1100022276", "Glycan_Array_Version", "Protocol_Id", "Replicate_Number", "Result_Nature", "-1183338289", "-491792363", "Assay_Information", "Annotation", "-786589929", "1137989877", "-1069682899", "819836718") values (44, E'Primary Screen : primscreen_6393', E'Public', E'The purpose of this request is to analyze 4 lamprey serum samples on the array: 3 from lampreys immunized with human erythrocytes type-O, A, and B and a non-immunized lamprey to control for non-specific binding.', E'cfg_rRequest_2626', E'PA_v52', E'Protocol Tertiary step', E'1', E'Data', E'05/06/2014', E'Max Cooper', E'Serum sample was diluted 1:2 in standard TSM buffer and detected with an anti-VLRB mouse monoclonal antibody (4c4 25ug/ml sent by Max Cooper). This was followed by detection with a standard anti-mouse IgG Alexa 488 (Invitrogen 5ug/ml).', E'lamprey serum - HM', E'lamprey serum - HM_3630', E'Download', E'Search Readout', E'Click This Link to Launch the New Flex-based Glycan Array Data Browser Tool');
insert into cfg_5_2.requestdata (id, title, "Request_ID", "Status", "Project_Description", "CFG_Member?", "Requester_First_Name", "Requester_Last_Name", "447911925", "1339104825", "Assigned_First_Name", "Assigned_Last_Name", "Requester_Email", "Request_Date", "Institution", "Shipping_Address", "CFG_Core", "Resource_Type", "Amount_Requested", "-1475790216", "-643239159", "2039874986", "-1235327866", "GBP_being_Addressed", "5943919") values (44, E'cfg_rRequest_2626', E'cfg_rRequest_2626', E'Approved', E'The purpose of this request is to analyze 4 lamprey serum samples on the array: 3 from lampreys immunized with human erythrocytes type-O, A, and B and a non-immunized lamprey to control for non-specific binding.', E'No', E'Brantley', E'Herrin', E'Max', E'Cooper', E'Max', E'Cooper', E'brantley.herrin@gmail.com', E'05/10/2012', E'Emory University', E'1462 Clifton Rd NE DSB 405 Atlanta, GA 30322 404-932-3644', E'H', E'MicroArray', E'', E'05/11/2012', E'Jawless vertebrates (lampreys and hagfishes) have a second type of adaptive immune system (AIS) that uses leucine-rich repeat (LRR)-based antigen receptors termed variable lymphocyte receptors (VLRs) for immune recognition. The VLR-based AIS has many similarities to the jawed vertebrate immunoglobulin (Ig)-based AIS, including the production of antigen-specific circulating VLR antibodies in response to immunization. The VLR genes are constructed in developing lymphocytes by random assembly of hundreds of LRR gene segments to generate a potential repertoire of >10^14 distinct antigen receptors, which is comparable to the human antibody repertoire. The assembled VLR genes encode for 15-25 kDa crescent-shaped proteins that bind to antigens on their concave surface via multiple LRR &#946;-strands and an extended C-terminal variable loop (LRRCT). We have developed methods for high-throughput selection and expression of antigen-specific VLR monoclonal antibodies. Like classical Ig-based antibodies, VLRs bind to antigens with high affinity and specificity, but they are composed of a single peptide chain, which greatly simplifies cDNA library construction. Lampreys diverged from our jawed vertebrate ancestors >500 million years ago, which may allow them to respond to highly conserved human proteins and glycans that are ‘invisible’ to the mammalian AIS due to self-tolerance. Immunization with complex antigens, such as mammalian cells, induces a polyclonal VLR antibody response, but the range of VLR antibody specificities elicited by immunization is unknown. Previously, we demonstrated that lampreys produce anti-H antigen VLR antibodies in response to immunization with human O-type erythrocytes. However, only the H-antigen was used for screening, and it is likely that VLR antibodies were produced against many other surface glycans. Presently, we have immunized lampreys with human type A, B, and O erythrocytes and quantified the VLR antibody response by agglutination assay. To determine the breadth of anti-glycan VLR antibodies induced by erythrocyte immunization, VLR-containing lamprey serum will be screened on the Consortium glycan array. Serum from three immunized lampreys (A, B, and O) and one non-immunized control will be tested, and VLR antibody binding will be detected with an anti-VLR mouse monoclonal antibody and a fluorochrome-conjugated anti-mouse Ig antibody. The results of the glycan arrary screening will allow us to design glycan probes and screening strategies to select for VLR monoclonal antibodies for all of the anti-glycan specificities elicited by erythrocyte immunization. Glycan-specific VLR monoclonal antibodies generated using this approach may be used for research and clinical diagnostic applications.', E'Y', E'David Smith', E'Four lamprey serum samples will be screened on the array. Samples O3, A2, and B2 are from lampreys immunized with human erythrocytes type-O, A, and B, respectively. Sample N2 is from a non-immunized lamprey to control for non-specific binding. VLR binding to the array will be detected with an anti-VLR mouse monoclonal antibody (4C4, mouse IgG2b, 1.5 mg/ml, 1:500 suggested working dilution) and a fluorochrome-conjugated anti-mouse Ig secondary antibody.', E'* 1. Define the specificity and affinity for carbohydrate ligands');
insert into "cfg_5_2".link (id, linkText, href, parentCell) values (281, E'SAMPLE View : lamprey serum - HM_3630', E'http://www.functionalglycomics.org/glycomics/SampleServlet?pageType=view&templateKey=106&key=3630&rrid=cfg_rRequest_2626&operationType=view', 0);
insert into "cfg_5_2".experiment_link(experiment_id, link_id) values (44, 281);
insert into "cfg_5_2".link (id, linkText, href, parentCell) values (282, E' Glycan Array:2626', E'/glycomics/ResourceServlet?operation=viewById&resourceRequestId=cfg_rRequest_2626&View=View', 0);
insert into "cfg_5_2".experiment_link(experiment_id, link_id) values (44, 282);
insert into cfg_5_2.protocoldata (id, title, "Title", "Core", "Category", "Keyword", "Date__mm_dd_yyyy_", "Overview") values (44, E'Protocol : cfgPTC_247', E'Protocol Tertiary step', E'H', E'Lectin-Glycan Binding', E'Unlabeled Sample and Unlabeled Primary (3 step)', E'02/13/2009', E'Unlabeled sample is diluted to an appropriate concentration in standard binding buffer (TSM, 1% BSA and 0.05% Tween 20).  Seventy microliters is applied to the printed surface of the array, cover slip is applied, and incubated at room temperature in a humidified chamber away from light for one hour.  The cover slip was removed and the slide is rinsed 4 times in standard TSM washing buffer containing 0.05 percent Tween and 4 times in TSM buffer without Tween. A second step is performed with seventy microliters of antibody/reagent specific for the unlabeled sample diluted in TSM binding buffer is added to the slide for one hour at room temperature in a humidified chamber away from light as described.  Washes were performed as above. A tertiary step is performed with seventy microliters of fluorescently labeled antibody/reagent to the antibody/reagent in the second step, diluted in TSM buffer for one hour in a humidified chamber away from light as described. Washes are performed as above, followed by 4 washes in distilled water. 
');
insert into "cfg_5_2".link (id, linkText, href, parentCell) values (283, E'Protocol Description (PDF)', E'http://www.functionalglycomics.org/glycomics/DFileServlet?operation=display&objType=protocol&protocolId=cfgPTC_247', null);
insert into "cfg_5_2".experiment_link(experiment_id, link_id) values (44, 283);
insert into "cfg_5_2".link (id, linkText, href, parentCell) values (284, E'<img src="/glycomics/common/images/presentation/array_inactive.jpg" alt="View Primary Screen Information" name="data_button_h_158" width="40" height="40" border="0" id="data_button_h_158">', E'http://www.functionalglycomics.org:80/glycomics/HServlet?operation=view&sideMenu=no&psId=primscreen_6393', 0);
insert into "cfg_5_2".experiment_link(experiment_id, link_id) values (44, 284);
insert into "cfg_5_2".link (id, linkText, href, parentCell) values (285, E'<img src="/glycomics/common/images/presentation/data_inactive.jpg" alt="Raw Data" name="dat_button_h_158" width="40" height="40" border="0" id="dat_button_h_158">', E'http://www.functionalglycomics.org:80/glycomics/HFileServlet?operation=downloadRawFile&fileType=DAT&sideMenu=no&objId=1006392', 1);
insert into "cfg_5_2".experiment_link(experiment_id, link_id) values (44, 285);
insert into "cfg_5_2".experiment (id, primscreen, sample_name, species, protein_family, investigator, request, date, sample_data_id, experiment_data_id, request_data_id, filename) values (44, '6393', E'lamprey serum - HM:lamprey serum - HM', E'Not Applicable', E'Not Applicable', E'Max Cooper', E'Glycan Array:2626', 'Nov 03, 17', 44, 44, 44, E'HM_1to2_16891_V5.2_DATA.xls');


insert into cfg_5_2.sampledata (id, title, "Name", "Complete_Name", "Family", "Sub_Family", "Spec_Sci_Name", "Estimated_purity", "Mutation_Chimera", "1001016772", "Status", "Primary_Sequence", "-436221455", "Gen_Bank", "Swiss_Prot") values (45, E'Glycan Binding Protein : cbp_3219', E'E41A, E41G', E'P51Gm4E41A and E41G CVN', E'Viral / Bacterial Lectin', E'CVNH', E'mutant of cyanobacterial lectin', E'pure', E'mutant of CVN containing E41A, P51G, m4', E'09/12/2013', E'Not Finalized', E'>E41AMHHHH HHENLYFQSG NFSQACYNSA IQGSVLTSTC IRTNGGYNTS SIDLNSVIAN
VDGSLKWQGS NFIETCRNTQ LAGSSELAAE CKTRAQQFVS TKINLDDHIA AIDGTLKYE>
E41GMHHHHH HENLYFQSGN FSQACYNSAI QGSVLTSTCI RTNGGYNTSS IDLNSVIGNV
DGSLKWQGSN FIETCRNTQL AGSSELAAEC KTRAQQFVST KINLDDHIAA IDGTLKYE', E'See Fromme et al Biochemistry 2007', E'GenBank:n/a', E'Swiss Prot:n/a');
insert into cfg_5_2.experimentdata (id, title, "Status", "Title", "-1100022276", "Glycan_Array_Version", "Protocol_Id", "Replicate_Number", "Result_Nature", "1505767802", "-1183338289", "-491792363", "Assay_Information", "Annotation", "1635439566", "1137989877") values (45, E'Primary Screen : primscreen_6429', E'Public', E'The purpose of this request is to perform the analysis of two mutants of Cyanovirin, obtained through rational design, on the glycan microarray.', E'cfg_rRequest_2912', E'PA_v52', E'Protocol Direct Binding', E'1', E'Data', E'200 micrograms/ml', E'07/30/2014', E'Giovanna Ghirlanda', E'Sample was diluted in standard binding buffer and was directly labeled with TAMRA dye, scanned at 594nm.', E'CVN-E41G', E'E41A, E41G', E'Download');
insert into cfg_5_2.requestdata (id, title, "Request_ID", "Status", "Project_Description", "CFG_Member?", "Requester_First_Name", "Requester_Last_Name", "447911925", "1339104825", "Assigned_First_Name", "Assigned_Last_Name", "Requester_Email", "Request_Date", "Institution", "Shipping_Address", "CFG_Core", "Resource_Type", "Amount_Requested", "-1475790216", "-643239159", "2039874986", "-1235327866", "GBP_being_Addressed", "5943919") values (45, E'cfg_rRequest_2912', E'cfg_rRequest_2912', E'Approved', E'The purpose of this request is to perform the analysis of two mutants of Cyanovirin, obtained through rational design, on the glycan microarray.', E'No', E'Sriram', E'Sokalingam', E'Giovanna', E'Ghirlanda', E'Giovanna', E'Ghirlanda', E'ssokalin@asu.edu', E'08/07/2013', E'Dept of Chemistry and Biochemistry, Arizona State University', E'ISTB 5 RM 235, 611 E Tyler Mall Tempe AZ 85287', E'H', E'MicroArray', E'', E'08/12/2013', E'Two mutants of Cyanovirin, obtained through rational design. Our characterization shows that binding to dimannose and to gp120 is conserved, but we want to verify that specificity is conserved. We think that this mutant may prefer linear trinannose over dimannose.', E'Y', E'G.Ghirlanda', E'Labeled with Tamra', E'* 1. Define the specificity and affinity for carbohydrate ligands');
insert into "cfg_5_2".link (id, linkText, href, parentCell) values (286, E'E41A, E41G:CVN-E41G', E'http://www.functionalglycomics.org:80/glycomics/GBPServlet?pageType=view&view=view&operationType=view&cbpId=cbp_3219&sideMenu=no', 0);
insert into "cfg_5_2".experiment_link(experiment_id, link_id) values (45, 286);
insert into "cfg_5_2".link (id, linkText, href, parentCell) values (287, E'PROTEIN View:cbp_3219', E'http://www.functionalglycomics.org:80/glycomics/GBPServlet?pageType=view&view=view&operationType=view&cbpId=cbp_3219&sideMenu=no', 0);
insert into "cfg_5_2".experiment_link(experiment_id, link_id) values (45, 287);
insert into "cfg_5_2".link (id, linkText, href, parentCell) values (288, E'Giovanna Ghirlanda', E'http://chemistry.asu.edu/faculty/g_giovanna.asp', 3);
insert into "cfg_5_2".experiment_link(experiment_id, link_id) values (45, 288);
insert into "cfg_5_2".link (id, linkText, href, parentCell) values (289, E' Glycan Array:2912', E'/glycomics/ResourceServlet?operation=viewById&resourceRequestId=cfg_rRequest_2912&View=View', 0);
insert into "cfg_5_2".experiment_link(experiment_id, link_id) values (45, 289);
insert into cfg_5_2.protocoldata (id, title, "Title", "Core", "Category", "Keyword", "Date__mm_dd_yyyy_", "Overview") values (45, E'Protocol : cfgPTC_243', E'Protocol Direct Binding', E'H', E'Lectin-Glycan Binding', E'Directly Labeled Samples', E'02/13/2009', E'Fluorescently labeled sample is diluted to an appropriate concentration in standard binding buffer (TSM, 1% BSA and 0.05% Tween 20). Seventy microliters is applied to the printed surface of the array, cover slip is applied, and incubated at room temperature in a humidified chamber away from light for one hour. The cover slip is removed and the slide is rinsed 4 times in standard TSM washing buffer containing 0.05% Tween, 4 times in TSM buffer without Tween, and 4 times in distilled water. ');
insert into "cfg_5_2".link (id, linkText, href, parentCell) values (290, E'Protocol Description (PDF)', E'http://www.functionalglycomics.org/glycomics/DFileServlet?operation=display&objType=protocol&protocolId=cfgPTC_243', null);
insert into "cfg_5_2".experiment_link(experiment_id, link_id) values (45, 290);
insert into "cfg_5_2".link (id, linkText, href, parentCell) values (291, E'<img src="/glycomics/common/images/presentation/array_inactive.jpg" alt="View Primary Screen Information" name="data_button_h_171" width="40" height="40" border="0" id="data_button_h_171">', E'http://www.functionalglycomics.org:80/glycomics/HServlet?operation=view&sideMenu=no&psId=primscreen_6429', 0);
insert into "cfg_5_2".experiment_link(experiment_id, link_id) values (45, 291);
insert into "cfg_5_2".link (id, linkText, href, parentCell) values (292, E'<img src="/glycomics/common/images/presentation/data_inactive.jpg" alt="Raw Data" name="dat_button_h_171" width="40" height="40" border="0" id="dat_button_h_171">', E'http://www.functionalglycomics.org:80/glycomics/HFileServlet?operation=downloadRawFile&fileType=DAT&sideMenu=no&objId=1006428', 1);
insert into "cfg_5_2".experiment_link(experiment_id, link_id) values (45, 292);
insert into "cfg_5_2".experiment (id, primscreen, sample_name, species, protein_family, investigator, request, date, sample_data_id, experiment_data_id, request_data_id, filename) values (45, '6429', E'E41A, E41G:CVN-E41G', E'Bacteria', E'Viral / Bacterial Lectin', E'Giovanna Ghirlanda', E'Glycan Array:2912', 'Nov 03, 17', 45, 45, 45, E'CVN-E41G_200ug_16993_v5.2_DATA.xls');


insert into cfg_5_2.sampledata (id, title, "Name", "Complete_Name", "Family", "Sub_Family", "Spec_Sci_Name", "Estimated_purity", "Mutation_Chimera", "1001016772", "Status", "Primary_Sequence", "-436221455", "Gen_Bank", "Swiss_Prot") values (46, E'Glycan Binding Protein : cbp_3219', E'E41A, E41G', E'P51Gm4E41A and E41G CVN', E'Viral / Bacterial Lectin', E'CVNH', E'mutant of cyanobacterial lectin', E'pure', E'mutant of CVN containing E41A, P51G, m4', E'09/12/2013', E'Not Finalized', E'>E41AMHHHH HHENLYFQSG NFSQACYNSA IQGSVLTSTC IRTNGGYNTS SIDLNSVIAN
VDGSLKWQGS NFIETCRNTQ LAGSSELAAE CKTRAQQFVS TKINLDDHIA AIDGTLKYE>
E41GMHHHHH HENLYFQSGN FSQACYNSAI QGSVLTSTCI RTNGGYNTSS IDLNSVIGNV
DGSLKWQGSN FIETCRNTQL AGSSELAAEC KTRAQQFVST KINLDDHIAA IDGTLKYE', E'See Fromme et al Biochemistry 2007', E'GenBank:n/a', E'Swiss Prot:n/a');
insert into cfg_5_2.experimentdata (id, title, "Status", "Title", "-1100022276", "Glycan_Array_Version", "Protocol_Id", "Replicate_Number", "Result_Nature", "1505767802", "-1183338289", "-491792363", "Assay_Information", "Annotation", "1635439566", "1137989877") values (46, E'Primary Screen : primscreen_6428', E'Public', E'The purpose of this request is to perform the analysis of two mutants of Cyanovirin, obtained through rational design, on the glycan microarray.', E'cfg_rRequest_2912', E'PA_v52', E'Protocol Direct Binding', E'1', E'Data', E'200 micrograms/ml', E'07/30/2014', E'Giovanna Ghirlanda', E'Sample was diluted in standard binding buffer and was directly labeled with TAMRA dye, scanned at 594nm.', E'CVN-E41A', E'E41A, E41G', E'Download');
insert into cfg_5_2.requestdata (id, title, "Request_ID", "Status", "Project_Description", "CFG_Member?", "Requester_First_Name", "Requester_Last_Name", "447911925", "1339104825", "Assigned_First_Name", "Assigned_Last_Name", "Requester_Email", "Request_Date", "Institution", "Shipping_Address", "CFG_Core", "Resource_Type", "Amount_Requested", "-1475790216", "-643239159", "2039874986", "-1235327866", "GBP_being_Addressed", "5943919") values (46, E'cfg_rRequest_2912', E'cfg_rRequest_2912', E'Approved', E'The purpose of this request is to perform the analysis of two mutants of Cyanovirin, obtained through rational design, on the glycan microarray.', E'No', E'Sriram', E'Sokalingam', E'Giovanna', E'Ghirlanda', E'Giovanna', E'Ghirlanda', E'ssokalin@asu.edu', E'08/07/2013', E'Dept of Chemistry and Biochemistry, Arizona State University', E'ISTB 5 RM 235, 611 E Tyler Mall Tempe AZ 85287', E'H', E'MicroArray', E'', E'08/12/2013', E'Two mutants of Cyanovirin, obtained through rational design. Our characterization shows that binding to dimannose and to gp120 is conserved, but we want to verify that specificity is conserved. We think that this mutant may prefer linear trinannose over dimannose.', E'Y', E'G.Ghirlanda', E'Labeled with Tamra', E'* 1. Define the specificity and affinity for carbohydrate ligands');
insert into "cfg_5_2".link (id, linkText, href, parentCell) values (293, E'E41A, E41G:CVN-E41A', E'http://www.functionalglycomics.org:80/glycomics/GBPServlet?pageType=view&view=view&operationType=view&cbpId=cbp_3219&sideMenu=no', 0);
insert into "cfg_5_2".experiment_link(experiment_id, link_id) values (46, 293);
insert into "cfg_5_2".link (id, linkText, href, parentCell) values (294, E'PROTEIN View:cbp_3219', E'http://www.functionalglycomics.org:80/glycomics/GBPServlet?pageType=view&view=view&operationType=view&cbpId=cbp_3219&sideMenu=no', 0);
insert into "cfg_5_2".experiment_link(experiment_id, link_id) values (46, 294);
insert into "cfg_5_2".link (id, linkText, href, parentCell) values (295, E'Giovanna Ghirlanda', E'http://chemistry.asu.edu/faculty/g_giovanna.asp', 3);
insert into "cfg_5_2".experiment_link(experiment_id, link_id) values (46, 295);
insert into "cfg_5_2".link (id, linkText, href, parentCell) values (296, E' Glycan Array:2912', E'/glycomics/ResourceServlet?operation=viewById&resourceRequestId=cfg_rRequest_2912&View=View', 0);
insert into "cfg_5_2".experiment_link(experiment_id, link_id) values (46, 296);
insert into cfg_5_2.protocoldata (id, title, "Title", "Core", "Category", "Keyword", "Date__mm_dd_yyyy_", "Overview") values (46, E'Protocol : cfgPTC_243', E'Protocol Direct Binding', E'H', E'Lectin-Glycan Binding', E'Directly Labeled Samples', E'02/13/2009', E'Fluorescently labeled sample is diluted to an appropriate concentration in standard binding buffer (TSM, 1% BSA and 0.05% Tween 20). Seventy microliters is applied to the printed surface of the array, cover slip is applied, and incubated at room temperature in a humidified chamber away from light for one hour. The cover slip is removed and the slide is rinsed 4 times in standard TSM washing buffer containing 0.05% Tween, 4 times in TSM buffer without Tween, and 4 times in distilled water. ');
insert into "cfg_5_2".link (id, linkText, href, parentCell) values (297, E'Protocol Description (PDF)', E'http://www.functionalglycomics.org/glycomics/DFileServlet?operation=display&objType=protocol&protocolId=cfgPTC_243', null);
insert into "cfg_5_2".experiment_link(experiment_id, link_id) values (46, 297);
insert into "cfg_5_2".link (id, linkText, href, parentCell) values (298, E'<img src="/glycomics/common/images/presentation/array_inactive.jpg" alt="View Primary Screen Information" name="data_button_h_181" width="40" height="40" border="0" id="data_button_h_181">', E'http://www.functionalglycomics.org:80/glycomics/HServlet?operation=view&sideMenu=no&psId=primscreen_6428', 0);
insert into "cfg_5_2".experiment_link(experiment_id, link_id) values (46, 298);
insert into "cfg_5_2".link (id, linkText, href, parentCell) values (299, E'<img src="/glycomics/common/images/presentation/data_inactive.jpg" alt="Raw Data" name="dat_button_h_181" width="40" height="40" border="0" id="dat_button_h_181">', E'http://www.functionalglycomics.org:80/glycomics/HFileServlet?operation=downloadRawFile&fileType=DAT&sideMenu=no&objId=1006427', 1);
insert into "cfg_5_2".experiment_link(experiment_id, link_id) values (46, 299);
insert into "cfg_5_2".experiment (id, primscreen, sample_name, species, protein_family, investigator, request, date, sample_data_id, experiment_data_id, request_data_id, filename) values (46, '6428', E'E41A, E41G:CVN-E41A', E'Bacteria', E'Viral / Bacterial Lectin', E'Giovanna Ghirlanda', E'Glycan Array:2912', 'Nov 03, 17', 46, 46, 46, E'CVN_E41A_16992_v5.2_DATA.xls');


insert into cfg_5_2.sampledata (id, title, "Name", "Family", "Sub_Family", "Spec_Sci_Name", "Estimated_purity", "1001016772", "Status", "Primary_Sequence", "Comments", "-436221455") values (47, E'Glycan Binding Protein : cbp_3316', E'HA_H10N8', E'Viral / Bacterial Lectin', E'influenza hemagglutinin', E'Influenza A virus', E'HA purity >95%, the contaminants includes the heat shock protein 70 of insect cells （<2%）', E'05/06/2014', E'Not Finalized', E'>HA_H10N8_ foldon_C_t er-6xHISMK FLVNVALVFM VVYISYIYAD RAKICLGHHA
VANGTIVKTL TNEQEEVTNA TETVESTGIN RLCMKGRKHK DLGNCHPIGM LIGTPACDLH
LTGMWDTLIE RENAIAYCYP GATVNVEALR QKIMESGGIN KISTGFTYGS SINSAGTTRA
CMRNGGNSFY AELKWLVSKS KGQNFPQTTN TYRNTDTAEH LIMWGIHHPS STQEKNDLYG
TQSLSISVGS STYRNNFVPV VGARPQVNGQ SGRIDFHWTL VQPGDNITFS HNGGLIAPSR
VSKLIGRGLG IQSDAPIDNN CESKCFWRGG SINTRLPFQN LSPRTVGQCP KYVNRRSLML
ATGMRNVPEL IQGRGLFGAI AGFLENGWEG MVDGWYGFRH QNAQGTGQAA DYKSTQAAID
QITGKLNRLV EKTNTEFESI ESEFSEIEHQ IGNVINWTKD SITDIWTYQA ELLVAMENQH
TIDMADSEML NLYERVRKQL RQNAEEDGKG CFEIYHACDD SCMESIRNNT YDHSQYREEA
LLNRSLVPRG SPGSGYIPEA PRDGQAYVRK DGEWVLLSTF LGHHHHHH', E'The coding sequence of the ectodomain of HA_H10N8 was fused to GCN4(foldon) and 6xHIS coding sequences, which expresses a HA trimer. The recombinant HA was overexpressed in insect cells and purified to high homogeneity. The final product was obtained after a size-exclusion column to isolate the trimer form. We tested the binding affinity of the purified HA trimer to two synthetic glycans by Biacore. The affinities to “Neu5Ac-2-3Gal-1-4GlcNAc-1-PAA-biotin” and “6’Sialyl L acNAc-PAA-biotin” were Kd=2.4µM and Kd=70µM, respectively.', E'Insect cell expression');
insert into cfg_5_2.experimentdata (id, title, "Status", "Title", "-1100022276", "Glycan_Array_Version", "Protocol_Id", "Replicate_Number", "Result_Nature", "1505767802", "-1183338289", "-491792363", "Assay_Information", "Annotation", "1635439566", "1137989877", "-1069682899", "819836718") values (47, E'Primary Screen : primscreen_6330', E'Public', E'The purpose of this request is to analyze the H10N8 HA (ectodomain in trimeric form), which was expressed and purified from insect cells, on the glycan array.', E'cfg_rRequest_3029', E'PA_v52', E'Protocol Tertiary step', E'1', E'Data', E'200 micrograms/ml', E'06/04/2014', E'Sheng CUI', E'Sample was diluted and detected with anti-H10 antibody (polyclonal, sent by PI), followed by anti-rabbit IgG-488.', E'HA_H10N8', E'HA_H10N8', E'Download', E'Search Readout', E'Click This Link to Launch the New Flex-based Glycan Array Data Browser Tool');
insert into cfg_5_2.requestdata (id, title, "Request_ID", "Status", "Project_Description", "CFG_Member?", "Requester_First_Name", "Requester_Last_Name", "447911925", "1339104825", "Assigned_First_Name", "Assigned_Last_Name", "Requester_Email", "Request_Date", "Institution", "Shipping_Address", "Comments", "CFG_Core", "Amount_Requested", "-643239159", "2039874986", "5943919") values (47, E'cfg_rRequest_3029', E'cfg_rRequest_3029', E'Approved', E'The purpose of this request is to analyze the H10N8 HA (ectodomain in trimeric form), which was expressed and purified from insect cells, on the glycan array.', E'No', E'Sheng', E'Cui', E'Sheng', E'Cui', E'Sheng', E'CUI', E'cui.sheng@ipb.pumc.edu.cn', E'03/27/2014', E'Institute of Pathogen Biology at Peking Union Medical School', E'Building No.7&#65292; Bei Gong Da Ruan Jian Yuan, BDA, Beijing, 100176 China', E'we will ship the protein on ice to the provided address. It will take normally 2 weeks.', E'H', E'', E'A novel influenza strain H10N8 was recently isolated from a patient (died 6th DEC, 2013) in Jiangxi province, southern China. Our current data (unpublished) demonstrate that this avian influenza virus is capable of infecting human cells. Therefore, we plan to investigate the molecular basis underlying the cross-species infection by the new bird flu. Our project focuses on the interactions of human origin receptor analogs with H10N8 hemagglutinin, and avian origin receptor analogs with the hemagglutinin. We have expressed and purified the H10N8 HA ectodomain in trimeric form from insect cells. Our preliminary data from Biacore analysis shows that h10n8 HA binds both human and bird glycon receptor analogues. Therefore, we want to further investigate glycon receptors specificity of h10n8 HA using glycan array screening.', E'N', E'* 3. Identify the ligand(s) that mediate GBP binding');
insert into "cfg_5_2".link (id, linkText, href, parentCell) values (300, E'HA_H10N8:HA_H10N8', E'http://www.functionalglycomics.org:80/glycomics/GBPServlet?pageType=view&view=view&operationType=view&cbpId=cbp_3316&sideMenu=no', 0);
insert into "cfg_5_2".experiment_link(experiment_id, link_id) values (47, 300);
insert into "cfg_5_2".link (id, linkText, href, parentCell) values (301, E'PROTEIN View:cbp_3316', E'http://www.functionalglycomics.org:80/glycomics/GBPServlet?pageType=view&view=view&operationType=view&cbpId=cbp_3316&sideMenu=no', 0);
insert into "cfg_5_2".experiment_link(experiment_id, link_id) values (47, 301);
insert into "cfg_5_2".link (id, linkText, href, parentCell) values (302, E' Glycan Array:3029', E'/glycomics/ResourceServlet?operation=viewById&resourceRequestId=cfg_rRequest_3029&View=View', 0);
insert into "cfg_5_2".experiment_link(experiment_id, link_id) values (47, 302);
insert into cfg_5_2.protocoldata (id, title, "Title", "Core", "Category", "Keyword", "Date__mm_dd_yyyy_", "Overview") values (47, E'Protocol : cfgPTC_247', E'Protocol Tertiary step', E'H', E'Lectin-Glycan Binding', E'Unlabeled Sample and Unlabeled Primary (3 step)', E'02/13/2009', E'Unlabeled sample is diluted to an appropriate concentration in standard binding buffer (TSM, 1% BSA and 0.05% Tween 20).  Seventy microliters is applied to the printed surface of the array, cover slip is applied, and incubated at room temperature in a humidified chamber away from light for one hour.  The cover slip was removed and the slide is rinsed 4 times in standard TSM washing buffer containing 0.05 percent Tween and 4 times in TSM buffer without Tween. A second step is performed with seventy microliters of antibody/reagent specific for the unlabeled sample diluted in TSM binding buffer is added to the slide for one hour at room temperature in a humidified chamber away from light as described.  Washes were performed as above. A tertiary step is performed with seventy microliters of fluorescently labeled antibody/reagent to the antibody/reagent in the second step, diluted in TSM buffer for one hour in a humidified chamber away from light as described. Washes are performed as above, followed by 4 washes in distilled water. 
');
insert into "cfg_5_2".link (id, linkText, href, parentCell) values (303, E'Protocol Description (PDF)', E'http://www.functionalglycomics.org/glycomics/DFileServlet?operation=display&objType=protocol&protocolId=cfgPTC_247', null);
insert into "cfg_5_2".experiment_link(experiment_id, link_id) values (47, 303);
insert into "cfg_5_2".link (id, linkText, href, parentCell) values (304, E'<img src="/glycomics/common/images/presentation/array_inactive.jpg" alt="View Primary Screen Information" name="data_button_h_398" width="40" height="40" border="0" id="data_button_h_398">', E'http://www.functionalglycomics.org:80/glycomics/HServlet?operation=view&sideMenu=no&psId=primscreen_6330', 0);
insert into "cfg_5_2".experiment_link(experiment_id, link_id) values (47, 304);
insert into "cfg_5_2".link (id, linkText, href, parentCell) values (305, E'<img src="/glycomics/common/images/presentation/data_inactive.jpg" alt="Raw Data" name="dat_button_h_398" width="40" height="40" border="0" id="dat_button_h_398">', E'http://www.functionalglycomics.org:80/glycomics/HFileServlet?operation=downloadRawFile&fileType=DAT&sideMenu=no&objId=1006329', 1);
insert into "cfg_5_2".experiment_link(experiment_id, link_id) values (47, 305);
insert into "cfg_5_2".experiment (id, primscreen, sample_name, species, protein_family, investigator, request, date, sample_data_id, experiment_data_id, request_data_id, filename) values (47, '6330', E'HA_H10N8:HA_H10N8', E'Virus', E'Viral / Bacterial Lectin', E'Sheng CUI', E'Glycan Array:3029', 'Feb 03, 15', 47, 47, 47, E'HA_H10N8_16941_v5.2_DATA.xls');


insert into cfg_5_2.sampledata (id, title, "Name", "Complete_Name", "Family", "Sub_Family", "Spec_Sci_Name", "Estimated_purity", "1001016772", "Status", "Comments", "-436221455") values (48, E'Glycan Binding Protein : cbp_3345', E'CnMBL', E'Clitocybe nebularis mucin binding lectin', E'Plant/Fungal Lectin', E'Fungal lectin', E'Clitocybe nebularis', E'Heterogenous sample with two major bands seen on SDS-PAGE', E'07/03/2014', E'Not Finalized', E'Lectin was submited to four step serial affinity chromatography (first on Sepharose-> unbound fraction was then applied to de-O-acetylmucin-Sepharose -> unbound fraction collected and applied two times on mucin-Sepharose). Better binding to mucin compared to de-O-acetylmucin and asialomucin was confirmed by lectin blot analysis.', E'Fungal fruiting bodies');
insert into cfg_5_2.experimentdata (id, title, "Status", "Title", "-1100022276", "Glycan_Array_Version", "Protocol_Id", "Replicate_Number", "Result_Nature", "1505767802", "-1183338289", "-491792363", "Assay_Information", "Annotation", "1635439566", "1137989877", "-1069682899", "819836718") values (48, E'Primary Screen : primscreen_6303', E'Public', E'The purpose of this request is to perform the analysis of 2 lectins from Clitocybe nebularis (CnMBL) and 1 from Armillaria borealis (AbMBL) on the glycan array.', E'cfg_rRequest_3080', E'PA_v52', E'Protocol Biotinylated Samples', E'1', E'Data', E'200 micrograms/ml', E'07/16/2014', E'Janko Kos', E'Sample was diluted in PBS pH 7.4 + 1% BSA and detected with AF488-labeled streptavidin.', E'CnMBL', E'CnMBL', E'Download', E'Search Readout', E'Click This Link to Launch the New Flex-based Glycan Array Data Browser Tool');
insert into cfg_5_2.requestdata (id, title, "Request_ID", "Status", "Project_Description", "CFG_Member?", "Requester_First_Name", "Requester_Last_Name", "447911925", "1339104825", "Assigned_First_Name", "Assigned_Last_Name", "Requester_Email", "Request_Date", "Institution", "Shipping_Address", "CFG_Core", "Resource_Type", "Amount_Requested", "-643239159", "2039874986", "-1235327866", "GBP_being_Addressed", "5943919") values (48, E'cfg_rRequest_3080', E'cfg_rRequest_3080', E'Approved', E'The purpose of this request is to perform the analysis of 2 lectins from Clitocybe nebularis (CnMBL) and 1 from Armillaria borealis (AbMBL) on the glycan array.', E'No', E'simon', E'žurga', E'Janko', E'Kos', E'Janko', E'Kos', E'simon.zurga@ijs.si', E'06/10/2014', E'Jožef Stefan Institute', E'Jamova cesta 39, 1000 Ljubljana, Slovenia, Europe', E'H', E'MicroArray', E'', E'We isolated two mucin binding proteins from edible mushrooms. One was isolated from Clitocybe nebularis (designated CnMBL) and the other from Armillaria borealis (designated AbMBL). Both bind well to mucin but CnMBL has better selectivity for mucin comapred to AbMBL. The exact binding specificity of both proteins would enable us to desing future experiment and relate that data to the effects of lectins. Lectins are both isolates with a molecular mass of approximately 16 kDA.', E'Y', E'Simon Žurga', E'Lectins will be biotynilated prior to sending.', E'* 1. Define the specificity and affinity for carbohydrate ligands');
insert into "cfg_5_2".link (id, linkText, href, parentCell) values (306, E'CnMBL:CnMBL', E'http://www.functionalglycomics.org:80/glycomics/GBPServlet?pageType=view&view=view&operationType=view&cbpId=cbp_3345&sideMenu=no', 0);
insert into "cfg_5_2".experiment_link(experiment_id, link_id) values (48, 306);
insert into "cfg_5_2".link (id, linkText, href, parentCell) values (307, E'PROTEIN View:cbp_3345', E'http://www.functionalglycomics.org:80/glycomics/GBPServlet?pageType=view&view=view&operationType=view&cbpId=cbp_3345&sideMenu=no', 0);
insert into "cfg_5_2".experiment_link(experiment_id, link_id) values (48, 307);
insert into "cfg_5_2".link (id, linkText, href, parentCell) values (308, E' Glycan Array:3080', E'/glycomics/ResourceServlet?operation=viewById&resourceRequestId=cfg_rRequest_3080&View=View', 0);
insert into "cfg_5_2".experiment_link(experiment_id, link_id) values (48, 308);
insert into cfg_5_2.protocoldata (id, title, "Title", "Core", "Category", "Keyword", "Date__mm_dd_yyyy_", "Overview") values (48, E'Protocol : cfgPTC_242', E'Protocol Biotinylated Samples', E'H', E'Lectin-Glycan Binding', E'Biotinylated Samples', E'02/13/2009', E'Biotinylated sample is diluted to an appropriate concentration in standard binding buffer (TSM, 1% BSA and 0.05% Tween 20).  Seventy microliters is applied to the printed surface of the array, cover slip is applied, and incubated at room temperature in a humidified chamber away from light for one hour. The cover slip is removed and the slide is rinsed 4 times in standard TSM washing buffer containing 0.05% Tween and 4 times in TSM buffer without Tween.  Seventy microliters of fluorescently labeled streptavidin in standard TSM binding buffer is added to the slide for one hour at room temperature in a humidified chamber away from light as described.  Washes are performed as above, followed by 4 washes in distilled water. 
');
insert into "cfg_5_2".link (id, linkText, href, parentCell) values (309, E'Protocol Description (PDF)', E'http://www.functionalglycomics.org/glycomics/DFileServlet?operation=display&objType=protocol&protocolId=cfgPTC_242', null);
insert into "cfg_5_2".experiment_link(experiment_id, link_id) values (48, 309);
insert into "cfg_5_2".link (id, linkText, href, parentCell) values (310, E'<img src="/glycomics/common/images/presentation/array_inactive.jpg" alt="View Primary Screen Information" name="data_button_h_400" width="40" height="40" border="0" id="data_button_h_400">', E'http://www.functionalglycomics.org:80/glycomics/HServlet?operation=view&sideMenu=no&psId=primscreen_6303', 0);
insert into "cfg_5_2".experiment_link(experiment_id, link_id) values (48, 310);
insert into "cfg_5_2".link (id, linkText, href, parentCell) values (311, E'<img src="/glycomics/common/images/presentation/data_inactive.jpg" alt="Raw Data" name="dat_button_h_400" width="40" height="40" border="0" id="dat_button_h_400">', E'http://www.functionalglycomics.org:80/glycomics/HFileServlet?operation=downloadRawFile&fileType=DAT&sideMenu=no&objId=1006302', 1);
insert into "cfg_5_2".experiment_link(experiment_id, link_id) values (48, 311);
insert into "cfg_5_2".experiment (id, primscreen, sample_name, species, protein_family, investigator, request, date, sample_data_id, experiment_data_id, request_data_id, filename) values (48, '6303', E'CnMBL:CnMBL', E'Fungus', E'Plant/Fungal Lectin', E'Janko Kos', E'Glycan Array:3080', 'Feb 03, 15', 48, 48, 48, E'CnMBL_16967_v5.2_DATA.xls');


insert into cfg_5_2.sampledata (id, title, "Name", "Complete_Name", "Family", "Sub_Family", "Spec_Sci_Name", "Estimated_purity", "1001016772", "Status", "Comments", "-436221455") values (49, E'Glycan Binding Protein : cbp_3345', E'CnMBL', E'Clitocybe nebularis mucin binding lectin', E'Plant/Fungal Lectin', E'Fungal lectin', E'Clitocybe nebularis', E'Heterogenous sample with two major bands seen on SDS-PAGE', E'07/03/2014', E'Not Finalized', E'Lectin was submited to four step serial affinity chromatography (first on Sepharose-> unbound fraction was then applied to de-O-acetylmucin-Sepharose -> unbound fraction collected and applied two times on mucin-Sepharose). Better binding to mucin compared to de-O-acetylmucin and asialomucin was confirmed by lectin blot analysis.', E'Fungal fruiting bodies');
insert into cfg_5_2.experimentdata (id, title, "Status", "Title", "-1100022276", "Glycan_Array_Version", "Protocol_Id", "Replicate_Number", "Result_Nature", "1505767802", "-1183338289", "-491792363", "Assay_Information", "Annotation", "1635439566", "1137989877", "-1069682899", "819836718") values (49, E'Primary Screen : primscreen_6305', E'Public', E'The purpose of this request is to perform the analysis of 2 lectins from Clitocybe nebularis (CnMBL) and 1 from Armillaria borealis (AbMBL) on the glycan array.', E'cfg_rRequest_3080', E'PA_v52', E'Protocol Biotinylated Samples', E'1', E'Data', E'50 micrograms/ml', E'07/21/2014', E'Janko Kos', E'Sample was diluted in PBS pH 7.4 + 1% BSA and detected with AF488-labeled streptavidin.', E'CnMBL', E'CnMBL', E'Download', E'Search Readout', E'Click This Link to Launch the New Flex-based Glycan Array Data Browser Tool');
insert into cfg_5_2.requestdata (id, title, "Request_ID", "Status", "Project_Description", "CFG_Member?", "Requester_First_Name", "Requester_Last_Name", "447911925", "1339104825", "Assigned_First_Name", "Assigned_Last_Name", "Requester_Email", "Request_Date", "Institution", "Shipping_Address", "CFG_Core", "Resource_Type", "Amount_Requested", "-643239159", "2039874986", "-1235327866", "GBP_being_Addressed", "5943919") values (49, E'cfg_rRequest_3080', E'cfg_rRequest_3080', E'Approved', E'The purpose of this request is to perform the analysis of 2 lectins from Clitocybe nebularis (CnMBL) and 1 from Armillaria borealis (AbMBL) on the glycan array.', E'No', E'simon', E'žurga', E'Janko', E'Kos', E'Janko', E'Kos', E'simon.zurga@ijs.si', E'06/10/2014', E'Jožef Stefan Institute', E'Jamova cesta 39, 1000 Ljubljana, Slovenia, Europe', E'H', E'MicroArray', E'', E'We isolated two mucin binding proteins from edible mushrooms. One was isolated from Clitocybe nebularis (designated CnMBL) and the other from Armillaria borealis (designated AbMBL). Both bind well to mucin but CnMBL has better selectivity for mucin comapred to AbMBL. The exact binding specificity of both proteins would enable us to desing future experiment and relate that data to the effects of lectins. Lectins are both isolates with a molecular mass of approximately 16 kDA.', E'Y', E'Simon Žurga', E'Lectins will be biotynilated prior to sending.', E'* 1. Define the specificity and affinity for carbohydrate ligands');
insert into "cfg_5_2".link (id, linkText, href, parentCell) values (312, E'CnMBL:CnMBL', E'http://www.functionalglycomics.org:80/glycomics/GBPServlet?pageType=view&view=view&operationType=view&cbpId=cbp_3345&sideMenu=no', 0);
insert into "cfg_5_2".experiment_link(experiment_id, link_id) values (49, 312);
insert into "cfg_5_2".link (id, linkText, href, parentCell) values (313, E'PROTEIN View:cbp_3345', E'http://www.functionalglycomics.org:80/glycomics/GBPServlet?pageType=view&view=view&operationType=view&cbpId=cbp_3345&sideMenu=no', 0);
insert into "cfg_5_2".experiment_link(experiment_id, link_id) values (49, 313);
insert into "cfg_5_2".link (id, linkText, href, parentCell) values (314, E' Glycan Array:3080', E'/glycomics/ResourceServlet?operation=viewById&resourceRequestId=cfg_rRequest_3080&View=View', 0);
insert into "cfg_5_2".experiment_link(experiment_id, link_id) values (49, 314);
insert into cfg_5_2.protocoldata (id, title, "Title", "Core", "Category", "Keyword", "Date__mm_dd_yyyy_", "Overview") values (49, E'Protocol : cfgPTC_242', E'Protocol Biotinylated Samples', E'H', E'Lectin-Glycan Binding', E'Biotinylated Samples', E'02/13/2009', E'Biotinylated sample is diluted to an appropriate concentration in standard binding buffer (TSM, 1% BSA and 0.05% Tween 20).  Seventy microliters is applied to the printed surface of the array, cover slip is applied, and incubated at room temperature in a humidified chamber away from light for one hour. The cover slip is removed and the slide is rinsed 4 times in standard TSM washing buffer containing 0.05% Tween and 4 times in TSM buffer without Tween.  Seventy microliters of fluorescently labeled streptavidin in standard TSM binding buffer is added to the slide for one hour at room temperature in a humidified chamber away from light as described.  Washes are performed as above, followed by 4 washes in distilled water. 
');
insert into "cfg_5_2".link (id, linkText, href, parentCell) values (315, E'Protocol Description (PDF)', E'http://www.functionalglycomics.org/glycomics/DFileServlet?operation=display&objType=protocol&protocolId=cfgPTC_242', null);
insert into "cfg_5_2".experiment_link(experiment_id, link_id) values (49, 315);
insert into "cfg_5_2".link (id, linkText, href, parentCell) values (316, E'<img src="/glycomics/common/images/presentation/array_inactive.jpg" alt="View Primary Screen Information" name="data_button_h_401" width="40" height="40" border="0" id="data_button_h_401">', E'http://www.functionalglycomics.org:80/glycomics/HServlet?operation=view&sideMenu=no&psId=primscreen_6305', 0);
insert into "cfg_5_2".experiment_link(experiment_id, link_id) values (49, 316);
insert into "cfg_5_2".link (id, linkText, href, parentCell) values (317, E'<img src="/glycomics/common/images/presentation/data_inactive.jpg" alt="Raw Data" name="dat_button_h_401" width="40" height="40" border="0" id="dat_button_h_401">', E'http://www.functionalglycomics.org:80/glycomics/HFileServlet?operation=downloadRawFile&fileType=DAT&sideMenu=no&objId=1006304', 1);
insert into "cfg_5_2".experiment_link(experiment_id, link_id) values (49, 317);
insert into "cfg_5_2".experiment (id, primscreen, sample_name, species, protein_family, investigator, request, date, sample_data_id, experiment_data_id, request_data_id, filename) values (49, '6305', E'CnMBL:CnMBL', E'Fungus', E'Plant/Fungal Lectin', E'Janko Kos', E'Glycan Array:3080', 'Feb 03, 15', 49, 49, 49, E'CnMBL_16971_50ug_v5.2_DATA.xls');


insert into cfg_5_2.sampledata (id, title, "Name", "Family", "Sub_Family", "Spec_Sci_Name", "Estimated_purity", "Mutation_Chimera", "1001016772", "Status", "Primary_Sequence", "Comments", "-436221455", "Gen_Bank") values (50, E'Glycan Binding Protein : cbp_3331', E'RBMC1', E'Viral / Bacterial Lectin', E'Beta-prism lectin', E'Vibrio cholerae', E'>95% pure', E'Fragment of larger protein fused to GFPuv', E'05/27/2014', E'Not Finalized', E'QQSQRVVTAD NLMYLRSGFA IDAIGTTVNN LVGGPVQGTN GGVLRAPIAL DQLQSVEVTS
GLYNWGGYHI VAIKFTMKDG SSVLLGSTHY ASNKKVETYT VPQGKRIKQI NVWTGGWLVE
GFQFVY', E'Predicted first beta-prism lectin domain from the V. cholerae biofilm protein RBMC. Confirmed binding to monosaccharide and glycoprotein by ITC.', E'Purified from E. coli', E'GenBank:WP_001942699.1');
insert into cfg_5_2.experimentdata (id, title, "Status", "Title", "-1100022276", "Glycan_Array_Version", "Protocol_Id", "Replicate_Number", "Result_Nature", "1505767802", "-1183338289", "-491792363", "Assay_Information", "Annotation", "1635439566", "1137989877", "-1069682899", "819836718") values (50, E'Primary Screen : primscreen_6315', E'Public', E'The purpose of this request is to perform the analysis of predicted lectin domains of V. cholerae on the glycan array.', E'cfg_rRequest_3056', E'PA_v52', E'Protocol Direct Binding', E'1', E'Data', E'180 micrograms/ml', E'06/11/2014', E'Rich Olson', E'Sample was diluted 10:1 with 10% BSA and was directly labeled with AF488.', E'RBMC1', E'RBMC1', E'Download', E'Search Readout', E'Click This Link to Launch the New Flex-based Glycan Array Data Browser Tool');
insert into cfg_5_2.requestdata (id, title, "Request_ID", "Status", "Project_Description", "CFG_Member?", "Requester_First_Name", "Requester_Last_Name", "447911925", "1339104825", "Assigned_First_Name", "Assigned_Last_Name", "Requester_Email", "Request_Date", "Institution", "Shipping_Address", "CFG_Core", "Resource_Type", "Amount_Requested", "-1475790216", "-643239159", "2039874986", "-1235327866", "GBP_being_Addressed", "5943919") values (50, E'cfg_rRequest_3056', E'cfg_rRequest_3056', E'Approved', E'The purpose of this request is to perform the analysis of predicted lectin domains of V. cholerae on the glycan array.', E'No', E'Rich', E'Olson', E'Rich', E'Olson', E'Rich', E'Olson', E'rolson@wesleyan.edu', E'05/04/2014', E'Wesleyan University', E'224 Hall-Atwater 52 Lawn Ave. Wesleyan University Middletown, CT 06459', E'H', E'MicroArray', E'', E'05/15/2014', E'We are requesting glycan screening for two predicted lectin domains from a biofilm protein produced by the human pathogen, Vibrio cholerae. Previously, it has been found that rugosity and biofilm structure modulator C (RbmC) is an essential protein in the formation of the cholera biofilm, along with other proteins, such as RbmA and biofilm associated protein 1 (Bap1). RbmC contains two lectin domains predicted to contain a beta-prism type fold. Recently, we characterized a similar domain from a toxin produced by V. cholerae (V. cholerae cytolysin) and found that it binds complex N-glycans on the cell surface. The goal of this screen is to investigate the selectivity of the RbmC lectin domains, giving possible targets for biofilm disruption in the host. We propose to do this by labeling both purified domains with Alexa Fluor 488 as we have done successfully in several screens with the help of the CFG. We have already expressed both domains as independent, soluble constructs and confirmed that they have carbohydrate-binding activity to small monosaccharides. We expect that investigating the glycan-binding selectivity of the two RbmC domains will offer clues to how biofilm proteins bind to cell surfaces and provide information about how these domains relate to the beta-prism domain of VCC.', E'Y', E'Rich Olson', E'Amine coupling with Alexafluor 488', E'* 1. Define the specificity and affinity for carbohydrate ligands * 5. Determine the structures of selected GBPs');
insert into "cfg_5_2".link (id, linkText, href, parentCell) values (318, E'RBMC1:RBMC1', E'http://www.functionalglycomics.org:80/glycomics/GBPServlet?pageType=view&view=view&operationType=view&cbpId=cbp_3331&sideMenu=no', 0);
insert into "cfg_5_2".experiment_link(experiment_id, link_id) values (50, 318);
insert into "cfg_5_2".link (id, linkText, href, parentCell) values (319, E'PROTEIN View:cbp_3331', E'http://www.functionalglycomics.org:80/glycomics/GBPServlet?pageType=view&view=view&operationType=view&cbpId=cbp_3331&sideMenu=no', 0);
insert into "cfg_5_2".experiment_link(experiment_id, link_id) values (50, 319);
insert into "cfg_5_2".link (id, linkText, href, parentCell) values (320, E'Rich Olson', E'http://www.wesleyan.edu/templates/dept/mobb/skeleton_faculty.htt?function=f1&department=MOBB&faculty=rolson', 3);
insert into "cfg_5_2".experiment_link(experiment_id, link_id) values (50, 320);
insert into "cfg_5_2".link (id, linkText, href, parentCell) values (321, E' Glycan Array:3056', E'/glycomics/ResourceServlet?operation=viewById&resourceRequestId=cfg_rRequest_3056&View=View', 0);
insert into "cfg_5_2".experiment_link(experiment_id, link_id) values (50, 321);
insert into cfg_5_2.protocoldata (id, title, "Title", "Core", "Category", "Keyword", "Date__mm_dd_yyyy_", "Overview") values (50, E'Protocol : cfgPTC_243', E'Protocol Direct Binding', E'H', E'Lectin-Glycan Binding', E'Directly Labeled Samples', E'02/13/2009', E'Fluorescently labeled sample is diluted to an appropriate concentration in standard binding buffer (TSM, 1% BSA and 0.05% Tween 20). Seventy microliters is applied to the printed surface of the array, cover slip is applied, and incubated at room temperature in a humidified chamber away from light for one hour. The cover slip is removed and the slide is rinsed 4 times in standard TSM washing buffer containing 0.05% Tween, 4 times in TSM buffer without Tween, and 4 times in distilled water. ');
insert into "cfg_5_2".link (id, linkText, href, parentCell) values (322, E'Protocol Description (PDF)', E'http://www.functionalglycomics.org/glycomics/DFileServlet?operation=display&objType=protocol&protocolId=cfgPTC_243', null);
insert into "cfg_5_2".experiment_link(experiment_id, link_id) values (50, 322);
insert into "cfg_5_2".link (id, linkText, href, parentCell) values (323, E'<img src="/glycomics/common/images/presentation/array_inactive.jpg" alt="View Primary Screen Information" name="data_button_h_402" width="40" height="40" border="0" id="data_button_h_402">', E'http://www.functionalglycomics.org:80/glycomics/HServlet?operation=view&sideMenu=no&psId=primscreen_6315', 0);
insert into "cfg_5_2".experiment_link(experiment_id, link_id) values (50, 323);
insert into "cfg_5_2".link (id, linkText, href, parentCell) values (324, E'<img src="/glycomics/common/images/presentation/data_inactive.jpg" alt="Raw Data" name="dat_button_h_402" width="40" height="40" border="0" id="dat_button_h_402">', E'http://www.functionalglycomics.org:80/glycomics/HFileServlet?operation=downloadRawFile&fileType=DAT&sideMenu=no&objId=1006314', 1);
insert into "cfg_5_2".experiment_link(experiment_id, link_id) values (50, 324);
insert into "cfg_5_2".experiment (id, primscreen, sample_name, species, protein_family, investigator, request, date, sample_data_id, experiment_data_id, request_data_id, filename) values (50, '6315', E'RBMC1:RBMC1', E'Bacteria', E'Viral / Bacterial Lectin', E'Rich Olson', E'Glycan Array:3056', 'Feb 03, 15', 50, 50, 50, E'RBMC1_16961_v5.2_DATA.xls');


insert into cfg_5_2.sampledata (id, title, "Name", "Family", "Sub_Family", "Spec_Sci_Name", "Estimated_purity", "Mutation_Chimera", "1001016772", "Status", "Primary_Sequence", "Comments", "-436221455", "Gen_Bank") values (51, E'Glycan Binding Protein : cbp_3332', E'RBMC2', E'Viral / Bacterial Lectin', E'Beta-prism lectin', E'Vibrio cholerae', E'>95% pure', E'Fragment of larger protein fused to GFPuv', E'05/27/2014', E'Not Finalized', E'KISVRSGFAI DAIGASASTL VGGTGGNLNA AVNVKDIKAI DLTWGKYYWG GYHLLALDFR
MSNGSVISMG SKNYAYSKQT ERFTVPAGSR IKGIKAWTAG WLLDGVQFEL A', E'Second predicted beta-prism domain from V. cholerae biofilm protein RBMC. Monosaccharide and glycoprotein binding confirmed by ITC.', E'Purified from E. coli', E'GenBank:WP_001942699.1');
insert into cfg_5_2.experimentdata (id, title, "Status", "Title", "-1100022276", "Glycan_Array_Version", "Protocol_Id", "Replicate_Number", "Result_Nature", "1505767802", "-1183338289", "-491792363", "Assay_Information", "Annotation", "1635439566", "1137989877", "-1069682899", "819836718") values (51, E'Primary Screen : primscreen_6316', E'Public', E'The purpose of this request is to perform the analysis of predicted lectin domains of V. cholerae on the glycan array.', E'cfg_rRequest_3056', E'PA_v52', E'Protocol Direct Binding', E'1', E'Data', E'180 micrograms/ml', E'06/11/2014', E'Rich Olson', E'Sample was diluted 10:1 with 10% BSA and was directly labeled with AF488.', E'RBMC2', E'RBMC2', E'Download', E'Search Readout', E'Click This Link to Launch the New Flex-based Glycan Array Data Browser Tool');
insert into cfg_5_2.requestdata (id, title, "Request_ID", "Status", "Project_Description", "CFG_Member?", "Requester_First_Name", "Requester_Last_Name", "447911925", "1339104825", "Assigned_First_Name", "Assigned_Last_Name", "Requester_Email", "Request_Date", "Institution", "Shipping_Address", "CFG_Core", "Resource_Type", "Amount_Requested", "-1475790216", "-643239159", "2039874986", "-1235327866", "GBP_being_Addressed", "5943919") values (51, E'cfg_rRequest_3056', E'cfg_rRequest_3056', E'Approved', E'The purpose of this request is to perform the analysis of predicted lectin domains of V. cholerae on the glycan array.', E'No', E'Rich', E'Olson', E'Rich', E'Olson', E'Rich', E'Olson', E'rolson@wesleyan.edu', E'05/04/2014', E'Wesleyan University', E'224 Hall-Atwater 52 Lawn Ave. Wesleyan University Middletown, CT 06459', E'H', E'MicroArray', E'', E'05/15/2014', E'We are requesting glycan screening for two predicted lectin domains from a biofilm protein produced by the human pathogen, Vibrio cholerae. Previously, it has been found that rugosity and biofilm structure modulator C (RbmC) is an essential protein in the formation of the cholera biofilm, along with other proteins, such as RbmA and biofilm associated protein 1 (Bap1). RbmC contains two lectin domains predicted to contain a beta-prism type fold. Recently, we characterized a similar domain from a toxin produced by V. cholerae (V. cholerae cytolysin) and found that it binds complex N-glycans on the cell surface. The goal of this screen is to investigate the selectivity of the RbmC lectin domains, giving possible targets for biofilm disruption in the host. We propose to do this by labeling both purified domains with Alexa Fluor 488 as we have done successfully in several screens with the help of the CFG. We have already expressed both domains as independent, soluble constructs and confirmed that they have carbohydrate-binding activity to small monosaccharides. We expect that investigating the glycan-binding selectivity of the two RbmC domains will offer clues to how biofilm proteins bind to cell surfaces and provide information about how these domains relate to the beta-prism domain of VCC.', E'Y', E'Rich Olson', E'Amine coupling with Alexafluor 488', E'* 1. Define the specificity and affinity for carbohydrate ligands * 5. Determine the structures of selected GBPs');
insert into "cfg_5_2".link (id, linkText, href, parentCell) values (325, E'RBMC2:RBMC2', E'http://www.functionalglycomics.org:80/glycomics/GBPServlet?pageType=view&view=view&operationType=view&cbpId=cbp_3332&sideMenu=no', 0);
insert into "cfg_5_2".experiment_link(experiment_id, link_id) values (51, 325);
insert into "cfg_5_2".link (id, linkText, href, parentCell) values (326, E'PROTEIN View:cbp_3332', E'http://www.functionalglycomics.org:80/glycomics/GBPServlet?pageType=view&view=view&operationType=view&cbpId=cbp_3332&sideMenu=no', 0);
insert into "cfg_5_2".experiment_link(experiment_id, link_id) values (51, 326);
insert into "cfg_5_2".link (id, linkText, href, parentCell) values (327, E'Rich Olson', E'http://www.wesleyan.edu/templates/dept/mobb/skeleton_faculty.htt?function=f1&department=MOBB&faculty=rolson', 3);
insert into "cfg_5_2".experiment_link(experiment_id, link_id) values (51, 327);
insert into "cfg_5_2".link (id, linkText, href, parentCell) values (328, E' Glycan Array:3056', E'/glycomics/ResourceServlet?operation=viewById&resourceRequestId=cfg_rRequest_3056&View=View', 0);
insert into "cfg_5_2".experiment_link(experiment_id, link_id) values (51, 328);
insert into cfg_5_2.protocoldata (id, title, "Title", "Core", "Category", "Keyword", "Date__mm_dd_yyyy_", "Overview") values (51, E'Protocol : cfgPTC_243', E'Protocol Direct Binding', E'H', E'Lectin-Glycan Binding', E'Directly Labeled Samples', E'02/13/2009', E'Fluorescently labeled sample is diluted to an appropriate concentration in standard binding buffer (TSM, 1% BSA and 0.05% Tween 20). Seventy microliters is applied to the printed surface of the array, cover slip is applied, and incubated at room temperature in a humidified chamber away from light for one hour. The cover slip is removed and the slide is rinsed 4 times in standard TSM washing buffer containing 0.05% Tween, 4 times in TSM buffer without Tween, and 4 times in distilled water. ');
insert into "cfg_5_2".link (id, linkText, href, parentCell) values (329, E'Protocol Description (PDF)', E'http://www.functionalglycomics.org/glycomics/DFileServlet?operation=display&objType=protocol&protocolId=cfgPTC_243', null);
insert into "cfg_5_2".experiment_link(experiment_id, link_id) values (51, 329);
insert into "cfg_5_2".link (id, linkText, href, parentCell) values (330, E'<img src="/glycomics/common/images/presentation/array_inactive.jpg" alt="View Primary Screen Information" name="data_button_h_403" width="40" height="40" border="0" id="data_button_h_403">', E'http://www.functionalglycomics.org:80/glycomics/HServlet?operation=view&sideMenu=no&psId=primscreen_6316', 0);
insert into "cfg_5_2".experiment_link(experiment_id, link_id) values (51, 330);
insert into "cfg_5_2".link (id, linkText, href, parentCell) values (331, E'<img src="/glycomics/common/images/presentation/data_inactive.jpg" alt="Raw Data" name="dat_button_h_403" width="40" height="40" border="0" id="dat_button_h_403">', E'http://www.functionalglycomics.org:80/glycomics/HFileServlet?operation=downloadRawFile&fileType=DAT&sideMenu=no&objId=1006315', 1);
insert into "cfg_5_2".experiment_link(experiment_id, link_id) values (51, 331);
insert into "cfg_5_2".experiment (id, primscreen, sample_name, species, protein_family, investigator, request, date, sample_data_id, experiment_data_id, request_data_id, filename) values (51, '6316', E'RBMC2:RBMC2', E'Bacteria', E'Viral / Bacterial Lectin', E'Rich Olson', E'Glycan Array:3056', 'Feb 03, 15', 51, 51, 51, E'RBMC2_16962_v5.2_DATA.xls');


insert into cfg_5_2.sampledata (id, title, "-782475580", "65299273", "2119431185", "27291108", "-546303161", "473641455", "1281541380", "1799653750", "-1790003555", "-1585180357", "75611650", "Adjuvant", "953343693", "-1051843856", "-1801243311", "-1020686480", "-188920193", "Condition_of_storage", "-861196869", "207605457", "-728300322", "-677687632") values (52, E'Sample Information : CL1296_3466', E'CL1296', E'Polyclonal - from fecal material', E'IgA', E'IgA1 & 2', E'Human', E'N/A', E'N/A', E'N/A', E'N/A', E'N/A', E'N/A', E'N/A', E'N/A', E'N/A', E'N/A', E'N/A', E'No Dilution', E'Frozen, -80C', E'04/2012', E'Centrifugation', E'ELISA', E'N/A');
insert into cfg_5_2.experimentdata (id, title, "Status", "Title", "-1100022276", "Glycan_Array_Version", "Protocol_Id", "Replicate_Number", "Result_Nature", "1505767802", "-1183338289", "-491792363", "Assay_Information", "Annotation", "-786589929", "1137989877", "-1069682899", "819836718") values (52, E'Primary Screen : primscreen_6312', E'Public', E'The purpose of this request is to analyze secretory IgA from fecal material on the glycan array.', E'cfg_rRequest_3050', E'PA_v52', E'Protocol Tertiary step', E'1', E'Data', E'25 micrograms/ml', E'06/09/2014', E'Lewis Pannell', E'Sample was diluted in binding buffer and detected with anti-Human IgA-biotin antibody (sent by PI, used at 5 ug/ml in binding buffer) followed by detection with Alexa488-labeled Streptavidin (5 ug/ml).', E'1296 Antibody', E'CL1296_3466', E'Download', E'Search Readout', E'Click This Link to Launch the New Flex-based Glycan Array Data Browser Tool');
insert into cfg_5_2.requestdata (id, title, "Request_ID", "Status", "Project_Description", "CFG_Member?", "Requester_First_Name", "Requester_Last_Name", "447911925", "1339104825", "Assigned_First_Name", "Assigned_Last_Name", "Requester_Email", "Request_Date", "Institution", "Shipping_Address", "Comments", "CFG_Core", "Resource_Type", "Material_Requested", "Amount_Requested", "-643239159", "2039874986", "-1235327866", "GBP_being_Addressed", "5943919") values (52, E'cfg_rRequest_3050', E'cfg_rRequest_3050', E'Approved', E'The purpose of this request is to analyze secretory IgA from fecal material on the glycan array.', E'No', E'Joseph', E'Otto', E'Lewis', E'Pannell', E'Lewis', E'Pannell', E'jjo1201@jagmail.southalabama.edu', E'04/22/2014', E'University of South Alabama Mitchell Cancer Institute', E'N/A Protein-Glycan Interaction Core (formerly Core H)', E'Our lab focuses on biomarker discovery using mass spectrometry.', E'H', E'MicroArray', E'N/A', E'N/A', E'Cancer tissues can produce proteins with aberrant post-translational modifications in the form of glycans. We aim to explore the glycan binding potential of secretory IgA from fecal material. Antibodies have been shown in the past to bind glycans as specific cancer antigen, Muc16 (CA125) is an example. Proteomic analysis of patient samples has shown IgA to be the major component. We hope that by using a locally produced antibody, we can identify glycans associated with cancer for further investigation. We would like to start with a total of 6 samples: 2 from control patients, 2 from patients with adenomas, and 2 from colon cancer patients. We predict a difference in glycan binding profiles between healthy and diseased patient samples.', E'Y', E'David Smith, Core H Director', E'The antibody in these samples is secretory IgA from the human GI system. A secondary antibody against human IgA will need to be used for detection. Antibodies have been shown in the past to bind glycans as specific cancer antigen, Muc16 (CA125) is an example.', E'* 1. Define the specificity and affinity for carbohydrate ligands');
insert into "cfg_5_2".link (id, linkText, href, parentCell) values (332, E'SAMPLE View : CL1296_3466', E'http://www.functionalglycomics.org/glycomics/SampleServlet?pageType=view&templateKey=18&key=3466&rrid=cfg_rRequest_3050&operationType=view', 0);
insert into "cfg_5_2".experiment_link(experiment_id, link_id) values (52, 332);
insert into "cfg_5_2".link (id, linkText, href, parentCell) values (333, E' Glycan Array:3050', E'/glycomics/ResourceServlet?operation=viewById&resourceRequestId=cfg_rRequest_3050&View=View', 0);
insert into "cfg_5_2".experiment_link(experiment_id, link_id) values (52, 333);
insert into cfg_5_2.protocoldata (id, title, "Title", "Core", "Category", "Keyword", "Date__mm_dd_yyyy_", "Overview") values (52, E'Protocol : cfgPTC_247', E'Protocol Tertiary step', E'H', E'Lectin-Glycan Binding', E'Unlabeled Sample and Unlabeled Primary (3 step)', E'02/13/2009', E'Unlabeled sample is diluted to an appropriate concentration in standard binding buffer (TSM, 1% BSA and 0.05% Tween 20).  Seventy microliters is applied to the printed surface of the array, cover slip is applied, and incubated at room temperature in a humidified chamber away from light for one hour.  The cover slip was removed and the slide is rinsed 4 times in standard TSM washing buffer containing 0.05 percent Tween and 4 times in TSM buffer without Tween. A second step is performed with seventy microliters of antibody/reagent specific for the unlabeled sample diluted in TSM binding buffer is added to the slide for one hour at room temperature in a humidified chamber away from light as described.  Washes were performed as above. A tertiary step is performed with seventy microliters of fluorescently labeled antibody/reagent to the antibody/reagent in the second step, diluted in TSM buffer for one hour in a humidified chamber away from light as described. Washes are performed as above, followed by 4 washes in distilled water. 
');
insert into "cfg_5_2".link (id, linkText, href, parentCell) values (334, E'Protocol Description (PDF)', E'http://www.functionalglycomics.org/glycomics/DFileServlet?operation=display&objType=protocol&protocolId=cfgPTC_247', null);
insert into "cfg_5_2".experiment_link(experiment_id, link_id) values (52, 334);
insert into "cfg_5_2".link (id, linkText, href, parentCell) values (335, E'<img src="/glycomics/common/images/presentation/array_inactive.jpg" alt="View Primary Screen Information" name="data_button_h_404" width="40" height="40" border="0" id="data_button_h_404">', E'http://www.functionalglycomics.org:80/glycomics/HServlet?operation=view&sideMenu=no&psId=primscreen_6312', 0);
insert into "cfg_5_2".experiment_link(experiment_id, link_id) values (52, 335);
insert into "cfg_5_2".link (id, linkText, href, parentCell) values (336, E'<img src="/glycomics/common/images/presentation/data_inactive.jpg" alt="Raw Data" name="dat_button_h_404" width="40" height="40" border="0" id="dat_button_h_404">', E'http://www.functionalglycomics.org:80/glycomics/HFileServlet?operation=downloadRawFile&fileType=DAT&sideMenu=no&objId=1006311', 1);
insert into "cfg_5_2".experiment_link(experiment_id, link_id) values (52, 336);
insert into "cfg_5_2".experiment (id, primscreen, sample_name, species, protein_family, investigator, request, date, sample_data_id, experiment_data_id, request_data_id, filename) values (52, '6312', E'1296 Antibody:1296 Antibody', E'Not Applicable', E'Not Applicable', E'Lewis Pannell', E'Glycan Array:3050', 'Feb 03, 15', 52, 52, 52, E'1296_16958_v5.2_DATA.xls');


insert into cfg_5_2.sampledata (id, title, "-782475580", "65299273", "2119431185", "27291108", "-546303161", "473641455", "1281541380", "1799653750", "-1790003555", "-1585180357", "75611650", "Adjuvant", "953343693", "-1051843856", "-1801243311", "-1020686480", "-188920193", "Condition_of_storage", "-861196869", "207605457", "-728300322", "-677687632") values (53, E'Sample Information : CL1269_3467', E'CL1269', E'Polyclonal - from fecal material', E'IgA', E'IgA1 & 2', E'Human', E'N/A', E'N/A', E'N/A', E'N/A', E'N/A', E'N/A', E'N/A', E'N/A', E'N/A', E'N/A', E'N/A', E'1:5 in PBS', E'Frozen, -80C', E'04/2012', E'Centrifugation', E'ELISA', E'N/A');
insert into cfg_5_2.experimentdata (id, title, "Status", "Title", "-1100022276", "Glycan_Array_Version", "Protocol_Id", "Replicate_Number", "Result_Nature", "1505767802", "-1183338289", "-491792363", "Assay_Information", "Annotation", "-786589929", "1137989877", "-1069682899", "819836718") values (53, E'Primary Screen : primscreen_6313', E'Public', E'The purpose of this request is to analyze secretory IgA from fecal material on the glycan array.', E'cfg_rRequest_3050', E'PA_v52', E'Protocol Tertiary step', E'1', E'Data', E'25 micrograms/ml', E'06/09/2014', E'Lewis Pannell', E'Sample was diluted in binding buffer and detected with anti-Human IgA-biotin antibody (sent by PI, used at 5 ug/ml in binding buffer) followed by detection with Alexa488-labeled Streptavidin (5 ug/ml).', E'1269 Antibody', E'CL1269_3467', E'Download', E'Search Readout', E'Click This Link to Launch the New Flex-based Glycan Array Data Browser Tool');
insert into cfg_5_2.requestdata (id, title, "Request_ID", "Status", "Project_Description", "CFG_Member?", "Requester_First_Name", "Requester_Last_Name", "447911925", "1339104825", "Assigned_First_Name", "Assigned_Last_Name", "Requester_Email", "Request_Date", "Institution", "Shipping_Address", "Comments", "CFG_Core", "Resource_Type", "Material_Requested", "Amount_Requested", "-643239159", "2039874986", "-1235327866", "GBP_being_Addressed", "5943919") values (53, E'cfg_rRequest_3050', E'cfg_rRequest_3050', E'Approved', E'The purpose of this request is to analyze secretory IgA from fecal material on the glycan array.', E'No', E'Joseph', E'Otto', E'Lewis', E'Pannell', E'Lewis', E'Pannell', E'jjo1201@jagmail.southalabama.edu', E'04/22/2014', E'University of South Alabama Mitchell Cancer Institute', E'N/A Protein-Glycan Interaction Core (formerly Core H)', E'Our lab focuses on biomarker discovery using mass spectrometry.', E'H', E'MicroArray', E'N/A', E'N/A', E'Cancer tissues can produce proteins with aberrant post-translational modifications in the form of glycans. We aim to explore the glycan binding potential of secretory IgA from fecal material. Antibodies have been shown in the past to bind glycans as specific cancer antigen, Muc16 (CA125) is an example. Proteomic analysis of patient samples has shown IgA to be the major component. We hope that by using a locally produced antibody, we can identify glycans associated with cancer for further investigation. We would like to start with a total of 6 samples: 2 from control patients, 2 from patients with adenomas, and 2 from colon cancer patients. We predict a difference in glycan binding profiles between healthy and diseased patient samples.', E'Y', E'David Smith, Core H Director', E'The antibody in these samples is secretory IgA from the human GI system. A secondary antibody against human IgA will need to be used for detection. Antibodies have been shown in the past to bind glycans as specific cancer antigen, Muc16 (CA125) is an example.', E'* 1. Define the specificity and affinity for carbohydrate ligands');
insert into "cfg_5_2".link (id, linkText, href, parentCell) values (337, E'SAMPLE View : CL1269_3467', E'http://www.functionalglycomics.org/glycomics/SampleServlet?pageType=view&templateKey=18&key=3467&rrid=cfg_rRequest_3050&operationType=view', 0);
insert into "cfg_5_2".experiment_link(experiment_id, link_id) values (53, 337);
insert into "cfg_5_2".link (id, linkText, href, parentCell) values (338, E' Glycan Array:3050', E'/glycomics/ResourceServlet?operation=viewById&resourceRequestId=cfg_rRequest_3050&View=View', 0);
insert into "cfg_5_2".experiment_link(experiment_id, link_id) values (53, 338);
insert into cfg_5_2.protocoldata (id, title, "Title", "Core", "Category", "Keyword", "Date__mm_dd_yyyy_", "Overview") values (53, E'Protocol : cfgPTC_247', E'Protocol Tertiary step', E'H', E'Lectin-Glycan Binding', E'Unlabeled Sample and Unlabeled Primary (3 step)', E'02/13/2009', E'Unlabeled sample is diluted to an appropriate concentration in standard binding buffer (TSM, 1% BSA and 0.05% Tween 20).  Seventy microliters is applied to the printed surface of the array, cover slip is applied, and incubated at room temperature in a humidified chamber away from light for one hour.  The cover slip was removed and the slide is rinsed 4 times in standard TSM washing buffer containing 0.05 percent Tween and 4 times in TSM buffer without Tween. A second step is performed with seventy microliters of antibody/reagent specific for the unlabeled sample diluted in TSM binding buffer is added to the slide for one hour at room temperature in a humidified chamber away from light as described.  Washes were performed as above. A tertiary step is performed with seventy microliters of fluorescently labeled antibody/reagent to the antibody/reagent in the second step, diluted in TSM buffer for one hour in a humidified chamber away from light as described. Washes are performed as above, followed by 4 washes in distilled water. 
');
insert into "cfg_5_2".link (id, linkText, href, parentCell) values (339, E'Protocol Description (PDF)', E'http://www.functionalglycomics.org/glycomics/DFileServlet?operation=display&objType=protocol&protocolId=cfgPTC_247', null);
insert into "cfg_5_2".experiment_link(experiment_id, link_id) values (53, 339);
insert into "cfg_5_2".link (id, linkText, href, parentCell) values (340, E'<img src="/glycomics/common/images/presentation/array_inactive.jpg" alt="View Primary Screen Information" name="data_button_h_405" width="40" height="40" border="0" id="data_button_h_405">', E'http://www.functionalglycomics.org:80/glycomics/HServlet?operation=view&sideMenu=no&psId=primscreen_6313', 0);
insert into "cfg_5_2".experiment_link(experiment_id, link_id) values (53, 340);
insert into "cfg_5_2".link (id, linkText, href, parentCell) values (341, E'<img src="/glycomics/common/images/presentation/data_inactive.jpg" alt="Raw Data" name="dat_button_h_405" width="40" height="40" border="0" id="dat_button_h_405">', E'http://www.functionalglycomics.org:80/glycomics/HFileServlet?operation=downloadRawFile&fileType=DAT&sideMenu=no&objId=1006312', 1);
insert into "cfg_5_2".experiment_link(experiment_id, link_id) values (53, 341);
insert into "cfg_5_2".experiment (id, primscreen, sample_name, species, protein_family, investigator, request, date, sample_data_id, experiment_data_id, request_data_id, filename) values (53, '6313', E'1269 Antibody:1269 Antibody', E'Not Applicable', E'Not Applicable', E'Lewis Pannell', E'Glycan Array:3050', 'Feb 03, 15', 53, 53, 53, E'1269_16959_v5.2_DATA.xls');


insert into cfg_5_2.sampledata (id, title, "-782475580", "65299273", "2119431185", "27291108", "-546303161", "473641455", "1281541380", "1799653750", "-1790003555", "-1585180357", "75611650", "Adjuvant", "953343693", "-1051843856", "-1801243311", "-1020686480", "-188920193", "Condition_of_storage", "-861196869", "207605457", "-728300322", "-677687632") values (54, E'Sample Information : CL1253_3468', E'CL1253', E'Polyclonal - from fecal waste', E'IgA', E'IgA1 & 2', E'Human', E'N/A', E'N/A', E'N/A', E'N/A', E'N/A', E'N/A', E'N/A', E'N/A', E'N/A', E'N/A', E'N/A', E'No Dilution', E'Frozen, -80C', E'04/2012', E'Centrifugation', E'ELISA', E'N/A');
insert into cfg_5_2.experimentdata (id, title, "Status", "Title", "-1100022276", "Glycan_Array_Version", "Protocol_Id", "Replicate_Number", "Result_Nature", "1505767802", "-1183338289", "-491792363", "Assay_Information", "Annotation", "-786589929", "1137989877", "-1069682899", "819836718") values (54, E'Primary Screen : primscreen_6314', E'Public', E'The purpose of this request is to analyze secretory IgA from fecal material on the glycan array.', E'cfg_rRequest_3050', E'PA_v52', E'Protocol Tertiary step', E'1', E'Data', E'25 micrograms/ml', E'06/09/2014', E'Lewis Pannell', E'Sample was diluted in binding buffer and detected with anti-Human IgA-biotin antibody (sent by PI, used at 5 ug/ml in binding buffer) followed by detection with Alexa488-labeled Streptavidin (5 ug/ml).', E'1253 Antibody', E'CL1253_3468', E'Download', E'Search Readout', E'Click This Link to Launch the New Flex-based Glycan Array Data Browser Tool');
insert into cfg_5_2.requestdata (id, title, "Request_ID", "Status", "Project_Description", "CFG_Member?", "Requester_First_Name", "Requester_Last_Name", "447911925", "1339104825", "Assigned_First_Name", "Assigned_Last_Name", "Requester_Email", "Request_Date", "Institution", "Shipping_Address", "Comments", "CFG_Core", "Resource_Type", "Material_Requested", "Amount_Requested", "-643239159", "2039874986", "-1235327866", "GBP_being_Addressed", "5943919") values (54, E'cfg_rRequest_3050', E'cfg_rRequest_3050', E'Approved', E'The purpose of this request is to analyze secretory IgA from fecal material on the glycan array.', E'No', E'Joseph', E'Otto', E'Lewis', E'Pannell', E'Lewis', E'Pannell', E'jjo1201@jagmail.southalabama.edu', E'04/22/2014', E'University of South Alabama Mitchell Cancer Institute', E'N/A Protein-Glycan Interaction Core (formerly Core H)', E'Our lab focuses on biomarker discovery using mass spectrometry.', E'H', E'MicroArray', E'N/A', E'N/A', E'Cancer tissues can produce proteins with aberrant post-translational modifications in the form of glycans. We aim to explore the glycan binding potential of secretory IgA from fecal material. Antibodies have been shown in the past to bind glycans as specific cancer antigen, Muc16 (CA125) is an example. Proteomic analysis of patient samples has shown IgA to be the major component. We hope that by using a locally produced antibody, we can identify glycans associated with cancer for further investigation. We would like to start with a total of 6 samples: 2 from control patients, 2 from patients with adenomas, and 2 from colon cancer patients. We predict a difference in glycan binding profiles between healthy and diseased patient samples.', E'Y', E'David Smith, Core H Director', E'The antibody in these samples is secretory IgA from the human GI system. A secondary antibody against human IgA will need to be used for detection. Antibodies have been shown in the past to bind glycans as specific cancer antigen, Muc16 (CA125) is an example.', E'* 1. Define the specificity and affinity for carbohydrate ligands');
insert into "cfg_5_2".link (id, linkText, href, parentCell) values (342, E'SAMPLE View : CL1253_3468', E'http://www.functionalglycomics.org/glycomics/SampleServlet?pageType=view&templateKey=18&key=3468&rrid=cfg_rRequest_3050&operationType=view', 0);
insert into "cfg_5_2".experiment_link(experiment_id, link_id) values (54, 342);
insert into "cfg_5_2".link (id, linkText, href, parentCell) values (343, E' Glycan Array:3050', E'/glycomics/ResourceServlet?operation=viewById&resourceRequestId=cfg_rRequest_3050&View=View', 0);
insert into "cfg_5_2".experiment_link(experiment_id, link_id) values (54, 343);
insert into cfg_5_2.protocoldata (id, title, "Title", "Core", "Category", "Keyword", "Date__mm_dd_yyyy_", "Overview") values (54, E'Protocol : cfgPTC_247', E'Protocol Tertiary step', E'H', E'Lectin-Glycan Binding', E'Unlabeled Sample and Unlabeled Primary (3 step)', E'02/13/2009', E'Unlabeled sample is diluted to an appropriate concentration in standard binding buffer (TSM, 1% BSA and 0.05% Tween 20).  Seventy microliters is applied to the printed surface of the array, cover slip is applied, and incubated at room temperature in a humidified chamber away from light for one hour.  The cover slip was removed and the slide is rinsed 4 times in standard TSM washing buffer containing 0.05 percent Tween and 4 times in TSM buffer without Tween. A second step is performed with seventy microliters of antibody/reagent specific for the unlabeled sample diluted in TSM binding buffer is added to the slide for one hour at room temperature in a humidified chamber away from light as described.  Washes were performed as above. A tertiary step is performed with seventy microliters of fluorescently labeled antibody/reagent to the antibody/reagent in the second step, diluted in TSM buffer for one hour in a humidified chamber away from light as described. Washes are performed as above, followed by 4 washes in distilled water. 
');
insert into "cfg_5_2".link (id, linkText, href, parentCell) values (344, E'Protocol Description (PDF)', E'http://www.functionalglycomics.org/glycomics/DFileServlet?operation=display&objType=protocol&protocolId=cfgPTC_247', null);
insert into "cfg_5_2".experiment_link(experiment_id, link_id) values (54, 344);
insert into "cfg_5_2".link (id, linkText, href, parentCell) values (345, E'<img src="/glycomics/common/images/presentation/array_inactive.jpg" alt="View Primary Screen Information" name="data_button_h_406" width="40" height="40" border="0" id="data_button_h_406">', E'http://www.functionalglycomics.org:80/glycomics/HServlet?operation=view&sideMenu=no&psId=primscreen_6314', 0);
insert into "cfg_5_2".experiment_link(experiment_id, link_id) values (54, 345);
insert into "cfg_5_2".link (id, linkText, href, parentCell) values (346, E'<img src="/glycomics/common/images/presentation/data_inactive.jpg" alt="Raw Data" name="dat_button_h_406" width="40" height="40" border="0" id="dat_button_h_406">', E'http://www.functionalglycomics.org:80/glycomics/HFileServlet?operation=downloadRawFile&fileType=DAT&sideMenu=no&objId=1006313', 1);
insert into "cfg_5_2".experiment_link(experiment_id, link_id) values (54, 346);
insert into "cfg_5_2".experiment (id, primscreen, sample_name, species, protein_family, investigator, request, date, sample_data_id, experiment_data_id, request_data_id, filename) values (54, '6314', E'1253 Antibody:1253 Antibody', E'Not Applicable', E'Not Applicable', E'Lewis Pannell', E'Glycan Array:3050', 'Feb 03, 15', 54, 54, 54, E'1253_16960_v5.2_DATA.xls');


insert into cfg_5_2.sampledata (id, title, "Name", "Family", "Sub_Family", "Spec_Sci_Name", "Estimated_purity", "1001016772", "Status", "Primary_Sequence", "Comments", "-436221455") values (55, E'Glycan Binding Protein : cbp_3317', E'DrGRIFIN', E'Galectin', E'Vertebrate galectin (zebrafish)', E'Danio rerio', E'High purity (>98%)', E'05/20/2014', E'Not Finalized', E'MTLRFEASCP DGLCPGWSVI LKGETPPEAS KFEINFLCDR DDRVAFHFNP RFTESDIICN
SYMANRWGQE ERCNHFPLGV EEPFQIEIYS DNDHFHVYID KAKVMQYKHR VEDLKTITKL
QVVNDVKISS LEITKKLFY', E'The DrGRIFIN was produced in E. coli as recombinant protein (Ahmed H and Vasta GR, 2008). The protein was isolated from the bacterial lysate by affinity chromatography on lactose-sepharose, eluted with 100 mM lactose, and purified by size exclusion. The proof of activity is the binding to the lac-sepharose matrix and glycoprotein-coated micro titer plate in a carbohydrate specific manner.', E'Recombinant protein produced in E. coli, isolated by binding of lactose-sepharose (Ahmed H and Vasta GR, 2008)');
insert into cfg_5_2.experimentdata (id, title, "Status", "Title", "-1100022276", "Glycan_Array_Version", "Protocol_Id", "Replicate_Number", "Result_Nature", "1505767802", "-1183338289", "-491792363", "Assay_Information", "Annotation", "1635439566", "1137989877", "-1069682899", "819836718") values (55, E'Primary Screen : primscreen_6321', E'Public', E'The purpose of this request is to perform the analysis of one sample of recombinant zebrafish GRIFIN on the glycan microarray.', E'cfg_rRequest_3047', E'PA_v52', E'Protocol Tertiary step', E'1', E'Data', E'200 micrograms/ml', E'06/06/2014', E'Gerardo Vasta', E'Sample was diluted in PBS + 10 mM BME + 1% BSA, and detected with rabbit anti-GRIFIN antibody (sent by PI, 5 ug/ml) and Alexa488-labeled anti-rabbit IgG.', E'DrGRIFIN', E'DrGRIFIN', E'Download', E'Search Readout', E'Click This Link to Launch the New Flex-based Glycan Array Data Browser Tool');
insert into cfg_5_2.requestdata (id, title, "Request_ID", "Status", "Project_Description", "CFG_Member?", "Requester_First_Name", "Requester_Last_Name", "447911925", "1339104825", "Assigned_First_Name", "Assigned_Last_Name", "Requester_Email", "Requester_Interest", "Request_Date", "Institution", "Shipping_Address", "Comments", "CFG_Core", "Resource_Type", "Amount_Requested", "-643239159", "2039874986", "-1235327866", "GBP_being_Addressed", "5943919") values (55, E'cfg_rRequest_3047', E'cfg_rRequest_3047', E'Approved', E'The purpose of this request is to perform the analysis of one sample of recombinant zebrafish GRIFIN on the glycan microarray.', E'Yes subgroups :5 :Structural glycobiology ,7 :Glycomics and glycoinformatics ,3 :Glycans in cancer biology ,4 :Glycans in development and physiology ,1 :Glycans in host-microbe interactions ,2 :Glycans in immune recognition and function', E'Gerardo', E'Vasta', E'Gerardo', E'Vasta', E'Gerardo', E'Vasta', E'Gvasta@som.umaryland.edu', E'Dr. Vasta\'s research focuses on the use of biochemical, molecular and structural approaches to the study of animal lectins and their carbohydrate ligands.', E'04/11/2014', E'Department of Microbiology and Immunology University of Maryland School of Medicine Program in the Biology of Model Systems, UMB Institute of Marine and Environmental Technology', E'Columbus Center 701 East Pratt Street, Baltimore, MD 21202', E'Galectins, a family of &#946;-galactoside-binding proteins, participate in a variety of biological processes, such as early development, tissue organization, immune regulation, and tumor evasion and metastasis. Although as many as fifteen galectins have been identified, the biological roles still remain unclear for several family members, as well as for galectin-like proteins such as the lens protein GRIFIN (Galectin-related inter fiber protein) and the galectin-related protein GRP (previously HSPC159; hematopoietic stem cell precursor) that lack carbohydrate-binding activity. We have identified a homologue of the GRIFIN in zebrafish (Danio rerio; DrGRIFIN), which like the mammalian equivalent is expressed in the lens, particularly in the fiber cells, as revealed by whole mount in situ hybridization and immunostaining of 2 dpf embryos. Unlike the mammalian homologue, however, DrGRIFIN contains all amino acids critical for binding to carbohydrate ligands and its activity was confirmed as the recombinant DrGRIFIN could be purified to homogeneity by affinity chromatography on a lactosyl-Sepharose column. Therefore, DrGRIFIN is a bona fide galectin family member that in addition to its carbohydrate-binding properties, may also function as a crystallin.', E'H', E'MicroArray', E'', E'Because the rat GRIFIN is an abundant soluble protein exclusively expressed in the lens fiber cells, it has been suggested that it functions as a crystallin. Further, considering the close similarity of the mammalian and avian GRIFINs to gal3, it has been suggested that GRIFIN derives from gal3 in a process of evolutionary co-option but has lost its capacity to bind lactose when recruited to the lens as a crystallin. Because among all zebrafish galectins DrGRIFIN is also closest to Drgal3, it is tempting to speculate that like bird and mammalian GRIFINs, DrGRIFIN has also evolved from Drgal3. However, because unlike the avian and mammalian homologues, DrGRIFIN still retains its carbohydrate-binding activity, and like its precursor Drgal3 it is expressed in various adult zebrafish tissues, DrGRIFIN would mediate functions related to the transparency of the lens, and like a bona fide galectin, mediate interactions between cells, and cells and the extracellular matrix either in the lens or other tissues. Thus, DrGRIFIN may represent an intermediate step in the co-option process that in vertebrate evolution has led from an active sugar-binding galectin to a non-sugar binding crystallin in the extant birds and mammals. The detailed analysis of DrGRIFIN specificity on the glycan array will provide invaluable information about the structural, functional and evolutionary aspects of this protein.', E'Y', E'D Smith', E'We request glycoarray analysis of one sample of recombinant zebrafish GRIFIN. The zebrafish recombinant GRIFIN is unlabeled. We will provide specific anti-DrGRIFIN purified rabbit Igs. Detection method should be that routinely used by the Core H, using a labeled anti-rabbit Ig antibody.', E'');
insert into "cfg_5_2".link (id, linkText, href, parentCell) values (347, E'DrGRIFIN:DrGRIFIN', E'http://www.functionalglycomics.org:80/glycomics/GBPServlet?pageType=view&view=view&operationType=view&cbpId=cbp_3317&sideMenu=no', 0);
insert into "cfg_5_2".experiment_link(experiment_id, link_id) values (55, 347);
insert into "cfg_5_2".link (id, linkText, href, parentCell) values (348, E'PROTEIN View:cbp_3317', E'http://www.functionalglycomics.org:80/glycomics/GBPServlet?pageType=view&view=view&operationType=view&cbpId=cbp_3317&sideMenu=no', 0);
insert into "cfg_5_2".experiment_link(experiment_id, link_id) values (55, 348);
insert into "cfg_5_2".link (id, linkText, href, parentCell) values (349, E'Gerardo Vasta', E'http://www.umbi.umd.edu/comb/faculty-directory/vasta/index.php', 3);
insert into "cfg_5_2".experiment_link(experiment_id, link_id) values (55, 349);
insert into "cfg_5_2".link (id, linkText, href, parentCell) values (350, E' Glycan Array:3047', E'/glycomics/ResourceServlet?operation=viewById&resourceRequestId=cfg_rRequest_3047&View=View', 0);
insert into "cfg_5_2".experiment_link(experiment_id, link_id) values (55, 350);
insert into cfg_5_2.protocoldata (id, title, "Title", "Core", "Category", "Keyword", "Date__mm_dd_yyyy_", "Overview") values (55, E'Protocol : cfgPTC_247', E'Protocol Tertiary step', E'H', E'Lectin-Glycan Binding', E'Unlabeled Sample and Unlabeled Primary (3 step)', E'02/13/2009', E'Unlabeled sample is diluted to an appropriate concentration in standard binding buffer (TSM, 1% BSA and 0.05% Tween 20).  Seventy microliters is applied to the printed surface of the array, cover slip is applied, and incubated at room temperature in a humidified chamber away from light for one hour.  The cover slip was removed and the slide is rinsed 4 times in standard TSM washing buffer containing 0.05 percent Tween and 4 times in TSM buffer without Tween. A second step is performed with seventy microliters of antibody/reagent specific for the unlabeled sample diluted in TSM binding buffer is added to the slide for one hour at room temperature in a humidified chamber away from light as described.  Washes were performed as above. A tertiary step is performed with seventy microliters of fluorescently labeled antibody/reagent to the antibody/reagent in the second step, diluted in TSM buffer for one hour in a humidified chamber away from light as described. Washes are performed as above, followed by 4 washes in distilled water. 
');
insert into "cfg_5_2".link (id, linkText, href, parentCell) values (351, E'Protocol Description (PDF)', E'http://www.functionalglycomics.org/glycomics/DFileServlet?operation=display&objType=protocol&protocolId=cfgPTC_247', null);
insert into "cfg_5_2".experiment_link(experiment_id, link_id) values (55, 351);
insert into "cfg_5_2".link (id, linkText, href, parentCell) values (352, E'<img src="/glycomics/common/images/presentation/array_inactive.jpg" alt="View Primary Screen Information" name="data_button_h_408" width="40" height="40" border="0" id="data_button_h_408">', E'http://www.functionalglycomics.org:80/glycomics/HServlet?operation=view&sideMenu=no&psId=primscreen_6321', 0);
insert into "cfg_5_2".experiment_link(experiment_id, link_id) values (55, 352);
insert into "cfg_5_2".link (id, linkText, href, parentCell) values (353, E'<img src="/glycomics/common/images/presentation/data_inactive.jpg" alt="Raw Data" name="dat_button_h_408" width="40" height="40" border="0" id="dat_button_h_408">', E'http://www.functionalglycomics.org:80/glycomics/HFileServlet?operation=downloadRawFile&fileType=DAT&sideMenu=no&objId=1006320', 1);
insert into "cfg_5_2".experiment_link(experiment_id, link_id) values (55, 353);
insert into "cfg_5_2".experiment (id, primscreen, sample_name, species, protein_family, investigator, request, date, sample_data_id, experiment_data_id, request_data_id, filename) values (55, '6321', E'DrGRIFIN:DrGRIFIN', E'Other', E'Galectin', E'Gerardo Vasta', E'Glycan Array:3047', 'Feb 03, 15', 55, 55, 55, E'DrGRIFIN_16946_v5.2_DATA.xls');


insert into cfg_5_2.sampledata (id, title, "Name", "Complete_Name", "Family", "Sub_Family", "Spec_Sci_Name", "Estimated_purity", "1001016772", "Status", "Comments", "-436221455") values (56, E'Glycan Binding Protein : cbp_3345', E'CnMBL', E'Clitocybe nebularis mucin binding lectin', E'Plant/Fungal Lectin', E'Fungal lectin', E'Clitocybe nebularis', E'Heterogenous sample with two major bands seen on SDS-PAGE', E'07/03/2014', E'Not Finalized', E'Lectin was submited to four step serial affinity chromatography (first on Sepharose-> unbound fraction was then applied to de-O-acetylmucin-Sepharose -> unbound fraction collected and applied two times on mucin-Sepharose). Better binding to mucin compared to de-O-acetylmucin and asialomucin was confirmed by lectin blot analysis.', E'Fungal fruiting bodies');
insert into cfg_5_2.experimentdata (id, title, "Status", "Title", "-1100022276", "Glycan_Array_Version", "Protocol_Id", "Replicate_Number", "Result_Nature", "1505767802", "-1183338289", "-491792363", "Assay_Information", "Annotation", "1635439566", "1137989877", "-1069682899", "819836718") values (56, E'Primary Screen : primscreen_6306', E'Public', E'The purpose of this request is to perform the analysis of 2 lectins from Clitocybe nebularis (CnMBL) and 1 from Armillaria borealis (AbMBL) on the glycan array.', E'cfg_rRequest_3080', E'PA_v52', E'Protocol Biotinylated Samples', E'1', E'Data', E'10 micrograms/ml', E'07/21/2014', E'Janko Kos', E'Sample was diluted in PBS pH 7.4 + 1% BSA and detected with AF488-labeled streptavidin.', E'CnMBL', E'CnMBL', E'Download', E'Search Readout', E'Click This Link to Launch the New Flex-based Glycan Array Data Browser Tool');
insert into cfg_5_2.requestdata (id, title, "Request_ID", "Status", "Project_Description", "CFG_Member?", "Requester_First_Name", "Requester_Last_Name", "447911925", "1339104825", "Assigned_First_Name", "Assigned_Last_Name", "Requester_Email", "Request_Date", "Institution", "Shipping_Address", "CFG_Core", "Resource_Type", "Amount_Requested", "-643239159", "2039874986", "-1235327866", "GBP_being_Addressed", "5943919") values (56, E'cfg_rRequest_3080', E'cfg_rRequest_3080', E'Approved', E'The purpose of this request is to perform the analysis of 2 lectins from Clitocybe nebularis (CnMBL) and 1 from Armillaria borealis (AbMBL) on the glycan array.', E'No', E'simon', E'žurga', E'Janko', E'Kos', E'Janko', E'Kos', E'simon.zurga@ijs.si', E'06/10/2014', E'Jožef Stefan Institute', E'Jamova cesta 39, 1000 Ljubljana, Slovenia, Europe', E'H', E'MicroArray', E'', E'We isolated two mucin binding proteins from edible mushrooms. One was isolated from Clitocybe nebularis (designated CnMBL) and the other from Armillaria borealis (designated AbMBL). Both bind well to mucin but CnMBL has better selectivity for mucin comapred to AbMBL. The exact binding specificity of both proteins would enable us to desing future experiment and relate that data to the effects of lectins. Lectins are both isolates with a molecular mass of approximately 16 kDA.', E'Y', E'Simon Žurga', E'Lectins will be biotynilated prior to sending.', E'* 1. Define the specificity and affinity for carbohydrate ligands');
insert into "cfg_5_2".link (id, linkText, href, parentCell) values (354, E'CnMBL:CnMBL', E'http://www.functionalglycomics.org:80/glycomics/GBPServlet?pageType=view&view=view&operationType=view&cbpId=cbp_3345&sideMenu=no', 0);
insert into "cfg_5_2".experiment_link(experiment_id, link_id) values (56, 354);
insert into "cfg_5_2".link (id, linkText, href, parentCell) values (355, E'PROTEIN View:cbp_3345', E'http://www.functionalglycomics.org:80/glycomics/GBPServlet?pageType=view&view=view&operationType=view&cbpId=cbp_3345&sideMenu=no', 0);
insert into "cfg_5_2".experiment_link(experiment_id, link_id) values (56, 355);
insert into "cfg_5_2".link (id, linkText, href, parentCell) values (356, E' Glycan Array:3080', E'/glycomics/ResourceServlet?operation=viewById&resourceRequestId=cfg_rRequest_3080&View=View', 0);
insert into "cfg_5_2".experiment_link(experiment_id, link_id) values (56, 356);
insert into cfg_5_2.protocoldata (id, title, "Title", "Core", "Category", "Keyword", "Date__mm_dd_yyyy_", "Overview") values (56, E'Protocol : cfgPTC_242', E'Protocol Biotinylated Samples', E'H', E'Lectin-Glycan Binding', E'Biotinylated Samples', E'02/13/2009', E'Biotinylated sample is diluted to an appropriate concentration in standard binding buffer (TSM, 1% BSA and 0.05% Tween 20).  Seventy microliters is applied to the printed surface of the array, cover slip is applied, and incubated at room temperature in a humidified chamber away from light for one hour. The cover slip is removed and the slide is rinsed 4 times in standard TSM washing buffer containing 0.05% Tween and 4 times in TSM buffer without Tween.  Seventy microliters of fluorescently labeled streptavidin in standard TSM binding buffer is added to the slide for one hour at room temperature in a humidified chamber away from light as described.  Washes are performed as above, followed by 4 washes in distilled water. 
');
insert into "cfg_5_2".link (id, linkText, href, parentCell) values (357, E'Protocol Description (PDF)', E'http://www.functionalglycomics.org/glycomics/DFileServlet?operation=display&objType=protocol&protocolId=cfgPTC_242', null);
insert into "cfg_5_2".experiment_link(experiment_id, link_id) values (56, 357);
insert into "cfg_5_2".link (id, linkText, href, parentCell) values (358, E'<img src="/glycomics/common/images/presentation/array_inactive.jpg" alt="View Primary Screen Information" name="data_button_h_409" width="40" height="40" border="0" id="data_button_h_409">', E'http://www.functionalglycomics.org:80/glycomics/HServlet?operation=view&sideMenu=no&psId=primscreen_6306', 0);
insert into "cfg_5_2".experiment_link(experiment_id, link_id) values (56, 358);
insert into "cfg_5_2".link (id, linkText, href, parentCell) values (359, E'<img src="/glycomics/common/images/presentation/data_inactive.jpg" alt="Raw Data" name="dat_button_h_409" width="40" height="40" border="0" id="dat_button_h_409">', E'http://www.functionalglycomics.org:80/glycomics/HFileServlet?operation=downloadRawFile&fileType=DAT&sideMenu=no&objId=1006305', 1);
insert into "cfg_5_2".experiment_link(experiment_id, link_id) values (56, 359);
insert into "cfg_5_2".experiment (id, primscreen, sample_name, species, protein_family, investigator, request, date, sample_data_id, experiment_data_id, request_data_id, filename) values (56, '6306', E'CnMBL:CnMBL', E'Fungus', E'Plant/Fungal Lectin', E'Janko Kos', E'Glycan Array:3080', 'Feb 03, 15', 56, 56, 56, E'CnMBL_16971_10ug_v5.2_DATA.xls');


insert into cfg_5_2.sampledata (id, title, "Name", "Complete_Name", "Family", "Sub_Family", "Spec_Sci_Name", "1001016772", "Status", "Comments", "-436221455") values (57, E'Glycan Binding Protein : cbp_3346', E'AbMBL', E'Armillaria borealis mucin binding lectin', E'Plant/Fungal Lectin', E'Fungal lectin', E'Armillaria borealis', E'07/03/2014', E'Not Finalized', E'Lectin was submited to two step serial affinity chromatography (first on Sepharose-> unbound fraction was then applied to mucin-Sepharose). Better binding to mucin compared to de-O-acetylmucin and asialomucin was confirmed by lectin blot analysis.', E'Fungal fruiting bodies');
insert into cfg_5_2.experimentdata (id, title, "Status", "Title", "-1100022276", "Glycan_Array_Version", "Protocol_Id", "Replicate_Number", "Result_Nature", "1505767802", "-1183338289", "-491792363", "Assay_Information", "Annotation", "1635439566", "1137989877", "-1069682899", "819836718") values (57, E'Primary Screen : primscreen_6307', E'Public', E'The purpose of this request is to perform the analysis of 2 lectins from Clitocybe nebularis (CnMBL) and 1 from Armillaria borealis (AbMBL) on the glycan array.', E'cfg_rRequest_3080', E'PA_v52', E'Protocol Biotinylated Samples', E'1', E'Data', E'200 micrograms/ml', E'07/16/2014', E'Janko Kos', E'Sample was diluted in PBS pH 7.4 + 1% BSA and detected with AF488-labeled streptavidin.', E'AbMBL', E'AbMBL', E'Download', E'Search Readout', E'Click This Link to Launch the New Flex-based Glycan Array Data Browser Tool');
insert into cfg_5_2.requestdata (id, title, "Request_ID", "Status", "Project_Description", "CFG_Member?", "Requester_First_Name", "Requester_Last_Name", "447911925", "1339104825", "Assigned_First_Name", "Assigned_Last_Name", "Requester_Email", "Request_Date", "Institution", "Shipping_Address", "CFG_Core", "Resource_Type", "Amount_Requested", "-643239159", "2039874986", "-1235327866", "GBP_being_Addressed", "5943919") values (57, E'cfg_rRequest_3080', E'cfg_rRequest_3080', E'Approved', E'The purpose of this request is to perform the analysis of 2 lectins from Clitocybe nebularis (CnMBL) and 1 from Armillaria borealis (AbMBL) on the glycan array.', E'No', E'simon', E'žurga', E'Janko', E'Kos', E'Janko', E'Kos', E'simon.zurga@ijs.si', E'06/10/2014', E'Jožef Stefan Institute', E'Jamova cesta 39, 1000 Ljubljana, Slovenia, Europe', E'H', E'MicroArray', E'', E'We isolated two mucin binding proteins from edible mushrooms. One was isolated from Clitocybe nebularis (designated CnMBL) and the other from Armillaria borealis (designated AbMBL). Both bind well to mucin but CnMBL has better selectivity for mucin comapred to AbMBL. The exact binding specificity of both proteins would enable us to desing future experiment and relate that data to the effects of lectins. Lectins are both isolates with a molecular mass of approximately 16 kDA.', E'Y', E'Simon Žurga', E'Lectins will be biotynilated prior to sending.', E'* 1. Define the specificity and affinity for carbohydrate ligands');
insert into "cfg_5_2".link (id, linkText, href, parentCell) values (360, E'AbMBL:AbMBL', E'http://www.functionalglycomics.org:80/glycomics/GBPServlet?pageType=view&view=view&operationType=view&cbpId=cbp_3346&sideMenu=no', 0);
insert into "cfg_5_2".experiment_link(experiment_id, link_id) values (57, 360);
insert into "cfg_5_2".link (id, linkText, href, parentCell) values (361, E'PROTEIN View:cbp_3346', E'http://www.functionalglycomics.org:80/glycomics/GBPServlet?pageType=view&view=view&operationType=view&cbpId=cbp_3346&sideMenu=no', 0);
insert into "cfg_5_2".experiment_link(experiment_id, link_id) values (57, 361);
insert into "cfg_5_2".link (id, linkText, href, parentCell) values (362, E' Glycan Array:3080', E'/glycomics/ResourceServlet?operation=viewById&resourceRequestId=cfg_rRequest_3080&View=View', 0);
insert into "cfg_5_2".experiment_link(experiment_id, link_id) values (57, 362);
insert into cfg_5_2.protocoldata (id, title, "Title", "Core", "Category", "Keyword", "Date__mm_dd_yyyy_", "Overview") values (57, E'Protocol : cfgPTC_242', E'Protocol Biotinylated Samples', E'H', E'Lectin-Glycan Binding', E'Biotinylated Samples', E'02/13/2009', E'Biotinylated sample is diluted to an appropriate concentration in standard binding buffer (TSM, 1% BSA and 0.05% Tween 20).  Seventy microliters is applied to the printed surface of the array, cover slip is applied, and incubated at room temperature in a humidified chamber away from light for one hour. The cover slip is removed and the slide is rinsed 4 times in standard TSM washing buffer containing 0.05% Tween and 4 times in TSM buffer without Tween.  Seventy microliters of fluorescently labeled streptavidin in standard TSM binding buffer is added to the slide for one hour at room temperature in a humidified chamber away from light as described.  Washes are performed as above, followed by 4 washes in distilled water. 
');
insert into "cfg_5_2".link (id, linkText, href, parentCell) values (363, E'Protocol Description (PDF)', E'http://www.functionalglycomics.org/glycomics/DFileServlet?operation=display&objType=protocol&protocolId=cfgPTC_242', null);
insert into "cfg_5_2".experiment_link(experiment_id, link_id) values (57, 363);
insert into "cfg_5_2".link (id, linkText, href, parentCell) values (364, E'<img src="/glycomics/common/images/presentation/array_inactive.jpg" alt="View Primary Screen Information" name="data_button_h_410" width="40" height="40" border="0" id="data_button_h_410">', E'http://www.functionalglycomics.org:80/glycomics/HServlet?operation=view&sideMenu=no&psId=primscreen_6307', 0);
insert into "cfg_5_2".experiment_link(experiment_id, link_id) values (57, 364);
insert into "cfg_5_2".link (id, linkText, href, parentCell) values (365, E'<img src="/glycomics/common/images/presentation/data_inactive.jpg" alt="Raw Data" name="dat_button_h_410" width="40" height="40" border="0" id="dat_button_h_410">', E'http://www.functionalglycomics.org:80/glycomics/HFileServlet?operation=downloadRawFile&fileType=DAT&sideMenu=no&objId=1006306', 1);
insert into "cfg_5_2".experiment_link(experiment_id, link_id) values (57, 365);
insert into "cfg_5_2".experiment (id, primscreen, sample_name, species, protein_family, investigator, request, date, sample_data_id, experiment_data_id, request_data_id, filename) values (57, '6307', E'AbMBL:AbMBL', E'Fungus', E'Plant/Fungal Lectin', E'Janko Kos', E'Glycan Array:3080', 'Feb 03, 15', 57, 57, 57, E'AbMBL_16966_v5.2_DATA.xls');


insert into cfg_5_2.sampledata (id, title, "Name", "Complete_Name", "Family", "Sub_Family", "Spec_Sci_Name", "1001016772", "Status", "Comments", "-436221455") values (58, E'Glycan Binding Protein : cbp_3346', E'AbMBL', E'Armillaria borealis mucin binding lectin', E'Plant/Fungal Lectin', E'Fungal lectin', E'Armillaria borealis', E'07/03/2014', E'Not Finalized', E'Lectin was submited to two step serial affinity chromatography (first on Sepharose-> unbound fraction was then applied to mucin-Sepharose). Better binding to mucin compared to de-O-acetylmucin and asialomucin was confirmed by lectin blot analysis.', E'Fungal fruiting bodies');
insert into cfg_5_2.experimentdata (id, title, "Status", "Title", "-1100022276", "Glycan_Array_Version", "Protocol_Id", "Replicate_Number", "Result_Nature", "1505767802", "-1183338289", "-491792363", "Assay_Information", "Annotation", "1635439566", "1137989877", "-1069682899", "819836718") values (58, E'Primary Screen : primscreen_6308', E'Public', E'The purpose of this request is to perform the analysis of 2 lectins from Clitocybe nebularis (CnMBL) and 1 from Armillaria borealis (AbMBL) on the glycan array.', E'cfg_rRequest_3080', E'PA_v52', E'Protocol Biotinylated Samples', E'1', E'Data', E'50 micrograms/ml', E'07/21/2014', E'Janko Kos', E'Sample was diluted in PBS pH 7.4 + 1% BSA and detected with AF488-labeled streptavidin.', E'AbMBL', E'AbMBL', E'Download', E'Search Readout', E'Click This Link to Launch the New Flex-based Glycan Array Data Browser Tool');
insert into cfg_5_2.requestdata (id, title, "Request_ID", "Status", "Project_Description", "CFG_Member?", "Requester_First_Name", "Requester_Last_Name", "447911925", "1339104825", "Assigned_First_Name", "Assigned_Last_Name", "Requester_Email", "Request_Date", "Institution", "Shipping_Address", "CFG_Core", "Resource_Type", "Amount_Requested", "-643239159", "2039874986", "-1235327866", "GBP_being_Addressed", "5943919") values (58, E'cfg_rRequest_3080', E'cfg_rRequest_3080', E'Approved', E'The purpose of this request is to perform the analysis of 2 lectins from Clitocybe nebularis (CnMBL) and 1 from Armillaria borealis (AbMBL) on the glycan array.', E'No', E'simon', E'žurga', E'Janko', E'Kos', E'Janko', E'Kos', E'simon.zurga@ijs.si', E'06/10/2014', E'Jožef Stefan Institute', E'Jamova cesta 39, 1000 Ljubljana, Slovenia, Europe', E'H', E'MicroArray', E'', E'We isolated two mucin binding proteins from edible mushrooms. One was isolated from Clitocybe nebularis (designated CnMBL) and the other from Armillaria borealis (designated AbMBL). Both bind well to mucin but CnMBL has better selectivity for mucin comapred to AbMBL. The exact binding specificity of both proteins would enable us to desing future experiment and relate that data to the effects of lectins. Lectins are both isolates with a molecular mass of approximately 16 kDA.', E'Y', E'Simon Žurga', E'Lectins will be biotynilated prior to sending.', E'* 1. Define the specificity and affinity for carbohydrate ligands');
insert into "cfg_5_2".link (id, linkText, href, parentCell) values (366, E'AbMBL:AbMBL', E'http://www.functionalglycomics.org:80/glycomics/GBPServlet?pageType=view&view=view&operationType=view&cbpId=cbp_3346&sideMenu=no', 0);
insert into "cfg_5_2".experiment_link(experiment_id, link_id) values (58, 366);
insert into "cfg_5_2".link (id, linkText, href, parentCell) values (367, E'PROTEIN View:cbp_3346', E'http://www.functionalglycomics.org:80/glycomics/GBPServlet?pageType=view&view=view&operationType=view&cbpId=cbp_3346&sideMenu=no', 0);
insert into "cfg_5_2".experiment_link(experiment_id, link_id) values (58, 367);
insert into "cfg_5_2".link (id, linkText, href, parentCell) values (368, E' Glycan Array:3080', E'/glycomics/ResourceServlet?operation=viewById&resourceRequestId=cfg_rRequest_3080&View=View', 0);
insert into "cfg_5_2".experiment_link(experiment_id, link_id) values (58, 368);
insert into cfg_5_2.protocoldata (id, title, "Title", "Core", "Category", "Keyword", "Date__mm_dd_yyyy_", "Overview") values (58, E'Protocol : cfgPTC_242', E'Protocol Biotinylated Samples', E'H', E'Lectin-Glycan Binding', E'Biotinylated Samples', E'02/13/2009', E'Biotinylated sample is diluted to an appropriate concentration in standard binding buffer (TSM, 1% BSA and 0.05% Tween 20).  Seventy microliters is applied to the printed surface of the array, cover slip is applied, and incubated at room temperature in a humidified chamber away from light for one hour. The cover slip is removed and the slide is rinsed 4 times in standard TSM washing buffer containing 0.05% Tween and 4 times in TSM buffer without Tween.  Seventy microliters of fluorescently labeled streptavidin in standard TSM binding buffer is added to the slide for one hour at room temperature in a humidified chamber away from light as described.  Washes are performed as above, followed by 4 washes in distilled water. 
');
insert into "cfg_5_2".link (id, linkText, href, parentCell) values (369, E'Protocol Description (PDF)', E'http://www.functionalglycomics.org/glycomics/DFileServlet?operation=display&objType=protocol&protocolId=cfgPTC_242', null);
insert into "cfg_5_2".experiment_link(experiment_id, link_id) values (58, 369);
insert into "cfg_5_2".link (id, linkText, href, parentCell) values (370, E'<img src="/glycomics/common/images/presentation/array_inactive.jpg" alt="View Primary Screen Information" name="data_button_h_411" width="40" height="40" border="0" id="data_button_h_411">', E'http://www.functionalglycomics.org:80/glycomics/HServlet?operation=view&sideMenu=no&psId=primscreen_6308', 0);
insert into "cfg_5_2".experiment_link(experiment_id, link_id) values (58, 370);
insert into "cfg_5_2".link (id, linkText, href, parentCell) values (371, E'<img src="/glycomics/common/images/presentation/data_inactive.jpg" alt="Raw Data" name="dat_button_h_411" width="40" height="40" border="0" id="dat_button_h_411">', E'http://www.functionalglycomics.org:80/glycomics/HFileServlet?operation=downloadRawFile&fileType=DAT&sideMenu=no&objId=1006307', 1);
insert into "cfg_5_2".experiment_link(experiment_id, link_id) values (58, 371);
insert into "cfg_5_2".experiment (id, primscreen, sample_name, species, protein_family, investigator, request, date, sample_data_id, experiment_data_id, request_data_id, filename) values (58, '6308', E'AbMBL:AbMBL', E'Fungus', E'Plant/Fungal Lectin', E'Janko Kos', E'Glycan Array:3080', 'Feb 03, 15', 58, 58, 58, E'AbMBL_16969_50_v5.2_DATA.xls');


insert into cfg_5_2.sampledata (id, title, "-782475580", "65299273", "2119431185", "27291108", "-546303161", "473641455", "1281541380", "1799653750", "-1790003555", "-1585180357", "75611650", "Adjuvant", "953343693", "-1051843856", "-1801243311", "-1020686480", "-188920193", "Condition_of_storage", "-861196869", "207605457", "-728300322", "-677687632") values (59, E'Sample Information : CL1454_3462', E'CL1454', E'Polyclonal - from fecal material', E'IgA', E'IgA1 & 2', E'Human', E'N/A', E'N/A', E'N/A', E'N/A', E'N/A', E'N/A', E'N/A', E'N/A', E'N/A', E'N/A', E'N/A', E'1:2 in PBS', E'Frozen, -80C', E'2/2014', E'Centrifugation', E'ELISA', E'N/A');
insert into cfg_5_2.experimentdata (id, title, "Status", "Title", "-1100022276", "Glycan_Array_Version", "Protocol_Id", "Replicate_Number", "Result_Nature", "1505767802", "-1183338289", "-491792363", "Assay_Information", "Annotation", "-786589929", "1137989877", "-1069682899", "819836718") values (59, E'Primary Screen : primscreen_6309', E'Public', E'The purpose of this request is to analyze secretory IgA from fecal material on the glycan array.', E'cfg_rRequest_3050', E'PA_v52', E'Protocol Tertiary step', E'1', E'Data', E'25 micrograms/ml', E'06/09/2014', E'Lewis Pannell', E'Sample was diluted in binding buffer and detected with anti-Human IgA-biotin antibody (sent by PI, used at 5 ug/ml in binding buffer) followed by detection with Alexa488-labeled Streptavidin (5 ug/ml).', E'1454 Antibody', E'CL1454_3462', E'Download', E'Search Readout', E'Click This Link to Launch the New Flex-based Glycan Array Data Browser Tool');
insert into cfg_5_2.requestdata (id, title, "Request_ID", "Status", "Project_Description", "CFG_Member?", "Requester_First_Name", "Requester_Last_Name", "447911925", "1339104825", "Assigned_First_Name", "Assigned_Last_Name", "Requester_Email", "Request_Date", "Institution", "Shipping_Address", "Comments", "CFG_Core", "Resource_Type", "Material_Requested", "Amount_Requested", "-643239159", "2039874986", "-1235327866", "GBP_being_Addressed", "5943919") values (59, E'cfg_rRequest_3050', E'cfg_rRequest_3050', E'Approved', E'The purpose of this request is to analyze secretory IgA from fecal material on the glycan array.', E'No', E'Joseph', E'Otto', E'Lewis', E'Pannell', E'Lewis', E'Pannell', E'jjo1201@jagmail.southalabama.edu', E'04/22/2014', E'University of South Alabama Mitchell Cancer Institute', E'N/A Protein-Glycan Interaction Core (formerly Core H)', E'Our lab focuses on biomarker discovery using mass spectrometry.', E'H', E'MicroArray', E'N/A', E'N/A', E'Cancer tissues can produce proteins with aberrant post-translational modifications in the form of glycans. We aim to explore the glycan binding potential of secretory IgA from fecal material. Antibodies have been shown in the past to bind glycans as specific cancer antigen, Muc16 (CA125) is an example. Proteomic analysis of patient samples has shown IgA to be the major component. We hope that by using a locally produced antibody, we can identify glycans associated with cancer for further investigation. We would like to start with a total of 6 samples: 2 from control patients, 2 from patients with adenomas, and 2 from colon cancer patients. We predict a difference in glycan binding profiles between healthy and diseased patient samples.', E'Y', E'David Smith, Core H Director', E'The antibody in these samples is secretory IgA from the human GI system. A secondary antibody against human IgA will need to be used for detection. Antibodies have been shown in the past to bind glycans as specific cancer antigen, Muc16 (CA125) is an example.', E'* 1. Define the specificity and affinity for carbohydrate ligands');
insert into "cfg_5_2".link (id, linkText, href, parentCell) values (372, E'SAMPLE View : CL1454_3462', E'http://www.functionalglycomics.org/glycomics/SampleServlet?pageType=view&templateKey=18&key=3462&rrid=cfg_rRequest_3050&operationType=view', 0);
insert into "cfg_5_2".experiment_link(experiment_id, link_id) values (59, 372);
insert into "cfg_5_2".link (id, linkText, href, parentCell) values (373, E' Glycan Array:3050', E'/glycomics/ResourceServlet?operation=viewById&resourceRequestId=cfg_rRequest_3050&View=View', 0);
insert into "cfg_5_2".experiment_link(experiment_id, link_id) values (59, 373);
insert into cfg_5_2.protocoldata (id, title, "Title", "Core", "Category", "Keyword", "Date__mm_dd_yyyy_", "Overview") values (59, E'Protocol : cfgPTC_247', E'Protocol Tertiary step', E'H', E'Lectin-Glycan Binding', E'Unlabeled Sample and Unlabeled Primary (3 step)', E'02/13/2009', E'Unlabeled sample is diluted to an appropriate concentration in standard binding buffer (TSM, 1% BSA and 0.05% Tween 20).  Seventy microliters is applied to the printed surface of the array, cover slip is applied, and incubated at room temperature in a humidified chamber away from light for one hour.  The cover slip was removed and the slide is rinsed 4 times in standard TSM washing buffer containing 0.05 percent Tween and 4 times in TSM buffer without Tween. A second step is performed with seventy microliters of antibody/reagent specific for the unlabeled sample diluted in TSM binding buffer is added to the slide for one hour at room temperature in a humidified chamber away from light as described.  Washes were performed as above. A tertiary step is performed with seventy microliters of fluorescently labeled antibody/reagent to the antibody/reagent in the second step, diluted in TSM buffer for one hour in a humidified chamber away from light as described. Washes are performed as above, followed by 4 washes in distilled water. 
');
insert into "cfg_5_2".link (id, linkText, href, parentCell) values (374, E'Protocol Description (PDF)', E'http://www.functionalglycomics.org/glycomics/DFileServlet?operation=display&objType=protocol&protocolId=cfgPTC_247', null);
insert into "cfg_5_2".experiment_link(experiment_id, link_id) values (59, 374);
insert into "cfg_5_2".link (id, linkText, href, parentCell) values (375, E'<img src="/glycomics/common/images/presentation/array_inactive.jpg" alt="View Primary Screen Information" name="data_button_h_412" width="40" height="40" border="0" id="data_button_h_412">', E'http://www.functionalglycomics.org:80/glycomics/HServlet?operation=view&sideMenu=no&psId=primscreen_6309', 0);
insert into "cfg_5_2".experiment_link(experiment_id, link_id) values (59, 375);
insert into "cfg_5_2".link (id, linkText, href, parentCell) values (376, E'<img src="/glycomics/common/images/presentation/data_inactive.jpg" alt="Raw Data" name="dat_button_h_412" width="40" height="40" border="0" id="dat_button_h_412">', E'http://www.functionalglycomics.org:80/glycomics/HFileServlet?operation=downloadRawFile&fileType=DAT&sideMenu=no&objId=1006308', 1);
insert into "cfg_5_2".experiment_link(experiment_id, link_id) values (59, 376);
insert into "cfg_5_2".experiment (id, primscreen, sample_name, species, protein_family, investigator, request, date, sample_data_id, experiment_data_id, request_data_id, filename) values (59, '6309', E'1454 Antibody:1454 Antibody', E'Not Applicable', E'Not Applicable', E'Lewis Pannell', E'Glycan Array:3050', 'Feb 03, 15', 59, 59, 59, E'1454_16955_v5.2_DATA.xls');


insert into cfg_5_2.sampledata (id, title, "-782475580", "65299273", "2119431185", "27291108", "-546303161", "473641455", "1281541380", "1799653750", "-1790003555", "-1585180357", "75611650", "Adjuvant", "953343693", "-1051843856", "-1801243311", "-1020686480", "-188920193", "Condition_of_storage", "-861196869", "207605457", "-728300322", "-677687632") values (60, E'Sample Information : CL1299_3464', E'CL1299', E'Polyclonal - from fecal material', E'IgA', E'IgA 1 & 2', E'Human', E'N/A', E'N/A', E'N/A', E'N/A', E'N/A', E'N/A', E'N/A', E'N/A', E'N/A', E'N/A', E'N/A', E'No Dilution', E'Frozen, -80C', E'04/2012', E'Centrifugation', E'ELISA', E'N/A');
insert into cfg_5_2.experimentdata (id, title, "Status", "Title", "-1100022276", "Glycan_Array_Version", "Protocol_Id", "Replicate_Number", "Result_Nature", "1505767802", "-1183338289", "-491792363", "Assay_Information", "Annotation", "-786589929", "1137989877", "-1069682899", "819836718") values (60, E'Primary Screen : primscreen_6310', E'Public', E'The purpose of this request is to analyze secretory IgA from fecal material on the glycan array.', E'cfg_rRequest_3050', E'PA_v52', E'Protocol Tertiary step', E'1', E'Data', E'25 micrograms/ml', E'06/09/2014', E'Lewis Pannell', E'Sample was diluted in binding buffer and detected with anti-Human IgA-biotin antibody (sent by PI, used at 5 ug/ml in binding buffer) followed by detection with Alexa488-labeled Streptavidin (5 ug/ml).', E'1299 Antibody', E'CL1299_3464', E'Download', E'Search Readout', E'Click This Link to Launch the New Flex-based Glycan Array Data Browser Tool');
insert into cfg_5_2.requestdata (id, title, "Request_ID", "Status", "Project_Description", "CFG_Member?", "Requester_First_Name", "Requester_Last_Name", "447911925", "1339104825", "Assigned_First_Name", "Assigned_Last_Name", "Requester_Email", "Request_Date", "Institution", "Shipping_Address", "Comments", "CFG_Core", "Resource_Type", "Material_Requested", "Amount_Requested", "-643239159", "2039874986", "-1235327866", "GBP_being_Addressed", "5943919") values (60, E'cfg_rRequest_3050', E'cfg_rRequest_3050', E'Approved', E'The purpose of this request is to analyze secretory IgA from fecal material on the glycan array.', E'No', E'Joseph', E'Otto', E'Lewis', E'Pannell', E'Lewis', E'Pannell', E'jjo1201@jagmail.southalabama.edu', E'04/22/2014', E'University of South Alabama Mitchell Cancer Institute', E'N/A Protein-Glycan Interaction Core (formerly Core H)', E'Our lab focuses on biomarker discovery using mass spectrometry.', E'H', E'MicroArray', E'N/A', E'N/A', E'Cancer tissues can produce proteins with aberrant post-translational modifications in the form of glycans. We aim to explore the glycan binding potential of secretory IgA from fecal material. Antibodies have been shown in the past to bind glycans as specific cancer antigen, Muc16 (CA125) is an example. Proteomic analysis of patient samples has shown IgA to be the major component. We hope that by using a locally produced antibody, we can identify glycans associated with cancer for further investigation. We would like to start with a total of 6 samples: 2 from control patients, 2 from patients with adenomas, and 2 from colon cancer patients. We predict a difference in glycan binding profiles between healthy and diseased patient samples.', E'Y', E'David Smith, Core H Director', E'The antibody in these samples is secretory IgA from the human GI system. A secondary antibody against human IgA will need to be used for detection. Antibodies have been shown in the past to bind glycans as specific cancer antigen, Muc16 (CA125) is an example.', E'* 1. Define the specificity and affinity for carbohydrate ligands');
insert into "cfg_5_2".link (id, linkText, href, parentCell) values (377, E'SAMPLE View : CL1299_3464', E'http://www.functionalglycomics.org/glycomics/SampleServlet?pageType=view&templateKey=18&key=3464&rrid=cfg_rRequest_3050&operationType=view', 0);
insert into "cfg_5_2".experiment_link(experiment_id, link_id) values (60, 377);
insert into "cfg_5_2".link (id, linkText, href, parentCell) values (378, E' Glycan Array:3050', E'/glycomics/ResourceServlet?operation=viewById&resourceRequestId=cfg_rRequest_3050&View=View', 0);
insert into "cfg_5_2".experiment_link(experiment_id, link_id) values (60, 378);
insert into cfg_5_2.protocoldata (id, title, "Title", "Core", "Category", "Keyword", "Date__mm_dd_yyyy_", "Overview") values (60, E'Protocol : cfgPTC_247', E'Protocol Tertiary step', E'H', E'Lectin-Glycan Binding', E'Unlabeled Sample and Unlabeled Primary (3 step)', E'02/13/2009', E'Unlabeled sample is diluted to an appropriate concentration in standard binding buffer (TSM, 1% BSA and 0.05% Tween 20).  Seventy microliters is applied to the printed surface of the array, cover slip is applied, and incubated at room temperature in a humidified chamber away from light for one hour.  The cover slip was removed and the slide is rinsed 4 times in standard TSM washing buffer containing 0.05 percent Tween and 4 times in TSM buffer without Tween. A second step is performed with seventy microliters of antibody/reagent specific for the unlabeled sample diluted in TSM binding buffer is added to the slide for one hour at room temperature in a humidified chamber away from light as described.  Washes were performed as above. A tertiary step is performed with seventy microliters of fluorescently labeled antibody/reagent to the antibody/reagent in the second step, diluted in TSM buffer for one hour in a humidified chamber away from light as described. Washes are performed as above, followed by 4 washes in distilled water. 
');
insert into "cfg_5_2".link (id, linkText, href, parentCell) values (379, E'Protocol Description (PDF)', E'http://www.functionalglycomics.org/glycomics/DFileServlet?operation=display&objType=protocol&protocolId=cfgPTC_247', null);
insert into "cfg_5_2".experiment_link(experiment_id, link_id) values (60, 379);
insert into "cfg_5_2".link (id, linkText, href, parentCell) values (380, E'<img src="/glycomics/common/images/presentation/array_inactive.jpg" alt="View Primary Screen Information" name="data_button_h_413" width="40" height="40" border="0" id="data_button_h_413">', E'http://www.functionalglycomics.org:80/glycomics/HServlet?operation=view&sideMenu=no&psId=primscreen_6310', 0);
insert into "cfg_5_2".experiment_link(experiment_id, link_id) values (60, 380);
insert into "cfg_5_2".link (id, linkText, href, parentCell) values (381, E'<img src="/glycomics/common/images/presentation/data_inactive.jpg" alt="Raw Data" name="dat_button_h_413" width="40" height="40" border="0" id="dat_button_h_413">', E'http://www.functionalglycomics.org:80/glycomics/HFileServlet?operation=downloadRawFile&fileType=DAT&sideMenu=no&objId=1006309', 1);
insert into "cfg_5_2".experiment_link(experiment_id, link_id) values (60, 381);
insert into "cfg_5_2".experiment (id, primscreen, sample_name, species, protein_family, investigator, request, date, sample_data_id, experiment_data_id, request_data_id, filename) values (60, '6310', E'1299 Antibody:1299 Antibody', E'Not Applicable', E'Not Applicable', E'Lewis Pannell', E'Glycan Array:3050', 'Feb 03, 15', 60, 60, 60, E'1299_16956_v5.2_DATA.xls');


insert into cfg_5_2.sampledata (id, title, "-782475580", "65299273", "2119431185", "27291108", "-546303161", "473641455", "1281541380", "1799653750", "-1790003555", "-1585180357", "75611650", "Adjuvant", "953343693", "-1051843856", "-1801243311", "-1020686480", "-188920193", "Condition_of_storage", "-861196869", "207605457", "-728300322", "-677687632") values (61, E'Sample Information : CL1278_3465', E'CL1278', E'Polyclonal - from fecal material', E'IgA', E'IgA1 & 2', E'Human', E'N/A', E'N/A', E'N/A', E'N/A', E'N/A', E'N/A', E'N/A', E'N/A', E'N/A', E'N/A', E'N/A', E'No Dilution', E'Frozen, -80C', E'04/2012', E'Centrifugation', E'ELISA', E'N/A');
insert into cfg_5_2.experimentdata (id, title, "Status", "Title", "-1100022276", "Glycan_Array_Version", "Protocol_Id", "Replicate_Number", "Result_Nature", "1505767802", "-1183338289", "-491792363", "Assay_Information", "Annotation", "-786589929", "1137989877", "-1069682899", "819836718") values (61, E'Primary Screen : primscreen_6311', E'Public', E'The purpose of this request is to analyze secretory IgA from fecal material on the glycan array.', E'cfg_rRequest_3050', E'PA_v52', E'Protocol Tertiary step', E'1', E'Data', E'25 micrograms/ml', E'06/09/2014', E'Lewis Pannell', E'Sample was diluted in binding buffer and detected with anti-Human IgA-biotin antibody (sent by PI, used at 5 ug/ml in binding buffer) followed by detection with Alexa488-labeled Streptavidin (5 ug/ml).', E'1278 Antibody', E'CL1278_3465', E'Download', E'Search Readout', E'Click This Link to Launch the New Flex-based Glycan Array Data Browser Tool');
insert into cfg_5_2.requestdata (id, title, "Request_ID", "Status", "Project_Description", "CFG_Member?", "Requester_First_Name", "Requester_Last_Name", "447911925", "1339104825", "Assigned_First_Name", "Assigned_Last_Name", "Requester_Email", "Request_Date", "Institution", "Shipping_Address", "Comments", "CFG_Core", "Resource_Type", "Material_Requested", "Amount_Requested", "-643239159", "2039874986", "-1235327866", "GBP_being_Addressed", "5943919") values (61, E'cfg_rRequest_3050', E'cfg_rRequest_3050', E'Approved', E'The purpose of this request is to analyze secretory IgA from fecal material on the glycan array.', E'No', E'Joseph', E'Otto', E'Lewis', E'Pannell', E'Lewis', E'Pannell', E'jjo1201@jagmail.southalabama.edu', E'04/22/2014', E'University of South Alabama Mitchell Cancer Institute', E'N/A Protein-Glycan Interaction Core (formerly Core H)', E'Our lab focuses on biomarker discovery using mass spectrometry.', E'H', E'MicroArray', E'N/A', E'N/A', E'Cancer tissues can produce proteins with aberrant post-translational modifications in the form of glycans. We aim to explore the glycan binding potential of secretory IgA from fecal material. Antibodies have been shown in the past to bind glycans as specific cancer antigen, Muc16 (CA125) is an example. Proteomic analysis of patient samples has shown IgA to be the major component. We hope that by using a locally produced antibody, we can identify glycans associated with cancer for further investigation. We would like to start with a total of 6 samples: 2 from control patients, 2 from patients with adenomas, and 2 from colon cancer patients. We predict a difference in glycan binding profiles between healthy and diseased patient samples.', E'Y', E'David Smith, Core H Director', E'The antibody in these samples is secretory IgA from the human GI system. A secondary antibody against human IgA will need to be used for detection. Antibodies have been shown in the past to bind glycans as specific cancer antigen, Muc16 (CA125) is an example.', E'* 1. Define the specificity and affinity for carbohydrate ligands');
insert into "cfg_5_2".link (id, linkText, href, parentCell) values (382, E'SAMPLE View : CL1278_3465', E'http://www.functionalglycomics.org/glycomics/SampleServlet?pageType=view&templateKey=18&key=3465&rrid=cfg_rRequest_3050&operationType=view', 0);
insert into "cfg_5_2".experiment_link(experiment_id, link_id) values (61, 382);
insert into "cfg_5_2".link (id, linkText, href, parentCell) values (383, E' Glycan Array:3050', E'/glycomics/ResourceServlet?operation=viewById&resourceRequestId=cfg_rRequest_3050&View=View', 0);
insert into "cfg_5_2".experiment_link(experiment_id, link_id) values (61, 383);
insert into cfg_5_2.protocoldata (id, title, "Title", "Core", "Category", "Keyword", "Date__mm_dd_yyyy_", "Overview") values (61, E'Protocol : cfgPTC_247', E'Protocol Tertiary step', E'H', E'Lectin-Glycan Binding', E'Unlabeled Sample and Unlabeled Primary (3 step)', E'02/13/2009', E'Unlabeled sample is diluted to an appropriate concentration in standard binding buffer (TSM, 1% BSA and 0.05% Tween 20).  Seventy microliters is applied to the printed surface of the array, cover slip is applied, and incubated at room temperature in a humidified chamber away from light for one hour.  The cover slip was removed and the slide is rinsed 4 times in standard TSM washing buffer containing 0.05 percent Tween and 4 times in TSM buffer without Tween. A second step is performed with seventy microliters of antibody/reagent specific for the unlabeled sample diluted in TSM binding buffer is added to the slide for one hour at room temperature in a humidified chamber away from light as described.  Washes were performed as above. A tertiary step is performed with seventy microliters of fluorescently labeled antibody/reagent to the antibody/reagent in the second step, diluted in TSM buffer for one hour in a humidified chamber away from light as described. Washes are performed as above, followed by 4 washes in distilled water. 
');
insert into "cfg_5_2".link (id, linkText, href, parentCell) values (384, E'Protocol Description (PDF)', E'http://www.functionalglycomics.org/glycomics/DFileServlet?operation=display&objType=protocol&protocolId=cfgPTC_247', null);
insert into "cfg_5_2".experiment_link(experiment_id, link_id) values (61, 384);
insert into "cfg_5_2".link (id, linkText, href, parentCell) values (385, E'<img src="/glycomics/common/images/presentation/array_inactive.jpg" alt="View Primary Screen Information" name="data_button_h_414" width="40" height="40" border="0" id="data_button_h_414">', E'http://www.functionalglycomics.org:80/glycomics/HServlet?operation=view&sideMenu=no&psId=primscreen_6311', 0);
insert into "cfg_5_2".experiment_link(experiment_id, link_id) values (61, 385);
insert into "cfg_5_2".link (id, linkText, href, parentCell) values (386, E'<img src="/glycomics/common/images/presentation/data_inactive.jpg" alt="Raw Data" name="dat_button_h_414" width="40" height="40" border="0" id="dat_button_h_414">', E'http://www.functionalglycomics.org:80/glycomics/HFileServlet?operation=downloadRawFile&fileType=DAT&sideMenu=no&objId=1006310', 1);
insert into "cfg_5_2".experiment_link(experiment_id, link_id) values (61, 386);
insert into "cfg_5_2".experiment (id, primscreen, sample_name, species, protein_family, investigator, request, date, sample_data_id, experiment_data_id, request_data_id, filename) values (61, '6311', E'1278 Antibody:1278 Antibody', E'Not Applicable', E'Not Applicable', E'Lewis Pannell', E'Glycan Array:3050', 'Feb 03, 15', 61, 61, 61, E'1278_16957_v5.2_DATA.xls');


insert into cfg_5_2.sampledata (id, title, "-782475580", "65299273", "2119431185", "-546303161", "473641455", "-1585180357", "Adjuvant", "-188920193", "Condition_of_storage", "207605457", "-728300322", "-677687632") values (62, E'Sample Information : hJAA-F11-H1L1 (B11)_3550', E'hJAA-F11-H1L1 (B11)', E'Humanized recombinant antibody', E'Human IgG', E'CHO cells but it is a human antibody', E'CHO human antibody CDR chimeric', E'original antibody was a mouse anti-TF-Ag antigen created after TF-Ag-O CETE vaccination', E'Complete Freunds Adjuvant', E'PBS', E'Frozen', E'purification by protein A affinity chromatography', E'EIA', E'TF-Ag');
insert into cfg_5_2.experimentdata (id, title, "Status", "Title", "-1100022276", "Glycan_Array_Version", "Protocol_Id", "Replicate_Number", "Result_Nature", "1505767802", "-1183338289", "-491792363", "Assay_Information", "Annotation", "-786589929", "1137989877", "-1069682899", "819836718") values (62, E'Primary Screen : primscreen_6340', E'Public', E'The purpose of this request is to determine the glycan specificity of humanized constructs of monoclonal antibody JAA-F11.', E'cfg_rRequest_3011', E'PA_v52', E'Protocol Monoclonal Antibody', E'1', E'Data', E'50 micrograms/ml', E'05/30/2014', E'Kate Rittenhouse-Olson', E'Sample was detected with anti-human IgG-AF488 (5 ug/ml).', E'hJAA-F11-B11- 50', E'hJAA-F11-H1L1 (B11)_3550', E'Download', E'Search Readout', E'Click This Link to Launch the New Flex-based Glycan Array Data Browser Tool');
insert into cfg_5_2.requestdata (id, title, "Request_ID", "Status", "Project_Description", "CFG_Member?", "Requester_First_Name", "Requester_Last_Name", "447911925", "1339104825", "Assigned_First_Name", "Assigned_Last_Name", "Requester_Email", "Requester_Interest", "Request_Date", "Institution", "Shipping_Address", "Comments", "CFG_Core", "Resource_Type", "Amount_Requested", "-1475790216", "-643239159", "2039874986", "-1235327866", "GBP_being_Addressed", "5943919") values (62, E'cfg_rRequest_3011', E'cfg_rRequest_3011', E'Approved', E'The purpose of this request is to determine the glycan specificity of humanized constructs of monoclonal antibody JAA-F11.', E'Yes subgroups :2 :Glycans in immune recognition and function ,5 :Structural glycobiology ,3 :Glycans in cancer biology', E'Kate', E'Rittenhouse-Olson', E'Kate', E'Rittenhouse-Olson', E'Kate', E'Rittenhouse-Olson', E'krolson@buffalo.edu', E'This laboratory\'s focus is on the immune response to carbohydrate antigens, with an emphasis on modalities to analyze and to increase the immune response. We are also interested in carbohydrate drug targeting.', E'02/27/2014', E'University at Buffalo', E'44 Cary Hall Dept of BCLS University at Buffalo Buffalo, NY 14214', E'We have 3 more humanized constructs to test to see if they have the same specificity as JAA-F11 mouse antibody to TF-Ag', E'H', E'MicroArray', E'', E'03/10/2014', E'Glycan specificity of humanized constructs of JAA-F11', E'Y', E'Jamie Heimburg- Molinaro', E'These are human IgG1 antibodies, so detect them with fluorescently labeled anti-human', E'* 1. Define the specificity and affinity for carbohydrate ligands');
insert into "cfg_5_2".link (id, linkText, href, parentCell) values (387, E'SAMPLE View : hJAA-F11-H1L1 (B11)_3550', E'http://www.functionalglycomics.org/glycomics/SampleServlet?pageType=view&templateKey=18&key=3550&rrid=cfg_rRequest_3011&operationType=view', 0);
insert into "cfg_5_2".experiment_link(experiment_id, link_id) values (62, 387);
insert into "cfg_5_2".link (id, linkText, href, parentCell) values (388, E'Kate Rittenhouse-Olson', E'http://www.smbs.buffalo.edu/wcmpi/Associates/Rittenhouse.html', 3);
insert into "cfg_5_2".experiment_link(experiment_id, link_id) values (62, 388);
insert into "cfg_5_2".link (id, linkText, href, parentCell) values (389, E' Glycan Array:3011', E'/glycomics/ResourceServlet?operation=viewById&resourceRequestId=cfg_rRequest_3011&View=View', 0);
insert into "cfg_5_2".experiment_link(experiment_id, link_id) values (62, 389);
insert into cfg_5_2.protocoldata (id, title, "Title", "Core", "Category", "Keyword", "Date__mm_dd_yyyy_", "Overview") values (62, E'Protocol : cfgPTC_244', E'Protocol Monoclonal Antibody', E'H', E'Lectin-Glycan Binding', E'Monoclonal Antibodies', E'02/13/2009', E'Antibody is diluted to an appropriate concentration in standard binding buffer (TSM, 1% BSA and 0.05% Tween 20).  Seventy microliters is applied to the printed surface of the array, cover slip is applied, and incubated at room temperature in a humidified chamber away from light for one hour.  The cover slip is removed and the slide is rinsed 4 times in standard TSM washing buffer containing 0.05% Tween and 4 times in TSM buffer without Tween. Seventy microliters of the appropriate fluorescently labeled secondary antibody diluted in TSM buffer is added to the slide for one hour in a humidified chamber away from light as described. Washes are performed as above, followed by 4 washes in distilled water. ');
insert into "cfg_5_2".link (id, linkText, href, parentCell) values (390, E'Protocol Description (PDF)', E'http://www.functionalglycomics.org/glycomics/DFileServlet?operation=display&objType=protocol&protocolId=cfgPTC_244', null);
insert into "cfg_5_2".experiment_link(experiment_id, link_id) values (62, 390);
insert into "cfg_5_2".link (id, linkText, href, parentCell) values (391, E'<img src="/glycomics/common/images/presentation/array_inactive.jpg" alt="View Primary Screen Information" name="data_button_h_417" width="40" height="40" border="0" id="data_button_h_417">', E'http://www.functionalglycomics.org:80/glycomics/HServlet?operation=view&sideMenu=no&psId=primscreen_6340', 0);
insert into "cfg_5_2".experiment_link(experiment_id, link_id) values (62, 391);
insert into "cfg_5_2".link (id, linkText, href, parentCell) values (392, E'<img src="/glycomics/common/images/presentation/data_inactive.jpg" alt="Raw Data" name="dat_button_h_417" width="40" height="40" border="0" id="dat_button_h_417">', E'http://www.functionalglycomics.org:80/glycomics/HFileServlet?operation=downloadRawFile&fileType=DAT&sideMenu=no&objId=1006339', 1);
insert into "cfg_5_2".experiment_link(experiment_id, link_id) values (62, 392);
insert into "cfg_5_2".experiment (id, primscreen, sample_name, species, protein_family, investigator, request, date, sample_data_id, experiment_data_id, request_data_id, filename) values (62, '6340', E'hJAA-F11-B11- 50:hJAA-F11-B11- 50', E'Not Applicable', E'Not Applicable', E'Kate Rittenhouse-Olson', E'Glycan Array:3011', 'Feb 03, 15', 62, 62, 62, E'hJAA-F11-B11_16935_v5.2_DATA.xls');


insert into cfg_5_2.sampledata (id, title, "-782475580", "65299273", "2119431185", "-546303161", "473641455", "-1585180357", "Adjuvant", "-188920193", "Condition_of_storage", "207605457", "-728300322", "-677687632") values (63, E'Sample Information : hJAA-F11-H1L1 (B11)_3550', E'hJAA-F11-H1L1 (B11)', E'Humanized recombinant antibody', E'Human IgG', E'CHO cells but it is a human antibody', E'CHO human antibody CDR chimeric', E'original antibody was a mouse anti-TF-Ag antigen created after TF-Ag-O CETE vaccination', E'Complete Freunds Adjuvant', E'PBS', E'Frozen', E'purification by protein A affinity chromatography', E'EIA', E'TF-Ag');
insert into cfg_5_2.experimentdata (id, title, "Status", "Title", "-1100022276", "Glycan_Array_Version", "Protocol_Id", "Replicate_Number", "Result_Nature", "1505767802", "-1183338289", "-491792363", "Assay_Information", "Annotation", "-786589929", "1137989877", "-1069682899", "819836718") values (63, E'Primary Screen : primscreen_6341', E'Public', E'The purpose of this request is to determine the glycan specificity of humanized constructs of monoclonal antibody JAA-F11.', E'cfg_rRequest_3011', E'PA_v52', E'Protocol Monoclonal Antibody', E'1', E'Data', E'10 micrograms/ml', E'06/02/2014', E'Kate Rittenhouse-Olson', E'Sample was detected with anti-human IgG-AF488 (5 ug/ml).', E'hJAA-F11-B11- 10', E'hJAA-F11-H1L1 (B11)_3550', E'Download', E'Search Readout', E'Click This Link to Launch the New Flex-based Glycan Array Data Browser Tool');
insert into cfg_5_2.requestdata (id, title, "Request_ID", "Status", "Project_Description", "CFG_Member?", "Requester_First_Name", "Requester_Last_Name", "447911925", "1339104825", "Assigned_First_Name", "Assigned_Last_Name", "Requester_Email", "Requester_Interest", "Request_Date", "Institution", "Shipping_Address", "Comments", "CFG_Core", "Resource_Type", "Amount_Requested", "-1475790216", "-643239159", "2039874986", "-1235327866", "GBP_being_Addressed", "5943919") values (63, E'cfg_rRequest_3011', E'cfg_rRequest_3011', E'Approved', E'The purpose of this request is to determine the glycan specificity of humanized constructs of monoclonal antibody JAA-F11.', E'Yes subgroups :2 :Glycans in immune recognition and function ,5 :Structural glycobiology ,3 :Glycans in cancer biology', E'Kate', E'Rittenhouse-Olson', E'Kate', E'Rittenhouse-Olson', E'Kate', E'Rittenhouse-Olson', E'krolson@buffalo.edu', E'This laboratory\'s focus is on the immune response to carbohydrate antigens, with an emphasis on modalities to analyze and to increase the immune response. We are also interested in carbohydrate drug targeting.', E'02/27/2014', E'University at Buffalo', E'44 Cary Hall Dept of BCLS University at Buffalo Buffalo, NY 14214', E'We have 3 more humanized constructs to test to see if they have the same specificity as JAA-F11 mouse antibody to TF-Ag', E'H', E'MicroArray', E'', E'03/10/2014', E'Glycan specificity of humanized constructs of JAA-F11', E'Y', E'Jamie Heimburg- Molinaro', E'These are human IgG1 antibodies, so detect them with fluorescently labeled anti-human', E'* 1. Define the specificity and affinity for carbohydrate ligands');
insert into "cfg_5_2".link (id, linkText, href, parentCell) values (393, E'SAMPLE View : hJAA-F11-H1L1 (B11)_3550', E'http://www.functionalglycomics.org/glycomics/SampleServlet?pageType=view&templateKey=18&key=3550&rrid=cfg_rRequest_3011&operationType=view', 0);
insert into "cfg_5_2".experiment_link(experiment_id, link_id) values (63, 393);
insert into "cfg_5_2".link (id, linkText, href, parentCell) values (394, E'Kate Rittenhouse-Olson', E'http://www.smbs.buffalo.edu/wcmpi/Associates/Rittenhouse.html', 3);
insert into "cfg_5_2".experiment_link(experiment_id, link_id) values (63, 394);
insert into "cfg_5_2".link (id, linkText, href, parentCell) values (395, E' Glycan Array:3011', E'/glycomics/ResourceServlet?operation=viewById&resourceRequestId=cfg_rRequest_3011&View=View', 0);
insert into "cfg_5_2".experiment_link(experiment_id, link_id) values (63, 395);
insert into cfg_5_2.protocoldata (id, title, "Title", "Core", "Category", "Keyword", "Date__mm_dd_yyyy_", "Overview") values (63, E'Protocol : cfgPTC_244', E'Protocol Monoclonal Antibody', E'H', E'Lectin-Glycan Binding', E'Monoclonal Antibodies', E'02/13/2009', E'Antibody is diluted to an appropriate concentration in standard binding buffer (TSM, 1% BSA and 0.05% Tween 20).  Seventy microliters is applied to the printed surface of the array, cover slip is applied, and incubated at room temperature in a humidified chamber away from light for one hour.  The cover slip is removed and the slide is rinsed 4 times in standard TSM washing buffer containing 0.05% Tween and 4 times in TSM buffer without Tween. Seventy microliters of the appropriate fluorescently labeled secondary antibody diluted in TSM buffer is added to the slide for one hour in a humidified chamber away from light as described. Washes are performed as above, followed by 4 washes in distilled water. ');
insert into "cfg_5_2".link (id, linkText, href, parentCell) values (396, E'Protocol Description (PDF)', E'http://www.functionalglycomics.org/glycomics/DFileServlet?operation=display&objType=protocol&protocolId=cfgPTC_244', null);
insert into "cfg_5_2".experiment_link(experiment_id, link_id) values (63, 396);
insert into "cfg_5_2".link (id, linkText, href, parentCell) values (397, E'<img src="/glycomics/common/images/presentation/array_inactive.jpg" alt="View Primary Screen Information" name="data_button_h_418" width="40" height="40" border="0" id="data_button_h_418">', E'http://www.functionalglycomics.org:80/glycomics/HServlet?operation=view&sideMenu=no&psId=primscreen_6341', 0);
insert into "cfg_5_2".experiment_link(experiment_id, link_id) values (63, 397);
insert into "cfg_5_2".link (id, linkText, href, parentCell) values (398, E'<img src="/glycomics/common/images/presentation/data_inactive.jpg" alt="Raw Data" name="dat_button_h_418" width="40" height="40" border="0" id="dat_button_h_418">', E'http://www.functionalglycomics.org:80/glycomics/HFileServlet?operation=downloadRawFile&fileType=DAT&sideMenu=no&objId=1006340', 1);
insert into "cfg_5_2".experiment_link(experiment_id, link_id) values (63, 398);
insert into "cfg_5_2".experiment (id, primscreen, sample_name, species, protein_family, investigator, request, date, sample_data_id, experiment_data_id, request_data_id, filename) values (63, '6341', E'hJAA-F11-B11- 10:hJAA-F11-B11- 10', E'Not Applicable', E'Not Applicable', E'Kate Rittenhouse-Olson', E'Glycan Array:3011', 'Feb 03, 15', 63, 63, 63, E'hJAA-F11-B11_10ug_16940_V5.2_DATA.xls');


insert into cfg_5_2.sampledata (id, title, "-782475580", "65299273", "2119431185", "-546303161", "473641455", "-1585180357", "Adjuvant", "-188920193", "Condition_of_storage", "207605457", "-728300322", "-677687632") values (64, E'Sample Information : hJAA-F11-H1L1 (B11)_3550', E'hJAA-F11-H1L1 (B11)', E'Humanized recombinant antibody', E'Human IgG', E'CHO cells but it is a human antibody', E'CHO human antibody CDR chimeric', E'original antibody was a mouse anti-TF-Ag antigen created after TF-Ag-O CETE vaccination', E'Complete Freunds Adjuvant', E'PBS', E'Frozen', E'purification by protein A affinity chromatography', E'EIA', E'TF-Ag');
insert into cfg_5_2.experimentdata (id, title, "Status", "Title", "-1100022276", "Glycan_Array_Version", "Protocol_Id", "Replicate_Number", "Result_Nature", "1505767802", "-1183338289", "-491792363", "Assay_Information", "Annotation", "-786589929", "1137989877", "-1069682899", "819836718") values (64, E'Primary Screen : primscreen_6339', E'Public', E'The purpose of this request is to determine the glycan specificity of humanized constructs of monoclonal antibody JAA-F11.', E'cfg_rRequest_3011', E'PA_v52', E'Protocol Monoclonal Antibody', E'1', E'Data', E'200 micrograms/ml', E'06/03/2014', E'Kate Rittenhouse-Olson', E'Sample was detected with anti-human IgG-AF488 (5 ug/ml).', E'hJAA-F11-B11- 200', E'hJAA-F11-H1L1 (B11)_3550', E'Download', E'Search Readout', E'Click This Link to Launch the New Flex-based Glycan Array Data Browser Tool');
insert into cfg_5_2.requestdata (id, title, "Request_ID", "Status", "Project_Description", "CFG_Member?", "Requester_First_Name", "Requester_Last_Name", "447911925", "1339104825", "Assigned_First_Name", "Assigned_Last_Name", "Requester_Email", "Requester_Interest", "Request_Date", "Institution", "Shipping_Address", "Comments", "CFG_Core", "Resource_Type", "Amount_Requested", "-1475790216", "-643239159", "2039874986", "-1235327866", "GBP_being_Addressed", "5943919") values (64, E'cfg_rRequest_3011', E'cfg_rRequest_3011', E'Approved', E'The purpose of this request is to determine the glycan specificity of humanized constructs of monoclonal antibody JAA-F11.', E'Yes subgroups :2 :Glycans in immune recognition and function ,5 :Structural glycobiology ,3 :Glycans in cancer biology', E'Kate', E'Rittenhouse-Olson', E'Kate', E'Rittenhouse-Olson', E'Kate', E'Rittenhouse-Olson', E'krolson@buffalo.edu', E'This laboratory\'s focus is on the immune response to carbohydrate antigens, with an emphasis on modalities to analyze and to increase the immune response. We are also interested in carbohydrate drug targeting.', E'02/27/2014', E'University at Buffalo', E'44 Cary Hall Dept of BCLS University at Buffalo Buffalo, NY 14214', E'We have 3 more humanized constructs to test to see if they have the same specificity as JAA-F11 mouse antibody to TF-Ag', E'H', E'MicroArray', E'', E'03/10/2014', E'Glycan specificity of humanized constructs of JAA-F11', E'Y', E'Jamie Heimburg- Molinaro', E'These are human IgG1 antibodies, so detect them with fluorescently labeled anti-human', E'* 1. Define the specificity and affinity for carbohydrate ligands');
insert into "cfg_5_2".link (id, linkText, href, parentCell) values (399, E'SAMPLE View : hJAA-F11-H1L1 (B11)_3550', E'http://www.functionalglycomics.org/glycomics/SampleServlet?pageType=view&templateKey=18&key=3550&rrid=cfg_rRequest_3011&operationType=view', 0);
insert into "cfg_5_2".experiment_link(experiment_id, link_id) values (64, 399);
insert into "cfg_5_2".link (id, linkText, href, parentCell) values (400, E'Kate Rittenhouse-Olson', E'http://www.smbs.buffalo.edu/wcmpi/Associates/Rittenhouse.html', 3);
insert into "cfg_5_2".experiment_link(experiment_id, link_id) values (64, 400);
insert into "cfg_5_2".link (id, linkText, href, parentCell) values (401, E' Glycan Array:3011', E'/glycomics/ResourceServlet?operation=viewById&resourceRequestId=cfg_rRequest_3011&View=View', 0);
insert into "cfg_5_2".experiment_link(experiment_id, link_id) values (64, 401);
insert into cfg_5_2.protocoldata (id, title, "Title", "Core", "Category", "Keyword", "Date__mm_dd_yyyy_", "Overview") values (64, E'Protocol : cfgPTC_244', E'Protocol Monoclonal Antibody', E'H', E'Lectin-Glycan Binding', E'Monoclonal Antibodies', E'02/13/2009', E'Antibody is diluted to an appropriate concentration in standard binding buffer (TSM, 1% BSA and 0.05% Tween 20).  Seventy microliters is applied to the printed surface of the array, cover slip is applied, and incubated at room temperature in a humidified chamber away from light for one hour.  The cover slip is removed and the slide is rinsed 4 times in standard TSM washing buffer containing 0.05% Tween and 4 times in TSM buffer without Tween. Seventy microliters of the appropriate fluorescently labeled secondary antibody diluted in TSM buffer is added to the slide for one hour in a humidified chamber away from light as described. Washes are performed as above, followed by 4 washes in distilled water. ');
insert into "cfg_5_2".link (id, linkText, href, parentCell) values (402, E'Protocol Description (PDF)', E'http://www.functionalglycomics.org/glycomics/DFileServlet?operation=display&objType=protocol&protocolId=cfgPTC_244', null);
insert into "cfg_5_2".experiment_link(experiment_id, link_id) values (64, 402);
insert into "cfg_5_2".link (id, linkText, href, parentCell) values (403, E'<img src="/glycomics/common/images/presentation/array_inactive.jpg" alt="View Primary Screen Information" name="data_button_h_421" width="40" height="40" border="0" id="data_button_h_421">', E'http://www.functionalglycomics.org:80/glycomics/HServlet?operation=view&sideMenu=no&psId=primscreen_6339', 0);
insert into "cfg_5_2".experiment_link(experiment_id, link_id) values (64, 403);
insert into "cfg_5_2".link (id, linkText, href, parentCell) values (404, E'<img src="/glycomics/common/images/presentation/data_inactive.jpg" alt="Raw Data" name="dat_button_h_421" width="40" height="40" border="0" id="dat_button_h_421">', E'http://www.functionalglycomics.org:80/glycomics/HFileServlet?operation=downloadRawFile&fileType=DAT&sideMenu=no&objId=1006338', 1);
insert into "cfg_5_2".experiment_link(experiment_id, link_id) values (64, 404);
insert into "cfg_5_2".experiment (id, primscreen, sample_name, species, protein_family, investigator, request, date, sample_data_id, experiment_data_id, request_data_id, filename) values (64, '6339', E'hJAA-F11-B11- 200:hJAA-F11-B11- 200', E'Not Applicable', E'Not Applicable', E'Kate Rittenhouse-Olson', E'Glycan Array:3011', 'Feb 03, 15', 64, 64, 64, E'hJAA-F11-B11_200ug_16940_v5.2_DATA.xls');


insert into cfg_5_2.sampledata (id, title, "Sample_Name", "Organism_Cells", "-116683742", "1943838091", "-227934913", "443812426", "-1958838658", "69234834", "987326654", "114605882", "-1726439334") values (65, E'Sample Information : A/canine/Iowa/13628/2005(H3N8) wild type strain and mutants_3457', E'A/canine/Iowa/13628/2005(H3N8) wild type strain and mutants', E'Influenza A viruses', E'canine and laboratory generated', E'The seed virus A/canine/Iowa/13628/2005(H3N8) was isolated from canine.', E'These samples include one H3N8 canine influenza virus wild type reassortant (A/canine/Iowa/13628/2005(H3N8) (HA,NA)xPR8) and three H3N8 canine influenza virus mutants (A/canine/Iowa/13628/2005(H3N8) (HA-K54N,NA)xPR8 (H3N8); A/canine/Iowa/13628/2005(H3N8) (HA-S54N,NA)xPR8 (H3N8); A/canine/Iowa/13628/2005(H3N8) (HA-L222W,NA)xPR8 (H3N8)).', E'Host tropism of canine influenza viruses', E'Alexa488; each labeled virus has a titer over 10,000 HA units/mL', E'The wild type reassortant and mutants were generated in Dr. Wan\'\'s lab.', E'Unknown', E'Yang, G., S. Li, S. Blackmon, J. Ye, K. C. Bradley, J. Cooley, D. Smith, L. Hanson, C. Cardona, D. Steinhauer, R. Webby, M. Liao, and X.-F. Wan. 2013. Mutation tryptophan to leucine at the position 222 of hemagglutinin could facilitate H3N2 influenza A virus infection in dogs. Journal of General Virology, 12:2599-608.', E'HA assay');
insert into cfg_5_2.experimentdata (id, title, "Status", "Title", "-1100022276", "Glycan_Array_Version", "Protocol_Id", "Replicate_Number", "Result_Nature", "-1183338289", "-491792363", "Assay_Information", "Annotation", "-786589929", "1137989877", "-1069682899", "819836718") values (65, E'Primary Screen : primscreen_6334', E'Public', E'The purpose of this request is to study the structural determinants for host tropisms of canine influenza viruses by investigating glycan binding profiles of equine-origin canine influenza virus and mutants', E'cfg_rRequest_3003', E'PA_v52', E'Protocol Direct Binding', E'1', E'Data', E'04/25/2014', E'Xiu-Feng (Henry) Wan', E'Sample was tested at 10,000 HAU/ml in PBS + 1 mM EDTA and was AF488 labeled.', E'H3N8-HA WT', E'A/canine/Iowa/13628/2005(H3N8) wild type strain and mutants_3457', E'Download', E'Search Readout', E'Click This Link to Launch the New Flex-based Glycan Array Data Browser Tool');
insert into cfg_5_2.requestdata (id, title, "Request_ID", "Status", "Project_Description", "CFG_Member?", "Requester_First_Name", "Requester_Last_Name", "447911925", "1339104825", "Assigned_First_Name", "Assigned_Last_Name", "Requester_Email", "Requester_Interest", "Request_Date", "Institution", "Shipping_Address", "CFG_Core", "Resource_Type", "Amount_Requested", "-1475790216", "-643239159", "2039874986", "-1235327866", "GBP_being_Addressed", "5943919") values (65, E'cfg_rRequest_3003', E'cfg_rRequest_3003', E'Approved', E'The purpose of this request is to study the structural determinants for host tropisms of canine influenza viruses by investigating glycan binding profiles of equine-origin canine influenza virus and mutants', E'Yes subgroups :1 :Glycans in host-microbe interactions ,7 :Glycomics and glycoinformatics', E'Henry', E'Wan', E'Henry', E'Wan', E'Xiu-Feng (Henry)', E'Wan', E'wan@cvm.msstate.edu', E'This laboratory focuses in the host-pathogen interaction of influenza viruses and other zoonotic RNA viruses involved in respiratory diseases in human and animals', E'02/04/2014', E'Mississippi State University', E'R2219, Department of Basic Sciences, College of Veterinary Medicine, Mississippi State University, Mississippi State, MS', E'H', E'MicroArray', E'', E'04/30/2014', E'This project proposes to study the structural determinants for host tropisms of canine influenza viruses by investigating glycan binding profiles of equine-origin canine influenza virus and mutants.', E'Y', E'Henry Wan', E'Samples will be directly labeled with a fluorescent tag (Alexa488)', E'* 3. Identify the ligand(s) that mediate GBP binding * 5. Determine the structures of selected GBPs');
insert into "cfg_5_2".link (id, linkText, href, parentCell) values (405, E'SAMPLE View : A/canine/Iowa/13628/2005(H3N8) wild type strain and mutants_3457', E'http://www.functionalglycomics.org/glycomics/SampleServlet?pageType=view&templateKey=107&key=3457&rrid=cfg_rRequest_3003&operationType=view', 0);
insert into "cfg_5_2".experiment_link(experiment_id, link_id) values (65, 405);
insert into "cfg_5_2".link (id, linkText, href, parentCell) values (406, E'Xiu-Feng (Henry) Wan', E'http://www.cvm.msstate.edu/basic_sciences/faculty/wan_henry.html', 3);
insert into "cfg_5_2".experiment_link(experiment_id, link_id) values (65, 406);
insert into "cfg_5_2".link (id, linkText, href, parentCell) values (407, E' Glycan Array:3003', E'/glycomics/ResourceServlet?operation=viewById&resourceRequestId=cfg_rRequest_3003&View=View', 0);
insert into "cfg_5_2".experiment_link(experiment_id, link_id) values (65, 407);
insert into cfg_5_2.protocoldata (id, title, "Title", "Core", "Category", "Keyword", "Date__mm_dd_yyyy_", "Overview") values (65, E'Protocol : cfgPTC_243', E'Protocol Direct Binding', E'H', E'Lectin-Glycan Binding', E'Directly Labeled Samples', E'02/13/2009', E'Fluorescently labeled sample is diluted to an appropriate concentration in standard binding buffer (TSM, 1% BSA and 0.05% Tween 20). Seventy microliters is applied to the printed surface of the array, cover slip is applied, and incubated at room temperature in a humidified chamber away from light for one hour. The cover slip is removed and the slide is rinsed 4 times in standard TSM washing buffer containing 0.05% Tween, 4 times in TSM buffer without Tween, and 4 times in distilled water. ');
insert into "cfg_5_2".link (id, linkText, href, parentCell) values (408, E'Protocol Description (PDF)', E'http://www.functionalglycomics.org/glycomics/DFileServlet?operation=display&objType=protocol&protocolId=cfgPTC_243', null);
insert into "cfg_5_2".experiment_link(experiment_id, link_id) values (65, 408);
insert into "cfg_5_2".link (id, linkText, href, parentCell) values (409, E'<img src="/glycomics/common/images/presentation/array_inactive.jpg" alt="View Primary Screen Information" name="data_button_h_423" width="40" height="40" border="0" id="data_button_h_423">', E'http://www.functionalglycomics.org:80/glycomics/HServlet?operation=view&sideMenu=no&psId=primscreen_6334', 0);
insert into "cfg_5_2".experiment_link(experiment_id, link_id) values (65, 409);
insert into "cfg_5_2".link (id, linkText, href, parentCell) values (410, E'<img src="/glycomics/common/images/presentation/data_inactive.jpg" alt="Raw Data" name="dat_button_h_423" width="40" height="40" border="0" id="dat_button_h_423">', E'http://www.functionalglycomics.org:80/glycomics/HFileServlet?operation=downloadRawFile&fileType=DAT&sideMenu=no&objId=1006333', 1);
insert into "cfg_5_2".experiment_link(experiment_id, link_id) values (65, 410);
insert into "cfg_5_2".experiment (id, primscreen, sample_name, species, protein_family, investigator, request, date, sample_data_id, experiment_data_id, request_data_id, filename) values (65, '6334', E'H3N8-HA WT:H3N8-HA WT', E'Not Applicable', E'Not Applicable', E'Xiu-Feng (Henry) Wan', E'Glycan Array:3003', 'Dec 22, 14', 65, 65, 65, E'H3N8-HAWT_16867_v5.2_DATA.xls');


insert into cfg_5_2.sampledata (id, title, "Name", "Complete_Name", "Family", "Sub_Family", "Spec_Sci_Name", "Estimated_purity", "1001016772", "Status", "Primary_Sequence", "Comments", "-436221455") values (66, E'Glycan Binding Protein : cbp_3245', E'Dioscorea bulbifera Tuber Lectin', E'DBTL', E'Plant/Fungal Lectin', E'Not known', E'Dioscorea bulbifera Tuber lectin', E'The purity of DBTL is confirmed by SDS PAGE and Gel filteration chromatography', E'12/21/2013', E'Not Finalized', E'Notdetermi ned', E'The lectin activity is confirmed by hemagglutination assay using trypsinised rabbit erythrocytes and inhibition by using haptens like transferrin and mannans', E'A mannose binding lectin with Molecular weight of 24 k Da was purified from plant tuber, Dioscorea bulbifera by mucin-sepharose affinity chromatography. DBL shows hemagglutinating activity towards only trypsinised rabbit erythrocytes and its activity is strongly inhibited by transferrin, high mannan and moderately by mucin , asialomucin fetuin and asialofetuin. DBL activity is stable over a broad range of pH 2 to 9.0 and at temperatures from 27 to 50° C');
insert into cfg_5_2.experimentdata (id, title, "Status", "Title", "-1100022276", "Glycan_Array_Version", "Protocol_Id", "Replicate_Number", "Result_Nature", "1505767802", "-1183338289", "-491792363", "Assay_Information", "Annotation", "1635439566", "1137989877", "-1069682899", "819836718") values (66, E'Primary Screen : primscreen_6333', E'Public', E'This is a request for the glycan array analysis of a mannose binding lectin isolated from Edible tuber Dioscorea bulbifera.', E'cfg_rRequest_2921', E'PA_v52', E'Protocol Biotinylated Samples', E'1', E'Data', E'2 micrograms/ml', E'05/21/2014', E'Shashikala Inamdar', E'Sample was diluted in standard buffer and detected with Cy5-Streptavidin (5 ug/ml).', E'DBL-1-2', E'Dioscorea bulbifera Tuber Lectin', E'Download', E'Search Readout', E'Click This Link to Launch the New Flex-based Glycan Array Data Browser Tool');
insert into cfg_5_2.requestdata (id, title, "Request_ID", "Status", "Project_Description", "CFG_Member?", "Requester_First_Name", "Requester_Last_Name", "447911925", "1339104825", "Assigned_First_Name", "Assigned_Last_Name", "Requester_Email", "Requester_Interest", "Request_Date", "Institution", "Shipping_Address", "Comments", "CFG_Core", "Resource_Type", "Amount_Requested", "-643239159", "2039874986", "-1235327866", "GBP_being_Addressed", "5943919") values (66, E'cfg_rRequest_2921', E'cfg_rRequest_2921', E'Approved', E'This is a request for the glycan array analysis of a mannose binding lectin isolated from Edible tuber Dioscorea bulbifera.', E'Yes subgroups :3 :Glycans in cancer biology', E'Dr. Shashikala', E'Inamdar', E'Dr. Murugiswamy', E'Bale', E'Shashikala', E'Inamdar', E'pinkisri2001@yahoo.co.in', E'This laboratory focused in lectins from fungi & plants, studying their interaction with cell surface molecules for their possible application in cancer research.', E'08/30/2013', E'Karnatak University Dharwad, India', E'David F,Smith Professor of Biochemistry, Director of core H, Emory University, School of medicine, Dept. of Biochemistry, O. Wayne Rollins Research centre, Room No - 40201510 Clifton road, NE, Atlanta, GA - 30322', E'We request for the glycan array analysis of a mannose binding lectin isolated from Edible tuber Dioscorea bulbifera and purified by affinity chromatography. Lectin activity has been confirmed by hemagglutination assay using trypsinized rabbit erythrocytes and sugar specificity is confirmed by hapten inhibition studies. which reveals its specificity towards some complex glycans such as fetuin, asialofetuin, mucin, asialomucin and high mannose glycan moiety but not for simple sugars.', E'H', E'MicroArray', E'', E'Mannose binding lectins are known for their insecticidal and cell biological applications. However there are only two reports on lectins from Dioscoria species and no reports available on their fine sugar specificity. Hence it needs detailed glycan array analysis of this new mannose binding lectin to explore its possible applications.', E'Y', E'Dr. Shashikala R. Inamdar', E'Biotinylated lectin', E'* 1. Define the specificity and affinity for carbohydrate ligands');
insert into "cfg_5_2".link (id, linkText, href, parentCell) values (411, E'Dioscorea bulbifera Tuber Lectin:DBL-1-2', E'http://www.functionalglycomics.org:80/glycomics/GBPServlet?pageType=view&view=view&operationType=view&cbpId=cbp_3245&sideMenu=no', 0);
insert into "cfg_5_2".experiment_link(experiment_id, link_id) values (66, 411);
insert into "cfg_5_2".link (id, linkText, href, parentCell) values (412, E'PROTEIN View:cbp_3245', E'http://www.functionalglycomics.org:80/glycomics/GBPServlet?pageType=view&view=view&operationType=view&cbpId=cbp_3245&sideMenu=no', 0);
insert into "cfg_5_2".experiment_link(experiment_id, link_id) values (66, 412);
insert into "cfg_5_2".link (id, linkText, href, parentCell) values (413, E'Shashikala Inamdar', E'http://www.kud.ac.in/PG_Deparments/Science_Departments/Bio-Chemistry/faculty.htm', 3);
insert into "cfg_5_2".experiment_link(experiment_id, link_id) values (66, 413);
insert into "cfg_5_2".link (id, linkText, href, parentCell) values (414, E' Glycan Array:2921', E'/glycomics/ResourceServlet?operation=viewById&resourceRequestId=cfg_rRequest_2921&View=View', 0);
insert into "cfg_5_2".experiment_link(experiment_id, link_id) values (66, 414);
insert into cfg_5_2.protocoldata (id, title, "Title", "Core", "Category", "Keyword", "Date__mm_dd_yyyy_", "Overview") values (66, E'Protocol : cfgPTC_242', E'Protocol Biotinylated Samples', E'H', E'Lectin-Glycan Binding', E'Biotinylated Samples', E'02/13/2009', E'Biotinylated sample is diluted to an appropriate concentration in standard binding buffer (TSM, 1% BSA and 0.05% Tween 20).  Seventy microliters is applied to the printed surface of the array, cover slip is applied, and incubated at room temperature in a humidified chamber away from light for one hour. The cover slip is removed and the slide is rinsed 4 times in standard TSM washing buffer containing 0.05% Tween and 4 times in TSM buffer without Tween.  Seventy microliters of fluorescently labeled streptavidin in standard TSM binding buffer is added to the slide for one hour at room temperature in a humidified chamber away from light as described.  Washes are performed as above, followed by 4 washes in distilled water. 
');
insert into "cfg_5_2".link (id, linkText, href, parentCell) values (415, E'Protocol Description (PDF)', E'http://www.functionalglycomics.org/glycomics/DFileServlet?operation=display&objType=protocol&protocolId=cfgPTC_242', null);
insert into "cfg_5_2".experiment_link(experiment_id, link_id) values (66, 415);
insert into "cfg_5_2".link (id, linkText, href, parentCell) values (416, E'<img src="/glycomics/common/images/presentation/array_inactive.jpg" alt="View Primary Screen Information" name="data_button_h_426" width="40" height="40" border="0" id="data_button_h_426">', E'http://www.functionalglycomics.org:80/glycomics/HServlet?operation=view&sideMenu=no&psId=primscreen_6333', 0);
insert into "cfg_5_2".experiment_link(experiment_id, link_id) values (66, 416);
insert into "cfg_5_2".link (id, linkText, href, parentCell) values (417, E'<img src="/glycomics/common/images/presentation/data_inactive.jpg" alt="Raw Data" name="dat_button_h_426" width="40" height="40" border="0" id="dat_button_h_426">', E'http://www.functionalglycomics.org:80/glycomics/HFileServlet?operation=downloadRawFile&fileType=DAT&sideMenu=no&objId=1006332', 1);
insert into "cfg_5_2".experiment_link(experiment_id, link_id) values (66, 417);
insert into "cfg_5_2".experiment (id, primscreen, sample_name, species, protein_family, investigator, request, date, sample_data_id, experiment_data_id, request_data_id, filename) values (66, '6333', E'Dioscorea bulbifera Tuber Lectin:DBL-1-2', E'Plant', E'Plant/Fungal Lectin', E'Shashikala Inamdar', E'Glycan Array:2921', 'Dec 22, 14', 66, 66, 66, E'DBL-1_16915_v5.2_2ug_DATA.xls');


insert into cfg_5_2.sampledata (id, title, "Name", "Complete_Name", "Family", "Sub_Family", "Spec_Sci_Name", "Estimated_purity", "1001016772", "Status", "Primary_Sequence", "Comments", "-436221455") values (67, E'Glycan Binding Protein : cbp_3245', E'Dioscorea bulbifera Tuber Lectin', E'DBTL', E'Plant/Fungal Lectin', E'Not known', E'Dioscorea bulbifera Tuber lectin', E'The purity of DBTL is confirmed by SDS PAGE and Gel filteration chromatography', E'12/21/2013', E'Not Finalized', E'Notdetermi ned', E'The lectin activity is confirmed by hemagglutination assay using trypsinised rabbit erythrocytes and inhibition by using haptens like transferrin and mannans', E'A mannose binding lectin with Molecular weight of 24 k Da was purified from plant tuber, Dioscorea bulbifera by mucin-sepharose affinity chromatography. DBL shows hemagglutinating activity towards only trypsinised rabbit erythrocytes and its activity is strongly inhibited by transferrin, high mannan and moderately by mucin , asialomucin fetuin and asialofetuin. DBL activity is stable over a broad range of pH 2 to 9.0 and at temperatures from 27 to 50° C');
insert into cfg_5_2.experimentdata (id, title, "Status", "Title", "-1100022276", "Glycan_Array_Version", "Protocol_Id", "Replicate_Number", "Result_Nature", "1505767802", "-1183338289", "-491792363", "Assay_Information", "Annotation", "1635439566", "1137989877", "-1069682899", "819836718") values (67, E'Primary Screen : primscreen_6332', E'Public', E'This is a request for the glycan array analysis of a mannose binding lectin isolated from Edible tuber Dioscorea bulbifera.', E'cfg_rRequest_2921', E'PA_v52', E'Protocol Biotinylated Samples', E'1', E'Data', E'20 micrograms/ml', E'05/21/2014', E'Shashikala Inamdar', E'Sample was diluted in standard buffer and detected with Cy5-Streptavidin (5 ug/ml).', E'DBL-1-20', E'Dioscorea bulbifera Tuber Lectin', E'Download', E'Search Readout', E'Click This Link to Launch the New Flex-based Glycan Array Data Browser Tool');
insert into cfg_5_2.requestdata (id, title, "Request_ID", "Status", "Project_Description", "CFG_Member?", "Requester_First_Name", "Requester_Last_Name", "447911925", "1339104825", "Assigned_First_Name", "Assigned_Last_Name", "Requester_Email", "Requester_Interest", "Request_Date", "Institution", "Shipping_Address", "Comments", "CFG_Core", "Resource_Type", "Amount_Requested", "-643239159", "2039874986", "-1235327866", "GBP_being_Addressed", "5943919") values (67, E'cfg_rRequest_2921', E'cfg_rRequest_2921', E'Approved', E'This is a request for the glycan array analysis of a mannose binding lectin isolated from Edible tuber Dioscorea bulbifera.', E'Yes subgroups :3 :Glycans in cancer biology', E'Dr. Shashikala', E'Inamdar', E'Dr. Murugiswamy', E'Bale', E'Shashikala', E'Inamdar', E'pinkisri2001@yahoo.co.in', E'This laboratory focused in lectins from fungi & plants, studying their interaction with cell surface molecules for their possible application in cancer research.', E'08/30/2013', E'Karnatak University Dharwad, India', E'David F,Smith Professor of Biochemistry, Director of core H, Emory University, School of medicine, Dept. of Biochemistry, O. Wayne Rollins Research centre, Room No - 40201510 Clifton road, NE, Atlanta, GA - 30322', E'We request for the glycan array analysis of a mannose binding lectin isolated from Edible tuber Dioscorea bulbifera and purified by affinity chromatography. Lectin activity has been confirmed by hemagglutination assay using trypsinized rabbit erythrocytes and sugar specificity is confirmed by hapten inhibition studies. which reveals its specificity towards some complex glycans such as fetuin, asialofetuin, mucin, asialomucin and high mannose glycan moiety but not for simple sugars.', E'H', E'MicroArray', E'', E'Mannose binding lectins are known for their insecticidal and cell biological applications. However there are only two reports on lectins from Dioscoria species and no reports available on their fine sugar specificity. Hence it needs detailed glycan array analysis of this new mannose binding lectin to explore its possible applications.', E'Y', E'Dr. Shashikala R. Inamdar', E'Biotinylated lectin', E'* 1. Define the specificity and affinity for carbohydrate ligands');
insert into "cfg_5_2".link (id, linkText, href, parentCell) values (418, E'Dioscorea bulbifera Tuber Lectin:DBL-1-20', E'http://www.functionalglycomics.org:80/glycomics/GBPServlet?pageType=view&view=view&operationType=view&cbpId=cbp_3245&sideMenu=no', 0);
insert into "cfg_5_2".experiment_link(experiment_id, link_id) values (67, 418);
insert into "cfg_5_2".link (id, linkText, href, parentCell) values (419, E'PROTEIN View:cbp_3245', E'http://www.functionalglycomics.org:80/glycomics/GBPServlet?pageType=view&view=view&operationType=view&cbpId=cbp_3245&sideMenu=no', 0);
insert into "cfg_5_2".experiment_link(experiment_id, link_id) values (67, 419);
insert into "cfg_5_2".link (id, linkText, href, parentCell) values (420, E'Shashikala Inamdar', E'http://www.kud.ac.in/PG_Deparments/Science_Departments/Bio-Chemistry/faculty.htm', 3);
insert into "cfg_5_2".experiment_link(experiment_id, link_id) values (67, 420);
insert into "cfg_5_2".link (id, linkText, href, parentCell) values (421, E' Glycan Array:2921', E'/glycomics/ResourceServlet?operation=viewById&resourceRequestId=cfg_rRequest_2921&View=View', 0);
insert into "cfg_5_2".experiment_link(experiment_id, link_id) values (67, 421);
insert into cfg_5_2.protocoldata (id, title, "Title", "Core", "Category", "Keyword", "Date__mm_dd_yyyy_", "Overview") values (67, E'Protocol : cfgPTC_242', E'Protocol Biotinylated Samples', E'H', E'Lectin-Glycan Binding', E'Biotinylated Samples', E'02/13/2009', E'Biotinylated sample is diluted to an appropriate concentration in standard binding buffer (TSM, 1% BSA and 0.05% Tween 20).  Seventy microliters is applied to the printed surface of the array, cover slip is applied, and incubated at room temperature in a humidified chamber away from light for one hour. The cover slip is removed and the slide is rinsed 4 times in standard TSM washing buffer containing 0.05% Tween and 4 times in TSM buffer without Tween.  Seventy microliters of fluorescently labeled streptavidin in standard TSM binding buffer is added to the slide for one hour at room temperature in a humidified chamber away from light as described.  Washes are performed as above, followed by 4 washes in distilled water. 
');
insert into "cfg_5_2".link (id, linkText, href, parentCell) values (422, E'Protocol Description (PDF)', E'http://www.functionalglycomics.org/glycomics/DFileServlet?operation=display&objType=protocol&protocolId=cfgPTC_242', null);
insert into "cfg_5_2".experiment_link(experiment_id, link_id) values (67, 422);
insert into "cfg_5_2".link (id, linkText, href, parentCell) values (423, E'<img src="/glycomics/common/images/presentation/array_inactive.jpg" alt="View Primary Screen Information" name="data_button_h_427" width="40" height="40" border="0" id="data_button_h_427">', E'http://www.functionalglycomics.org:80/glycomics/HServlet?operation=view&sideMenu=no&psId=primscreen_6332', 0);
insert into "cfg_5_2".experiment_link(experiment_id, link_id) values (67, 423);
insert into "cfg_5_2".link (id, linkText, href, parentCell) values (424, E'<img src="/glycomics/common/images/presentation/data_inactive.jpg" alt="Raw Data" name="dat_button_h_427" width="40" height="40" border="0" id="dat_button_h_427">', E'http://www.functionalglycomics.org:80/glycomics/HFileServlet?operation=downloadRawFile&fileType=DAT&sideMenu=no&objId=1006331', 1);
insert into "cfg_5_2".experiment_link(experiment_id, link_id) values (67, 424);
insert into "cfg_5_2".experiment (id, primscreen, sample_name, species, protein_family, investigator, request, date, sample_data_id, experiment_data_id, request_data_id, filename) values (67, '6332', E'Dioscorea bulbifera Tuber Lectin:DBL-1-20', E'Plant', E'Plant/Fungal Lectin', E'Shashikala Inamdar', E'Glycan Array:2921', 'Dec 22, 14', 67, 67, 67, E'DBL-1_16915_v5.2_20ug_DATA.xls');


insert into cfg_5_2.sampledata (id, title, "Name", "Complete_Name", "Family", "Sub_Family", "Spec_Sci_Name", "Estimated_purity", "1001016772", "Status", "Primary_Sequence", "Comments", "-436221455") values (68, E'Glycan Binding Protein : cbp_3245', E'Dioscorea bulbifera Tuber Lectin', E'DBTL', E'Plant/Fungal Lectin', E'Not known', E'Dioscorea bulbifera Tuber lectin', E'The purity of DBTL is confirmed by SDS PAGE and Gel filteration chromatography', E'12/21/2013', E'Not Finalized', E'Notdetermi ned', E'The lectin activity is confirmed by hemagglutination assay using trypsinised rabbit erythrocytes and inhibition by using haptens like transferrin and mannans', E'A mannose binding lectin with Molecular weight of 24 k Da was purified from plant tuber, Dioscorea bulbifera by mucin-sepharose affinity chromatography. DBL shows hemagglutinating activity towards only trypsinised rabbit erythrocytes and its activity is strongly inhibited by transferrin, high mannan and moderately by mucin , asialomucin fetuin and asialofetuin. DBL activity is stable over a broad range of pH 2 to 9.0 and at temperatures from 27 to 50° C');
insert into cfg_5_2.experimentdata (id, title, "Status", "Title", "-1100022276", "Glycan_Array_Version", "Protocol_Id", "Replicate_Number", "Result_Nature", "1505767802", "-1183338289", "-491792363", "Assay_Information", "Annotation", "1635439566", "1137989877", "-1069682899", "819836718") values (68, E'Primary Screen : primscreen_6331', E'Public', E'This is a request for the glycan array analysis of a mannose binding lectin isolated from Edible tuber Dioscorea bulbifera.', E'cfg_rRequest_2921', E'PA_v52', E'Protocol Biotinylated Samples', E'1', E'Data', E'200 micrograms/ml', E'05/15/2014', E'Shashikala Inamdar', E'Sample was diluted in standard buffer and detected with Cy5-Streptavidin (5 ug/ml).', E'DBL-1-200', E'Dioscorea bulbifera Tuber Lectin', E'Download', E'Search Readout', E'Click This Link to Launch the New Flex-based Glycan Array Data Browser Tool');
insert into cfg_5_2.requestdata (id, title, "Request_ID", "Status", "Project_Description", "CFG_Member?", "Requester_First_Name", "Requester_Last_Name", "447911925", "1339104825", "Assigned_First_Name", "Assigned_Last_Name", "Requester_Email", "Requester_Interest", "Request_Date", "Institution", "Shipping_Address", "Comments", "CFG_Core", "Resource_Type", "Amount_Requested", "-643239159", "2039874986", "-1235327866", "GBP_being_Addressed", "5943919") values (68, E'cfg_rRequest_2921', E'cfg_rRequest_2921', E'Approved', E'This is a request for the glycan array analysis of a mannose binding lectin isolated from Edible tuber Dioscorea bulbifera.', E'Yes subgroups :3 :Glycans in cancer biology', E'Dr. Shashikala', E'Inamdar', E'Dr. Murugiswamy', E'Bale', E'Shashikala', E'Inamdar', E'pinkisri2001@yahoo.co.in', E'This laboratory focused in lectins from fungi & plants, studying their interaction with cell surface molecules for their possible application in cancer research.', E'08/30/2013', E'Karnatak University Dharwad, India', E'David F,Smith Professor of Biochemistry, Director of core H, Emory University, School of medicine, Dept. of Biochemistry, O. Wayne Rollins Research centre, Room No - 40201510 Clifton road, NE, Atlanta, GA - 30322', E'We request for the glycan array analysis of a mannose binding lectin isolated from Edible tuber Dioscorea bulbifera and purified by affinity chromatography. Lectin activity has been confirmed by hemagglutination assay using trypsinized rabbit erythrocytes and sugar specificity is confirmed by hapten inhibition studies. which reveals its specificity towards some complex glycans such as fetuin, asialofetuin, mucin, asialomucin and high mannose glycan moiety but not for simple sugars.', E'H', E'MicroArray', E'', E'Mannose binding lectins are known for their insecticidal and cell biological applications. However there are only two reports on lectins from Dioscoria species and no reports available on their fine sugar specificity. Hence it needs detailed glycan array analysis of this new mannose binding lectin to explore its possible applications.', E'Y', E'Dr. Shashikala R. Inamdar', E'Biotinylated lectin', E'* 1. Define the specificity and affinity for carbohydrate ligands');
insert into "cfg_5_2".link (id, linkText, href, parentCell) values (425, E'Dioscorea bulbifera Tuber Lectin:DBL-1-200', E'http://www.functionalglycomics.org:80/glycomics/GBPServlet?pageType=view&view=view&operationType=view&cbpId=cbp_3245&sideMenu=no', 0);
insert into "cfg_5_2".experiment_link(experiment_id, link_id) values (68, 425);
insert into "cfg_5_2".link (id, linkText, href, parentCell) values (426, E'PROTEIN View:cbp_3245', E'http://www.functionalglycomics.org:80/glycomics/GBPServlet?pageType=view&view=view&operationType=view&cbpId=cbp_3245&sideMenu=no', 0);
insert into "cfg_5_2".experiment_link(experiment_id, link_id) values (68, 426);
insert into "cfg_5_2".link (id, linkText, href, parentCell) values (427, E'Shashikala Inamdar', E'http://www.kud.ac.in/PG_Deparments/Science_Departments/Bio-Chemistry/faculty.htm', 3);
insert into "cfg_5_2".experiment_link(experiment_id, link_id) values (68, 427);
insert into "cfg_5_2".link (id, linkText, href, parentCell) values (428, E' Glycan Array:2921', E'/glycomics/ResourceServlet?operation=viewById&resourceRequestId=cfg_rRequest_2921&View=View', 0);
insert into "cfg_5_2".experiment_link(experiment_id, link_id) values (68, 428);
insert into cfg_5_2.protocoldata (id, title, "Title", "Core", "Category", "Keyword", "Date__mm_dd_yyyy_", "Overview") values (68, E'Protocol : cfgPTC_242', E'Protocol Biotinylated Samples', E'H', E'Lectin-Glycan Binding', E'Biotinylated Samples', E'02/13/2009', E'Biotinylated sample is diluted to an appropriate concentration in standard binding buffer (TSM, 1% BSA and 0.05% Tween 20).  Seventy microliters is applied to the printed surface of the array, cover slip is applied, and incubated at room temperature in a humidified chamber away from light for one hour. The cover slip is removed and the slide is rinsed 4 times in standard TSM washing buffer containing 0.05% Tween and 4 times in TSM buffer without Tween.  Seventy microliters of fluorescently labeled streptavidin in standard TSM binding buffer is added to the slide for one hour at room temperature in a humidified chamber away from light as described.  Washes are performed as above, followed by 4 washes in distilled water. 
');
insert into "cfg_5_2".link (id, linkText, href, parentCell) values (429, E'Protocol Description (PDF)', E'http://www.functionalglycomics.org/glycomics/DFileServlet?operation=display&objType=protocol&protocolId=cfgPTC_242', null);
insert into "cfg_5_2".experiment_link(experiment_id, link_id) values (68, 429);
insert into "cfg_5_2".link (id, linkText, href, parentCell) values (430, E'<img src="/glycomics/common/images/presentation/array_inactive.jpg" alt="View Primary Screen Information" name="data_button_h_428" width="40" height="40" border="0" id="data_button_h_428">', E'http://www.functionalglycomics.org:80/glycomics/HServlet?operation=view&sideMenu=no&psId=primscreen_6331', 0);
insert into "cfg_5_2".experiment_link(experiment_id, link_id) values (68, 430);
insert into "cfg_5_2".link (id, linkText, href, parentCell) values (431, E'<img src="/glycomics/common/images/presentation/data_inactive.jpg" alt="Raw Data" name="dat_button_h_428" width="40" height="40" border="0" id="dat_button_h_428">', E'http://www.functionalglycomics.org:80/glycomics/HFileServlet?operation=downloadRawFile&fileType=DAT&sideMenu=no&objId=1006330', 1);
insert into "cfg_5_2".experiment_link(experiment_id, link_id) values (68, 431);
insert into "cfg_5_2".experiment (id, primscreen, sample_name, species, protein_family, investigator, request, date, sample_data_id, experiment_data_id, request_data_id, filename) values (68, '6331', E'Dioscorea bulbifera Tuber Lectin:DBL-1-200', E'Plant', E'Plant/Fungal Lectin', E'Shashikala Inamdar', E'Glycan Array:2921', 'Dec 22, 14', 68, 68, 68, E'DBL-1_16904_v5.2_DATA.xls');


insert into cfg_5_2.sampledata (id, title, "Sample_Name", "Organism_Cells", "-116683742", "1943838091", "-227934913", "443812426", "-1958838658", "69234834", "987326654", "114605882", "-1726439334") values (69, E'Sample Information : A/canine/Iowa/13628/2005(H3N8) wild type strain and mutants_3457', E'A/canine/Iowa/13628/2005(H3N8) wild type strain and mutants', E'Influenza A viruses', E'canine and laboratory generated', E'The seed virus A/canine/Iowa/13628/2005(H3N8) was isolated from canine.', E'These samples include one H3N8 canine influenza virus wild type reassortant (A/canine/Iowa/13628/2005(H3N8) (HA,NA)xPR8) and three H3N8 canine influenza virus mutants (A/canine/Iowa/13628/2005(H3N8) (HA-K54N,NA)xPR8 (H3N8); A/canine/Iowa/13628/2005(H3N8) (HA-S54N,NA)xPR8 (H3N8); A/canine/Iowa/13628/2005(H3N8) (HA-L222W,NA)xPR8 (H3N8)).', E'Host tropism of canine influenza viruses', E'Alexa488; each labeled virus has a titer over 10,000 HA units/mL', E'The wild type reassortant and mutants were generated in Dr. Wan\'\'s lab.', E'Unknown', E'Yang, G., S. Li, S. Blackmon, J. Ye, K. C. Bradley, J. Cooley, D. Smith, L. Hanson, C. Cardona, D. Steinhauer, R. Webby, M. Liao, and X.-F. Wan. 2013. Mutation tryptophan to leucine at the position 222 of hemagglutinin could facilitate H3N2 influenza A virus infection in dogs. Journal of General Virology, 12:2599-608.', E'HA assay');
insert into cfg_5_2.experimentdata (id, title, "Status", "Title", "-1100022276", "Glycan_Array_Version", "Protocol_Id", "Replicate_Number", "Result_Nature", "-1183338289", "-491792363", "Assay_Information", "Annotation", "-786589929", "1137989877", "-1069682899", "819836718") values (69, E'Primary Screen : primscreen_6337', E'Public', E'The purpose of this request is to study the structural determinants for host tropisms of canine influenza viruses by investigating glycan binding profiles of equine-origin canine influenza virus and mutants', E'cfg_rRequest_3003', E'PA_v52', E'Protocol Direct Binding', E'1', E'Data', E'04/25/2014', E'Xiu-Feng (Henry) Wan', E'Sample was tested at 10,000 HAU/ml in PBS + 1 mM EDTA and was AF488 labeled.', E'H3N8-HA W222', E'A/canine/Iowa/13628/2005(H3N8) wild type strain and mutants_3457', E'Download', E'Search Readout', E'Click This Link to Launch the New Flex-based Glycan Array Data Browser Tool');
insert into cfg_5_2.requestdata (id, title, "Request_ID", "Status", "Project_Description", "CFG_Member?", "Requester_First_Name", "Requester_Last_Name", "447911925", "1339104825", "Assigned_First_Name", "Assigned_Last_Name", "Requester_Email", "Requester_Interest", "Request_Date", "Institution", "Shipping_Address", "CFG_Core", "Resource_Type", "Amount_Requested", "-1475790216", "-643239159", "2039874986", "-1235327866", "GBP_being_Addressed", "5943919") values (69, E'cfg_rRequest_3003', E'cfg_rRequest_3003', E'Approved', E'The purpose of this request is to study the structural determinants for host tropisms of canine influenza viruses by investigating glycan binding profiles of equine-origin canine influenza virus and mutants', E'Yes subgroups :1 :Glycans in host-microbe interactions ,7 :Glycomics and glycoinformatics', E'Henry', E'Wan', E'Henry', E'Wan', E'Xiu-Feng (Henry)', E'Wan', E'wan@cvm.msstate.edu', E'This laboratory focuses in the host-pathogen interaction of influenza viruses and other zoonotic RNA viruses involved in respiratory diseases in human and animals', E'02/04/2014', E'Mississippi State University', E'R2219, Department of Basic Sciences, College of Veterinary Medicine, Mississippi State University, Mississippi State, MS', E'H', E'MicroArray', E'', E'04/30/2014', E'This project proposes to study the structural determinants for host tropisms of canine influenza viruses by investigating glycan binding profiles of equine-origin canine influenza virus and mutants.', E'Y', E'Henry Wan', E'Samples will be directly labeled with a fluorescent tag (Alexa488)', E'* 3. Identify the ligand(s) that mediate GBP binding * 5. Determine the structures of selected GBPs');
insert into "cfg_5_2".link (id, linkText, href, parentCell) values (432, E'SAMPLE View : A/canine/Iowa/13628/2005(H3N8) wild type strain and mutants_3457', E'http://www.functionalglycomics.org/glycomics/SampleServlet?pageType=view&templateKey=107&key=3457&rrid=cfg_rRequest_3003&operationType=view', 0);
insert into "cfg_5_2".experiment_link(experiment_id, link_id) values (69, 432);
insert into "cfg_5_2".link (id, linkText, href, parentCell) values (433, E'Xiu-Feng (Henry) Wan', E'http://www.cvm.msstate.edu/basic_sciences/faculty/wan_henry.html', 3);
insert into "cfg_5_2".experiment_link(experiment_id, link_id) values (69, 433);
insert into "cfg_5_2".link (id, linkText, href, parentCell) values (434, E' Glycan Array:3003', E'/glycomics/ResourceServlet?operation=viewById&resourceRequestId=cfg_rRequest_3003&View=View', 0);
insert into "cfg_5_2".experiment_link(experiment_id, link_id) values (69, 434);
insert into cfg_5_2.protocoldata (id, title, "Title", "Core", "Category", "Keyword", "Date__mm_dd_yyyy_", "Overview") values (69, E'Protocol : cfgPTC_243', E'Protocol Direct Binding', E'H', E'Lectin-Glycan Binding', E'Directly Labeled Samples', E'02/13/2009', E'Fluorescently labeled sample is diluted to an appropriate concentration in standard binding buffer (TSM, 1% BSA and 0.05% Tween 20). Seventy microliters is applied to the printed surface of the array, cover slip is applied, and incubated at room temperature in a humidified chamber away from light for one hour. The cover slip is removed and the slide is rinsed 4 times in standard TSM washing buffer containing 0.05% Tween, 4 times in TSM buffer without Tween, and 4 times in distilled water. ');
insert into "cfg_5_2".link (id, linkText, href, parentCell) values (435, E'Protocol Description (PDF)', E'http://www.functionalglycomics.org/glycomics/DFileServlet?operation=display&objType=protocol&protocolId=cfgPTC_243', null);
insert into "cfg_5_2".experiment_link(experiment_id, link_id) values (69, 435);
insert into "cfg_5_2".link (id, linkText, href, parentCell) values (436, E'<img src="/glycomics/common/images/presentation/array_inactive.jpg" alt="View Primary Screen Information" name="data_button_h_430" width="40" height="40" border="0" id="data_button_h_430">', E'http://www.functionalglycomics.org:80/glycomics/HServlet?operation=view&sideMenu=no&psId=primscreen_6337', 0);
insert into "cfg_5_2".experiment_link(experiment_id, link_id) values (69, 436);
insert into "cfg_5_2".link (id, linkText, href, parentCell) values (437, E'<img src="/glycomics/common/images/presentation/data_inactive.jpg" alt="Raw Data" name="dat_button_h_430" width="40" height="40" border="0" id="dat_button_h_430">', E'http://www.functionalglycomics.org:80/glycomics/HFileServlet?operation=downloadRawFile&fileType=DAT&sideMenu=no&objId=1006336', 1);
insert into "cfg_5_2".experiment_link(experiment_id, link_id) values (69, 437);
insert into "cfg_5_2".experiment (id, primscreen, sample_name, species, protein_family, investigator, request, date, sample_data_id, experiment_data_id, request_data_id, filename) values (69, '6337', E'H3N8-HA W222:H3N8-HA W222', E'Not Applicable', E'Not Applicable', E'Xiu-Feng (Henry) Wan', E'Glycan Array:3003', 'Dec 22, 14', 69, 69, 69, E'H3N8_HA_W222_16870_v5.2_DATA.xls');


insert into cfg_5_2.sampledata (id, title, "Sample_Name", "Organism_Cells", "-116683742", "1943838091", "-227934913", "443812426", "-1958838658", "69234834", "987326654", "114605882", "-1726439334") values (70, E'Sample Information : A/canine/Iowa/13628/2005(H3N8) wild type strain and mutants_3457', E'A/canine/Iowa/13628/2005(H3N8) wild type strain and mutants', E'Influenza A viruses', E'canine and laboratory generated', E'The seed virus A/canine/Iowa/13628/2005(H3N8) was isolated from canine.', E'These samples include one H3N8 canine influenza virus wild type reassortant (A/canine/Iowa/13628/2005(H3N8) (HA,NA)xPR8) and three H3N8 canine influenza virus mutants (A/canine/Iowa/13628/2005(H3N8) (HA-K54N,NA)xPR8 (H3N8); A/canine/Iowa/13628/2005(H3N8) (HA-S54N,NA)xPR8 (H3N8); A/canine/Iowa/13628/2005(H3N8) (HA-L222W,NA)xPR8 (H3N8)).', E'Host tropism of canine influenza viruses', E'Alexa488; each labeled virus has a titer over 10,000 HA units/mL', E'The wild type reassortant and mutants were generated in Dr. Wan\'\'s lab.', E'Unknown', E'Yang, G., S. Li, S. Blackmon, J. Ye, K. C. Bradley, J. Cooley, D. Smith, L. Hanson, C. Cardona, D. Steinhauer, R. Webby, M. Liao, and X.-F. Wan. 2013. Mutation tryptophan to leucine at the position 222 of hemagglutinin could facilitate H3N2 influenza A virus infection in dogs. Journal of General Virology, 12:2599-608.', E'HA assay');
insert into cfg_5_2.experimentdata (id, title, "Status", "Title", "-1100022276", "Glycan_Array_Version", "Protocol_Id", "Replicate_Number", "Result_Nature", "-1183338289", "-491792363", "Assay_Information", "Annotation", "-786589929", "1137989877", "-1069682899", "819836718") values (70, E'Primary Screen : primscreen_6336', E'Public', E'The purpose of this request is to study the structural determinants for host tropisms of canine influenza viruses by investigating glycan binding profiles of equine-origin canine influenza virus and mutants', E'cfg_rRequest_3003', E'PA_v52', E'Protocol Direct Binding', E'1', E'Data', E'04/25/2014', E'Xiu-Feng (Henry) Wan', E'Sample was tested at 10,000 HAU/ml in PBS + 1 mM EDTA and was AF488 labeled.', E'H3N8-HA N83', E'A/canine/Iowa/13628/2005(H3N8) wild type strain and mutants_3457', E'Download', E'Search Readout', E'Click This Link to Launch the New Flex-based Glycan Array Data Browser Tool');
insert into cfg_5_2.requestdata (id, title, "Request_ID", "Status", "Project_Description", "CFG_Member?", "Requester_First_Name", "Requester_Last_Name", "447911925", "1339104825", "Assigned_First_Name", "Assigned_Last_Name", "Requester_Email", "Requester_Interest", "Request_Date", "Institution", "Shipping_Address", "CFG_Core", "Resource_Type", "Amount_Requested", "-1475790216", "-643239159", "2039874986", "-1235327866", "GBP_being_Addressed", "5943919") values (70, E'cfg_rRequest_3003', E'cfg_rRequest_3003', E'Approved', E'The purpose of this request is to study the structural determinants for host tropisms of canine influenza viruses by investigating glycan binding profiles of equine-origin canine influenza virus and mutants', E'Yes subgroups :1 :Glycans in host-microbe interactions ,7 :Glycomics and glycoinformatics', E'Henry', E'Wan', E'Henry', E'Wan', E'Xiu-Feng (Henry)', E'Wan', E'wan@cvm.msstate.edu', E'This laboratory focuses in the host-pathogen interaction of influenza viruses and other zoonotic RNA viruses involved in respiratory diseases in human and animals', E'02/04/2014', E'Mississippi State University', E'R2219, Department of Basic Sciences, College of Veterinary Medicine, Mississippi State University, Mississippi State, MS', E'H', E'MicroArray', E'', E'04/30/2014', E'This project proposes to study the structural determinants for host tropisms of canine influenza viruses by investigating glycan binding profiles of equine-origin canine influenza virus and mutants.', E'Y', E'Henry Wan', E'Samples will be directly labeled with a fluorescent tag (Alexa488)', E'* 3. Identify the ligand(s) that mediate GBP binding * 5. Determine the structures of selected GBPs');
insert into "cfg_5_2".link (id, linkText, href, parentCell) values (438, E'SAMPLE View : A/canine/Iowa/13628/2005(H3N8) wild type strain and mutants_3457', E'http://www.functionalglycomics.org/glycomics/SampleServlet?pageType=view&templateKey=107&key=3457&rrid=cfg_rRequest_3003&operationType=view', 0);
insert into "cfg_5_2".experiment_link(experiment_id, link_id) values (70, 438);
insert into "cfg_5_2".link (id, linkText, href, parentCell) values (439, E'Xiu-Feng (Henry) Wan', E'http://www.cvm.msstate.edu/basic_sciences/faculty/wan_henry.html', 3);
insert into "cfg_5_2".experiment_link(experiment_id, link_id) values (70, 439);
insert into "cfg_5_2".link (id, linkText, href, parentCell) values (440, E' Glycan Array:3003', E'/glycomics/ResourceServlet?operation=viewById&resourceRequestId=cfg_rRequest_3003&View=View', 0);
insert into "cfg_5_2".experiment_link(experiment_id, link_id) values (70, 440);
insert into cfg_5_2.protocoldata (id, title, "Title", "Core", "Category", "Keyword", "Date__mm_dd_yyyy_", "Overview") values (70, E'Protocol : cfgPTC_243', E'Protocol Direct Binding', E'H', E'Lectin-Glycan Binding', E'Directly Labeled Samples', E'02/13/2009', E'Fluorescently labeled sample is diluted to an appropriate concentration in standard binding buffer (TSM, 1% BSA and 0.05% Tween 20). Seventy microliters is applied to the printed surface of the array, cover slip is applied, and incubated at room temperature in a humidified chamber away from light for one hour. The cover slip is removed and the slide is rinsed 4 times in standard TSM washing buffer containing 0.05% Tween, 4 times in TSM buffer without Tween, and 4 times in distilled water. ');
insert into "cfg_5_2".link (id, linkText, href, parentCell) values (441, E'Protocol Description (PDF)', E'http://www.functionalglycomics.org/glycomics/DFileServlet?operation=display&objType=protocol&protocolId=cfgPTC_243', null);
insert into "cfg_5_2".experiment_link(experiment_id, link_id) values (70, 441);
insert into "cfg_5_2".link (id, linkText, href, parentCell) values (442, E'<img src="/glycomics/common/images/presentation/array_inactive.jpg" alt="View Primary Screen Information" name="data_button_h_431" width="40" height="40" border="0" id="data_button_h_431">', E'http://www.functionalglycomics.org:80/glycomics/HServlet?operation=view&sideMenu=no&psId=primscreen_6336', 0);
insert into "cfg_5_2".experiment_link(experiment_id, link_id) values (70, 442);
insert into "cfg_5_2".link (id, linkText, href, parentCell) values (443, E'<img src="/glycomics/common/images/presentation/data_inactive.jpg" alt="Raw Data" name="dat_button_h_431" width="40" height="40" border="0" id="dat_button_h_431">', E'http://www.functionalglycomics.org:80/glycomics/HFileServlet?operation=downloadRawFile&fileType=DAT&sideMenu=no&objId=1006335', 1);
insert into "cfg_5_2".experiment_link(experiment_id, link_id) values (70, 443);
insert into "cfg_5_2".experiment (id, primscreen, sample_name, species, protein_family, investigator, request, date, sample_data_id, experiment_data_id, request_data_id, filename) values (70, '6336', E'H3N8-HA N83:H3N8-HA N83', E'Not Applicable', E'Not Applicable', E'Xiu-Feng (Henry) Wan', E'Glycan Array:3003', 'Dec 22, 14', 70, 70, 70, E'H3N8-HA_N83_16869_v5.2_DATA.xls');


insert into cfg_5_2.sampledata (id, title, "Sample_Name", "Organism_Cells", "-116683742", "1943838091", "-227934913", "443812426", "-1958838658", "69234834", "987326654", "114605882", "-1726439334") values (71, E'Sample Information : A/canine/Iowa/13628/2005(H3N8) wild type strain and mutants_3457', E'A/canine/Iowa/13628/2005(H3N8) wild type strain and mutants', E'Influenza A viruses', E'canine and laboratory generated', E'The seed virus A/canine/Iowa/13628/2005(H3N8) was isolated from canine.', E'These samples include one H3N8 canine influenza virus wild type reassortant (A/canine/Iowa/13628/2005(H3N8) (HA,NA)xPR8) and three H3N8 canine influenza virus mutants (A/canine/Iowa/13628/2005(H3N8) (HA-K54N,NA)xPR8 (H3N8); A/canine/Iowa/13628/2005(H3N8) (HA-S54N,NA)xPR8 (H3N8); A/canine/Iowa/13628/2005(H3N8) (HA-L222W,NA)xPR8 (H3N8)).', E'Host tropism of canine influenza viruses', E'Alexa488; each labeled virus has a titer over 10,000 HA units/mL', E'The wild type reassortant and mutants were generated in Dr. Wan\'\'s lab.', E'Unknown', E'Yang, G., S. Li, S. Blackmon, J. Ye, K. C. Bradley, J. Cooley, D. Smith, L. Hanson, C. Cardona, D. Steinhauer, R. Webby, M. Liao, and X.-F. Wan. 2013. Mutation tryptophan to leucine at the position 222 of hemagglutinin could facilitate H3N2 influenza A virus infection in dogs. Journal of General Virology, 12:2599-608.', E'HA assay');
insert into cfg_5_2.experimentdata (id, title, "Status", "Title", "-1100022276", "Glycan_Array_Version", "Protocol_Id", "Replicate_Number", "Result_Nature", "-1183338289", "-491792363", "Assay_Information", "Annotation", "-786589929", "1137989877", "-1069682899", "819836718") values (71, E'Primary Screen : primscreen_6335', E'Public', E'The purpose of this request is to study the structural determinants for host tropisms of canine influenza viruses by investigating glycan binding profiles of equine-origin canine influenza virus and mutants', E'cfg_rRequest_3003', E'PA_v52', E'Protocol Direct Binding', E'1', E'Data', E'04/25/2014', E'Xiu-Feng (Henry) Wan', E'Sample was tested at 10,000 HAU/ml in PBS + 1 mM EDTA and was AF488 labeled.', E'H3N8-HA N54', E'A/canine/Iowa/13628/2005(H3N8) wild type strain and mutants_3457', E'Download', E'Search Readout', E'Click This Link to Launch the New Flex-based Glycan Array Data Browser Tool');
insert into cfg_5_2.requestdata (id, title, "Request_ID", "Status", "Project_Description", "CFG_Member?", "Requester_First_Name", "Requester_Last_Name", "447911925", "1339104825", "Assigned_First_Name", "Assigned_Last_Name", "Requester_Email", "Requester_Interest", "Request_Date", "Institution", "Shipping_Address", "CFG_Core", "Resource_Type", "Amount_Requested", "-1475790216", "-643239159", "2039874986", "-1235327866", "GBP_being_Addressed", "5943919") values (71, E'cfg_rRequest_3003', E'cfg_rRequest_3003', E'Approved', E'The purpose of this request is to study the structural determinants for host tropisms of canine influenza viruses by investigating glycan binding profiles of equine-origin canine influenza virus and mutants', E'Yes subgroups :1 :Glycans in host-microbe interactions ,7 :Glycomics and glycoinformatics', E'Henry', E'Wan', E'Henry', E'Wan', E'Xiu-Feng (Henry)', E'Wan', E'wan@cvm.msstate.edu', E'This laboratory focuses in the host-pathogen interaction of influenza viruses and other zoonotic RNA viruses involved in respiratory diseases in human and animals', E'02/04/2014', E'Mississippi State University', E'R2219, Department of Basic Sciences, College of Veterinary Medicine, Mississippi State University, Mississippi State, MS', E'H', E'MicroArray', E'', E'04/30/2014', E'This project proposes to study the structural determinants for host tropisms of canine influenza viruses by investigating glycan binding profiles of equine-origin canine influenza virus and mutants.', E'Y', E'Henry Wan', E'Samples will be directly labeled with a fluorescent tag (Alexa488)', E'* 3. Identify the ligand(s) that mediate GBP binding * 5. Determine the structures of selected GBPs');
insert into "cfg_5_2".link (id, linkText, href, parentCell) values (444, E'SAMPLE View : A/canine/Iowa/13628/2005(H3N8) wild type strain and mutants_3457', E'http://www.functionalglycomics.org/glycomics/SampleServlet?pageType=view&templateKey=107&key=3457&rrid=cfg_rRequest_3003&operationType=view', 0);
insert into "cfg_5_2".experiment_link(experiment_id, link_id) values (71, 444);
insert into "cfg_5_2".link (id, linkText, href, parentCell) values (445, E'Xiu-Feng (Henry) Wan', E'http://www.cvm.msstate.edu/basic_sciences/faculty/wan_henry.html', 3);
insert into "cfg_5_2".experiment_link(experiment_id, link_id) values (71, 445);
insert into "cfg_5_2".link (id, linkText, href, parentCell) values (446, E' Glycan Array:3003', E'/glycomics/ResourceServlet?operation=viewById&resourceRequestId=cfg_rRequest_3003&View=View', 0);
insert into "cfg_5_2".experiment_link(experiment_id, link_id) values (71, 446);
insert into cfg_5_2.protocoldata (id, title, "Title", "Core", "Category", "Keyword", "Date__mm_dd_yyyy_", "Overview") values (71, E'Protocol : cfgPTC_243', E'Protocol Direct Binding', E'H', E'Lectin-Glycan Binding', E'Directly Labeled Samples', E'02/13/2009', E'Fluorescently labeled sample is diluted to an appropriate concentration in standard binding buffer (TSM, 1% BSA and 0.05% Tween 20). Seventy microliters is applied to the printed surface of the array, cover slip is applied, and incubated at room temperature in a humidified chamber away from light for one hour. The cover slip is removed and the slide is rinsed 4 times in standard TSM washing buffer containing 0.05% Tween, 4 times in TSM buffer without Tween, and 4 times in distilled water. ');
insert into "cfg_5_2".link (id, linkText, href, parentCell) values (447, E'Protocol Description (PDF)', E'http://www.functionalglycomics.org/glycomics/DFileServlet?operation=display&objType=protocol&protocolId=cfgPTC_243', null);
insert into "cfg_5_2".experiment_link(experiment_id, link_id) values (71, 447);
insert into "cfg_5_2".link (id, linkText, href, parentCell) values (448, E'<img src="/glycomics/common/images/presentation/array_inactive.jpg" alt="View Primary Screen Information" name="data_button_h_432" width="40" height="40" border="0" id="data_button_h_432">', E'http://www.functionalglycomics.org:80/glycomics/HServlet?operation=view&sideMenu=no&psId=primscreen_6335', 0);
insert into "cfg_5_2".experiment_link(experiment_id, link_id) values (71, 448);
insert into "cfg_5_2".link (id, linkText, href, parentCell) values (449, E'<img src="/glycomics/common/images/presentation/data_inactive.jpg" alt="Raw Data" name="dat_button_h_432" width="40" height="40" border="0" id="dat_button_h_432">', E'http://www.functionalglycomics.org:80/glycomics/HFileServlet?operation=downloadRawFile&fileType=DAT&sideMenu=no&objId=1006334', 1);
insert into "cfg_5_2".experiment_link(experiment_id, link_id) values (71, 449);
insert into "cfg_5_2".experiment (id, primscreen, sample_name, species, protein_family, investigator, request, date, sample_data_id, experiment_data_id, request_data_id, filename) values (71, '6335', E'H3N8-HA N54:H3N8-HA N54', E'Not Applicable', E'Not Applicable', E'Xiu-Feng (Henry) Wan', E'Glycan Array:3003', 'Dec 22, 14', 71, 71, 71, E'H3N8_HAN54_16868_v5.2_DATA.xls');


insert into cfg_5_2.sampledata (id, title, "Name", "Family", "Sub_Family", "1001016772", "Status", "Primary_Sequence") values (72, E'Glycan Binding Protein : cbp_3148', E'Epa22', E'C-Type Lectin', E'GPI anchored cell wall protein', E'06/28/2013', E'Not Finalized', E'MGSSHHHHHH SSGLVPRGSH MKRALSSQNP FGYPIGCSPQ STNVIPGLTM ELYSYPIVSG
TPPNCYDASY VDPEYPRTGY LKRKMIGKST GVTGSLNYKF SVEKACMVKY GNLPAGYNYN
EPLTVSNFTM LLYGYFKPQT SGIHTFFVNA DDLLYINFGA GNAFDCCKRE DSKFKLGEYV
AYDIWHVDSS KNKVSLNLEK DVYYPIRMFF NNIGKDSSLD LSFSVNGAVE HITDFSGYLY
SVPDQPDACP APIGYDTTCK');
insert into cfg_5_2.experimentdata (id, title, "Status", "Title", "-1100022276", "Glycan_Array_Version", "Protocol_Id", "Replicate_Number", "Result_Nature", "1505767802", "-1183338289", "-491792363", "Assay_Information", "Annotation", "1635439566", "1137989877", "-1069682899", "819836718") values (72, E'Primary Screen : primscreen_6325', E'Public', E'The purpose of this request is to analyze the binding specificity of the A domain from the epithelial adhesin Epa22 from Candida glabrata on the glycan array.', E'cfg_rRequest_3014', E'PA_v52', E'Protocol Direct Binding', E'1', E'Data', E'200 micrograms/ml', E'05/02/2014', E'Hans-Ulrich Mösch', E'Sample was diluted in standard binding buffer with 5 mM CaCl2 and was directly labeled with AlexaFluor488.', E'Epa22', E'Epa22', E'Download', E'Search Readout', E'Click This Link to Launch the New Flex-based Glycan Array Data Browser Tool');
insert into cfg_5_2.requestdata (id, title, "Request_ID", "Status", "Project_Description", "CFG_Member?", "Requester_First_Name", "Requester_Last_Name", "447911925", "1339104825", "Assigned_First_Name", "Assigned_Last_Name", "Requester_Email", "Request_Date", "Institution", "Comments", "CFG_Core", "Resource_Type", "Amount_Requested", "-643239159", "2039874986", "-1235327866", "GBP_being_Addressed", "5943919") values (72, E'cfg_rRequest_3014', E'cfg_rRequest_3014', E'Approved', E'The purpose of this request is to analyze the binding specificity of the A domain from the epithelial adhesin Epa22 from Candida glabrata on the glycan array.', E'No', E'Rike', E'Diderrich', E'Hans-Ulrich', E'Mösch', E'Hans-Ulrich', E'Mösch', E'diderrir@staff.uni-marburg.de', E'03/07/2014', E'Philipps Universität Marburg Biologie - molekulare Genetik Karl-von-Frisch-Straße 8 D-35043 Marburg', E'This project is in direct cooperation with Prof. Essen and Michael Kock (Philipps-Universität Marburg)', E'H', E'MicroArray', E'', E'Determine the binding specificity of the A domain from the epithelial adhesin Epa22 from Candida glabrata. The results would complete the understanding of ligand specificity mediated by the whole Epa family.', E'Y', E'David F. Smith', E'Samples will be labelled with Alexafluor488, according to standard Core H procedure.', E'* 1. Define the specificity and affinity for carbohydrate ligands * 2. Establish the cell types involved in communication * 3. Identify the ligand(s) that mediate GBP binding * 5. Determine the structures of selected GBPs');
insert into "cfg_5_2".link (id, linkText, href, parentCell) values (450, E'Epa22:Epa22', E'http://www.functionalglycomics.org:80/glycomics/GBPServlet?pageType=view&view=view&operationType=view&cbpId=cbp_3148&sideMenu=no', 0);
insert into "cfg_5_2".experiment_link(experiment_id, link_id) values (72, 450);
insert into "cfg_5_2".link (id, linkText, href, parentCell) values (451, E'PROTEIN View:cbp_3148', E'http://www.functionalglycomics.org:80/glycomics/GBPServlet?pageType=view&view=view&operationType=view&cbpId=cbp_3148&sideMenu=no', 0);
insert into "cfg_5_2".experiment_link(experiment_id, link_id) values (72, 451);
insert into "cfg_5_2".link (id, linkText, href, parentCell) values (452, E' Glycan Array:3014', E'/glycomics/ResourceServlet?operation=viewById&resourceRequestId=cfg_rRequest_3014&View=View', 0);
insert into "cfg_5_2".experiment_link(experiment_id, link_id) values (72, 452);
insert into cfg_5_2.protocoldata (id, title, "Title", "Core", "Category", "Keyword", "Date__mm_dd_yyyy_", "Overview") values (72, E'Protocol : cfgPTC_243', E'Protocol Direct Binding', E'H', E'Lectin-Glycan Binding', E'Directly Labeled Samples', E'02/13/2009', E'Fluorescently labeled sample is diluted to an appropriate concentration in standard binding buffer (TSM, 1% BSA and 0.05% Tween 20). Seventy microliters is applied to the printed surface of the array, cover slip is applied, and incubated at room temperature in a humidified chamber away from light for one hour. The cover slip is removed and the slide is rinsed 4 times in standard TSM washing buffer containing 0.05% Tween, 4 times in TSM buffer without Tween, and 4 times in distilled water. ');
insert into "cfg_5_2".link (id, linkText, href, parentCell) values (453, E'Protocol Description (PDF)', E'http://www.functionalglycomics.org/glycomics/DFileServlet?operation=display&objType=protocol&protocolId=cfgPTC_243', null);
insert into "cfg_5_2".experiment_link(experiment_id, link_id) values (72, 453);
insert into "cfg_5_2".link (id, linkText, href, parentCell) values (454, E'<img src="/glycomics/common/images/presentation/array_inactive.jpg" alt="View Primary Screen Information" name="data_button_h_437" width="40" height="40" border="0" id="data_button_h_437">', E'http://www.functionalglycomics.org:80/glycomics/HServlet?operation=view&sideMenu=no&psId=primscreen_6325', 0);
insert into "cfg_5_2".experiment_link(experiment_id, link_id) values (72, 454);
insert into "cfg_5_2".link (id, linkText, href, parentCell) values (455, E'<img src="/glycomics/common/images/presentation/data_inactive.jpg" alt="Raw Data" name="dat_button_h_437" width="40" height="40" border="0" id="dat_button_h_437">', E'http://www.functionalglycomics.org:80/glycomics/HFileServlet?operation=downloadRawFile&fileType=DAT&sideMenu=no&objId=1006324', 1);
insert into "cfg_5_2".experiment_link(experiment_id, link_id) values (72, 455);
insert into "cfg_5_2".experiment (id, primscreen, sample_name, species, protein_family, investigator, request, date, sample_data_id, experiment_data_id, request_data_id, filename) values (72, '6325', E'Epa22:Epa22', E'Other', E'C-Type Lectin', E'Hans-Ulrich Mösch', E'Glycan Array:3014', 'Dec 22, 14', 72, 72, 72, E'Epa22_16876_v5.2_DATA.xls');


insert into cfg_5_2.sampledata (id, title, "Name", "Complete_Name", "Family", "Sub_Family", "Spec_Sci_Name", "Estimated_purity", "Mutation_Chimera", "1001016772", "Status", "Primary_Sequence", "Comments", "-436221455", "Gen_Bank") values (73, E'Glycan Binding Protein : cbp_3261', E'ClecSol- Fc', E'Cryptosporidium C-type lectin and MLD containing protein soluble construct fused to mouse IgG Fc', E'C-Type Lectin', E'Unknown', E'Cryptosporidium parvum', E'Contaminants very low', E'Mouse IgG Fc fusion protein', E'02/10/2014', E'Not Finalized', E'cpegwisnge ktrcfklvtf drprtfshgf kacndlggte vetrrrngsk etneypvtla
svyklsdeea irrtlveqgd ihktangcfv glrkyaffry ppgwywidsg spvsvrdsei
nwtssynasw llrfkfpfek cgffdigglg rrpcwlidse lscavcgtva ydsgglnpnk
yselikqtde iiskepkldl pgynnlnctd awennlsvgl cqnvsnilds awssyqssln
fpsinfnwke dstneggdqv yhnsyldlpr ykqkktfywd qdpgtipals demkliglsa
qptyhpldrs ssgsfesdst esgraneern dtleemiykq ssdsiedilv pvtkpifsdy
ssigrnsgve evyssnvsti sskgvvfpnt ttssdndftk nnpansskht ststttnttt
tttrtttttt tttttttttt ttttettttk ksttatkntt tt', E'To confirm sample activity, we will perform another of binding assays on live cells in vitro, including IFA and ELISA.', E'HEK293T cells. No literature reference for preparation. No evidence of carbohydrate binding activity other than in silico analysis (Bhalchandra et al. 2013
Infection and Immunity)', E'GenBank:AGK83635.1');
insert into cfg_5_2.experimentdata (id, title, "Status", "Title", "-1100022276", "Glycan_Array_Version", "Protocol_Id", "Replicate_Number", "Result_Nature", "1505767802", "-1183338289", "-491792363", "Assay_Information", "Annotation", "1635439566", "1137989877") values (73, E'Primary Screen : primscreen_6322', E'Public', E'The purpose of this request is to determine whether my HEK293T-expressed mouse IgG2a Fc-tagged construct containing the C-type lectin-like and mucin-like domains of Cryptosporidium parvum \u0093Clec\u0094 binds to glycans present on the mammalian cell glycan array.', E'cfg_rRequest_2996', E'PA_v52', E'Protocol Tagged/Fusion samples', E'1', E'Data', E'135 micrograms/ml', E'05/16/2014', E'Honorine Ward', E'Sample was diluted with 10% BSA (final 1%) + 1 mM MnCl, and detected with Alexa488-labeled anti-mouse IgG.', E'ClecSol', E'ClecSol- Fc', E'Download');
insert into cfg_5_2.requestdata (id, title, "Request_ID", "Status", "Project_Description", "CFG_Member?", "Requester_First_Name", "Requester_Last_Name", "447911925", "1339104825", "Assigned_First_Name", "Assigned_Last_Name", "Requester_Email", "Requester_Interest", "Request_Date", "Institution", "Comments", "CFG_Core", "Resource_Type", "Amount_Requested", "-1475790216", "-643239159", "2039874986", "-1235327866", "GBP_being_Addressed", "5943919") values (73, E'cfg_rRequest_2996', E'cfg_rRequest_2996', E'Approved', E'The purpose of this request is to determine whether my HEK293T-expressed mouse IgG2a Fc-tagged construct containing the C-type lectin-like and mucin-like domains of Cryptosporidium parvum \u0093Clec\u0094 binds to glycans present on the mammalian cell glycan array.', E'Yes subgroups :2 :Glycans in immune recognition and function ,1 :Glycans in host-microbe interactions ,6 :Glycan synthesis and microarrays ,7 :Glycomics and glycoinformatics ,5 :Structural glycobiology', E'Jacob', E'Ludington', E'Honorine', E'Ward', E'Honorine', E'Ward', E'Jacob.ludington@tufts.edu', E'This laboratory is investigating mucin-like glycoproteins and a glycan-binding protein of Cryptosporidium (a parasite that causes diarrheal disease in humans particularly in immunocompreomised hosts such as AIDS patients) that binds to GalNAc residues present on host intestinal epithelial cells and also to GalNAc residues on the mucin glycoproteins which mediate attachment of the parasite to host cells', E'01/17/2014', E'Tufts Medical Center Division of Geographic Medicine and Infectious Disease', E'The Ward lab conducts research on Cryptosporidium, a major cause of diarrheal disease worldwide, especially in immunocompromised individuals such as AIDS patients and malnourished children in developing countries. My work focuses on characterizing a novel Cryptosporidium C-type lectin domain-containing mucin-like glycoprotein, Clec, and elucidating its host cell binding interactions. C-type lectins have been well characterized in organisms ranging from humans to bacteria, but have never been identified in Apicomplexan parasites. In relation to your core, I hope to determine whether the C-type lectin domain of Cryptosporidium parvum binds glycans similar to typical C-type lectins.', E'H', E'MicroArray', E'', E'01/22/2014', E'The purpose of this request is to determine whether my HEK293T-expressed mouse IgG2a Fc-tagged construct containing the C-type lectin-like and mucin-like domains of Cryptosporidium parvum “Clec” binds to glycans present on your glycan array. In relation to specific aims 1 and 3, it is important to determine 1) whether the C-type lectin-like domain is functional, 2) whether it behaves like traditional C-type lectins and binds glycans 3) what glycans it binds to if it does behave like traditional C-type lectins and 4) what ligands contain these glycans. The results of this screen will allow us to proceed with the project in a more focused direction.', E'Y', E'David Smith', E'The "Clecsol" GBP contains a mouse IgG 2a Fc tag, and a goat anti-mouse IgG Alexa 488 antibody will be sent with the GBP for detection. The protein was expressed in HEK293T cells and purified by protein G affinity chromatography. The only indication that Clecsol binds glycans is via in silico tertiary structure and ligand-binding modeling.', E'* 1. Define the specificity and affinity for carbohydrate ligands * 3. Identify the ligand(s) that mediate GBP binding');
insert into "cfg_5_2".link (id, linkText, href, parentCell) values (456, E'ClecSol- Fc:ClecSol', E'http://www.functionalglycomics.org:80/glycomics/GBPServlet?pageType=view&view=view&operationType=view&cbpId=cbp_3261&sideMenu=no', 0);
insert into "cfg_5_2".experiment_link(experiment_id, link_id) values (73, 456);
insert into "cfg_5_2".link (id, linkText, href, parentCell) values (457, E'PROTEIN View:cbp_3261', E'http://www.functionalglycomics.org:80/glycomics/GBPServlet?pageType=view&view=view&operationType=view&cbpId=cbp_3261&sideMenu=no', 0);
insert into "cfg_5_2".experiment_link(experiment_id, link_id) values (73, 457);
insert into "cfg_5_2".link (id, linkText, href, parentCell) values (458, E'Honorine Ward', E'http://www.tufts.edu/sackler/immunology/ward/index.html', 3);
insert into "cfg_5_2".experiment_link(experiment_id, link_id) values (73, 458);
insert into "cfg_5_2".link (id, linkText, href, parentCell) values (459, E' Glycan Array:2996', E'/glycomics/ResourceServlet?operation=viewById&resourceRequestId=cfg_rRequest_2996&View=View', 0);
insert into "cfg_5_2".experiment_link(experiment_id, link_id) values (73, 459);
insert into cfg_5_2.protocoldata (id, title, "Title", "Core", "Category", "Keyword", "Date__mm_dd_yyyy_", "Overview") values (73, E'Protocol : cfgPTC_246', E'Protocol Tagged/Fusion samples', E'H', E'Lectin-Glycan Binding', E'Tagged/Fusion samples', E'02/13/2009', E'Tagged/fusion sample is diluted to an appropriate concentration in standard binding buffer (TSM, 1% BSA and 0.05% Tween 20). Seventy microliters is applied to the printed surface of the array, cover slip is applied, and incubated at room temperature in a humidified chamber away from light for one hour. The cover slip is removed and the slide is rinsed 4 times in standard TSM washing buffer containing 0.05% Tween and 4 times in TSM buffer without Tween. Seventy microliters of fluorescently labeled antibody to the tag/fusion protein diluted in TSM buffer is applied for one hour in a humidified chamber away from light as described. Washes are performed as above, followed by 4 washes in distilled water. 
');
insert into "cfg_5_2".link (id, linkText, href, parentCell) values (460, E'Protocol Description (PDF)', E'http://www.functionalglycomics.org/glycomics/DFileServlet?operation=display&objType=protocol&protocolId=cfgPTC_246', null);
insert into "cfg_5_2".experiment_link(experiment_id, link_id) values (73, 460);
insert into "cfg_5_2".link (id, linkText, href, parentCell) values (461, E'<img src="/glycomics/common/images/presentation/array_inactive.jpg" alt="View Primary Screen Information" name="data_button_h_440" width="40" height="40" border="0" id="data_button_h_440">', E'http://www.functionalglycomics.org:80/glycomics/HServlet?operation=view&sideMenu=no&psId=primscreen_6322', 0);
insert into "cfg_5_2".experiment_link(experiment_id, link_id) values (73, 461);
insert into "cfg_5_2".link (id, linkText, href, parentCell) values (462, E'<img src="/glycomics/common/images/presentation/data_inactive.jpg" alt="Raw Data" name="dat_button_h_440" width="40" height="40" border="0" id="dat_button_h_440">', E'http://www.functionalglycomics.org:80/glycomics/HFileServlet?operation=downloadRawFile&fileType=DAT&sideMenu=no&objId=1006321', 1);
insert into "cfg_5_2".experiment_link(experiment_id, link_id) values (73, 462);
insert into "cfg_5_2".experiment (id, primscreen, sample_name, species, protein_family, investigator, request, date, sample_data_id, experiment_data_id, request_data_id, filename) values (73, '6322', E'ClecSol- Fc:ClecSol', E'Other', E'C-Type Lectin', E'Honorine Ward', E'Glycan Array:2996', 'Dec 22, 14', 73, 73, 73, E'ClecSol-Fc_16909_v5.2_RESULTS.xls');


